{"type":"footer","name":"Footer","sections":{"footer":{"type":"footer","blocks":{"93571032-b171-4c66-8b3e-96cd91946363":{"type":"our_store","settings":{"logo_icon":"shopify:\/\/shop_images\/rajaeen_logo_S_black.png","title":"Our Store","description_about":"<p>Rajaeen was established to help provide jobs for Palestinian Refugees, especially Palestinian Women, with endless patterns and stories to tell. By selling products embodying the true art of Palestinian Heritage and celebrating the old traditions by spreading pieces of this lost art throughout the world.<\/p>","show_email":false,"show_phone":false,"show_socials_link":false,"width":"33%","order_first":true,"open_default":true}},"spacing_4d6agY":{"type":"spacing","settings":{"width":"16%"}},"7ebc2f78-975b-4a81-b874-103c3355a866":{"type":"menu","settings":{"menu":"footer","title":"Our Policy","width":"25%","order_first":false,"open_default":false}},"49e72833-c68f-4a7b-ab64-3ef0cae99bcb":{"type":"menu","settings":{"menu":"footer-menu-two","title":"Important Links","width":"25%","order_first":false,"open_default":false}},"7b0bf4c6-3873-4222-b8d6-ce009e710078":{"type":"newsletter","settings":{"title":"Let’s get in touch","description":"Sign up for our newsletter","email_placeholder":"Enter your email","show_icon_input":true,"button_label":"","button_position":"inline","button_style":"m-button--blank","form_style":"minimal","show_social":false,"show_agree_checkbox":true,"width":"50%","order_first":true,"open_default":true}}},"block_order":["93571032-b171-4c66-8b3e-96cd91946363","spacing_4d6agY","7ebc2f78-975b-4a81-b874-103c3355a866","49e72833-c68f-4a7b-ab64-3ef0cae99bcb","7b0bf4c6-3873-4222-b8d6-ce009e710078"],"custom_css":[".m-footer--block-spacing {width: 10%;}",".m-newsletter-form {margin-top: 24px;}",".m-footer--block-newsletter .m-footer--block-title {font-weight: 400; font-size: 25px;}","@media (min-width: 1280px) {.m-footer--block-newsletter .m-footer--block-title {font-size: 36px; margin-bottom: 12px; } .m-footer__copyright, .m-footer--bottom-menu {font-size: 14px; }}"],"settings":{"color_scheme":"","design":"footer-3","container":"container-fluid","bordered":false,"copyright":"© RAJAEEN 2024","show_country_selector":false,"show_currency_selector":false,"show_language_selector":false,"show_social_links":true,"enable_follow_on_shop":false,"show_payment_icons":true,"payment_icons_width":300,"footer_bottom_color_scheme":"","footer_bottom_menu":"","show_menu_item_divider":false}},"mobile-sticky-bar":{"type":"mobile-sticky-bar","settings":{"show_mobile_sticky":true,"show_home_icon":true,"show_collection_icon":true,"show_cart_icon":true,"show_search_icon":true,"show_account_icon":false,"show_wishlist_icon":false}},"age-verifier-popup":{"type":"age-verifier-popup","blocks":{"block-1":{"type":"heading","settings":{"heading":"Confirm your age"}},"block-2":{"type":"text","settings":{"text":"<p>Are you 18 years old or older?<\/p>"}},"block-3":{"type":"buttons","settings":{"decline_button":"No, I'm not","approve_button":"Yes, I am"}}},"block_order":["block-1","block-2","block-3"],"settings":{"design_mode":false,"enable":false,"bg_blur":true,"decline_heading":"Come back when you're older","decline_content":"<p>Sorry, the content of this store can't be seen by a younger audience. Come back when you're older.<\/p>","return_button":"Oops, I entered incorrectly"}}},"order":["footer","mobile-sticky-bar","age-verifier-popup"]}