{"type":"header","name":"Header","sections":{"annoucement":{"type":"annoucement","blocks":{"item_dGj4GU":{"type":"item","settings":{"message":"Free Shipping on All U.S. Orders Over $70","message_link":"shopify:\/\/collections\/all"}},"item_6Ycmkw":{"type":"item","settings":{"message":"Contact Us with any questions or suggestions. +1 415-867-2156","message_link":"shopify:\/\/pages\/contact-us"}}},"block_order":["item_dGj4GU","item_6Ycmkw"],"custom_css":[".m-announcement-bar__container {--container-width: 600px;}"],"settings":{"container":"container","color_scheme":"dark","show_announcement":true,"homepage_only":true,"show_close":true,"show_divider":false,"show_nav":true,"autorotate":true,"autorotate_speed":3}},"header":{"type":"header","blocks":{"5e153016-a9d7-46c9-a10e-30d16446793d":{"type":"topbar","disabled":true,"settings":{"color_scheme":"","show_divider":true,"transparent_on_top":false,"show_phone_numb":false,"show_email":false,"show_social_links":true,"show_stores_page":false,"show_currency_switcher":false,"show_country_selector":true,"show_language_switcher":true,"alert_message":"<span>Open Doors To A World Of Fashion  |  <a class=\"m-link-underline\" href=\"\/collections\/all\">Discover More<\/a><span><\/span><\/span>"}},"collection_list_MiWHiA":{"type":"collection-list","settings":{"heading":"Designed by Palestinian","container":"w-full","showcount":false,"enable_all_coll":true,"collection_0":"digital-art","title_0":"All Collections","collection_1":"yarah-faqeeh","title_1":"","image_1":"shopify:\/\/shop_images\/yarah-faqeeh.jpg","collection_2":"sara-allahalih","title_2":"","collection_3":"mahasen-khateeb","title_3":"","image_3":"shopify:\/\/shop_images\/mahasin.jpg","collection_4":"dua-omari","title_4":"","collection_5":"dania-omari","title_5":"","collection_6":"alaa-khader","title_6":"","image_6":"shopify:\/\/shop_images\/ala.jpg","collection_7":"abdallah-tafesh-gaza","title_7":"Abdallah Tafesh","image_7":"shopify:\/\/shop_images\/Abdullah.jpg","collection_8":"sara-awashra","title_8":"Sara Awashra","collection_9":"farah-aabed","title_9":"","image_9":"shopify:\/\/shop_images\/Farah-Aabed.jpg","collection_10":"dania-alsaqqa","title_10":"","image_10":"shopify:\/\/shop_images\/Dania-Alsaqqa.jpg","collection_11":"","title_11":"","collection_12":"","title_12":""}},"collection_list_gRT8mn":{"type":"collection-list","settings":{"heading":"Products","container":"w-full","showcount":false,"enable_all_coll":false,"collection_0":"","title_0":"","collection_1":"all","title_1":"All Collections","image_1":"shopify:\/\/shop_images\/collections.jpg","collection_2":"best-sellers","title_2":"Best Sellers","image_2":"shopify:\/\/shop_images\/best_sellers.png","collection_3":"new-arrivals","title_3":"New Arrivals","image_3":"shopify:\/\/shop_images\/new_arrivals.png","collection_4":"keffiyehs","title_4":"","image_4":"shopify:\/\/shop_images\/KEFFIYEHS.png","collection_5":"astonishing-palestinian-tatreez","title_5":"Bookmarks","image_5":"shopify:\/\/shop_images\/BOOKMARKS.png","collection_6":"palestinian-remarkable-embroidry","title_6":"","image_6":"shopify:\/\/shop_images\/EMBROIDERY.jpg","collection_7":"palestine-jewelry-collection","title_7":"","image_7":"shopify:\/\/shop_images\/JEWELRY.png","collection_8":"throw-pillows-covers","title_8":"","image_8":"shopify:\/\/shop_images\/PILLOW_COVERS.jpg","collection_9":"unique-handmade-jewelry","title_9":"","image_9":"shopify:\/\/shop_images\/UNIQUE_HANDMADE_JEWELRY.jpg","collection_10":"books","title_10":"Palestinian Authors","image_10":"shopify:\/\/shop_images\/Palestinian_Authors.jpg","collection_11":"digital-art","title_11":"Digital Art","image_11":"shopify:\/\/shop_images\/digital_art.jpg","collection_12":"","title_12":""}}},"block_order":["5e153016-a9d7-46c9-a10e-30d16446793d","collection_list_MiWHiA","collection_list_gRT8mn"],"custom_css":[".m-topbar a[href*=\"facebook\"] {order: 2;}",".social-media-links {column-gap: 30px;}"],"settings":{"color_scheme":"","color_scheme_menu":"dark","header_design":"logo-left-menu-center","container":"container-fluid","sticky_header":"on_scroll_up","transparent_on_top":true,"transparent_text_color":"#ffffff","logo_text":"RAJAEEN","logo":"shopify:\/\/shop_images\/rajaeen_logo_S_black.png","logo_mobile":"shopify:\/\/shop_images\/rajaeen_logo_black_70_x_70_small_519e4cac-b4e0-40f0-b407-08e6e71e68d0.png","logo_transparent":"shopify:\/\/shop_images\/rajaeen_logo_white.png","logo_svg":"","logo_mobile_svg":"","logo_transparent_svg":"","logo_max_width":145,"sticky_logo_max_width":145,"mobile_logo_max_width":110,"main_menu":"main-menu","secondary_menu":"","mobile_menu":"","uppercase_parent_level":false,"show_menu_column_divider":true,"search":"show_icon","show_account_icon":true,"show_cart_icon":true,"show_wishlist_icon":true,"show_compare_icon":true,"show_currency_switcher":false,"show_country_selector":false,"show_language_switcher":false,"mb_show_currency_switcher":false,"mb_show_country_selector":true,"mb_show_language_switcher":true}}},"order":["annoucement","header"]}