{"sections":{"product_tabs_hRKLeK":{"type":"product-tabs","blocks":{"tab_JPzx4U":{"type":"tab","disabled":true,"settings":{"title":"{{ block.settings.collection.title }}","collection":"mahasen-khateeb"}}},"block_order":["tab_JPzx4U"],"disabled":true,"settings":{"heading":"Products Designed by Yarah","heading_size":"h3","subheading":"Support Yarah and other Palestinian Artist today","description":"Yarah receives $10 for each item sold from her collection","header_alignment":"center","container":"w-full","color_scheme":"","tab_header":"horizontal","limit":4,"show_button":true,"button_type":"link","button_label":"View all","button_style":"m-button--primary","button_size":"","pcard_layout":"","pcard_image_ratio":"","show_vendor":false,"items_per_row":4,"item_gap":30,"enable_slider":false,"show_navigation":true,"show_pagination":false,"mobile_disable_slider":false,"use_scroll_mobile":true,"item_gap_mobile":16,"padding_top":0,"padding_bottom":0,"custom_class":"","animations":"inherit"}},"main":{"type":"article","blocks":{"collection_block_K6eaqg":{"type":"collection_block","settings":{"article_select":"palestinian-heritage\/keffiyeh-day","collection":"keffiyehs","show_title":true,"heading":"Products from the Keffiyehs Collection","product_to_show":8,"items_per_row":2,"item_gap":10,"pcard_layout":"","pcard_image_ratio":"","show_vendor":false,"hide_title":false,"enable_slider":false,"show_pagination":false,"show_navigation":false,"show_button_on_header":false,"button_type":"link","button_text":"Shop more","button_style":"m-button--primary","button_size":"m-button--small","infinite_load":false,"max_page_load":3,"mobile_disable_slider":false,"use_scroll_mobile":false,"item_gap_mobile":16,"padding_top":0,"padding_bottom":40,"custom_class":"","animations":"inherit"}},"50469c40-b191-4cca-ac7c-6a6cd0c7b8b4":{"type":"categories","settings":{"title":"Categories","list_blog":""}},"bb3e6ad7-c917-47d9-9bce-5edf5ff286f6":{"type":"recent_post","settings":{"title":"Recent Post","sidebar_recent_blog_name":"mix-and-match","sidebar_recent_blog_count":"3","blog_show_tags":true,"blog_show_author":false,"blog_show_date":false,"show_excerpt":false,"truncate_excerpt":false,"truncate":"15","truncate_last_symbols":"..."}},"36be080e-5b28-4b62-b5a9-478c96b656e7":{"type":"tags","settings":{"title":"Tags"}},"dcb13e8f-be87-42ed-b4b9-65da316b09a1":{"type":"instagram","disabled":true,"settings":{"title":"Instagram","images_count":6}},"collection_block_FLXTCn":{"type":"collection_block","settings":{"article_select":"palestinian-artists\/palestinian-artist-yara-faqeeh","collection":"yarah-faqeeh","show_title":true,"heading":"Products from Yara Faqeeh","product_to_show":8,"items_per_row":2,"item_gap":10,"pcard_layout":"","pcard_image_ratio":"","show_vendor":false,"hide_title":false,"enable_slider":false,"show_pagination":false,"show_navigation":false,"show_button_on_header":false,"button_type":"link","button_text":"Shop more","button_style":"m-button--primary","button_size":"m-button--small","infinite_load":false,"max_page_load":3,"mobile_disable_slider":false,"use_scroll_mobile":true,"item_gap_mobile":16,"padding_top":0,"padding_bottom":40,"custom_class":"","animations":"inherit"}},"collection_block_t4Wak7":{"type":"collection_block","settings":{"article_select":"palestinian-artists\/sara-allahalih","collection":"sara-allahalih","show_title":true,"heading":"Products from Sara Allahalih","product_to_show":8,"items_per_row":2,"item_gap":30,"pcard_layout":"","pcard_image_ratio":"","show_vendor":false,"hide_title":false,"enable_slider":false,"show_pagination":false,"show_navigation":false,"show_button_on_header":false,"button_type":"link","button_text":"Shop more","button_style":"m-button--primary","button_size":"","infinite_load":false,"max_page_load":3,"mobile_disable_slider":false,"use_scroll_mobile":true,"item_gap_mobile":16,"padding_top":0,"padding_bottom":40,"custom_class":"","animations":"inherit"}},"collection_block_KzpPGR":{"type":"collection_block","settings":{"article_select":"palestinian-artists\/mahasen-al-khatib","collection":"mahasen-khateeb","show_title":true,"heading":"Products from Mahasen Khateeb","product_to_show":8,"items_per_row":4,"item_gap":30,"pcard_layout":"","pcard_image_ratio":"","show_vendor":false,"hide_title":false,"enable_slider":false,"show_pagination":false,"show_navigation":false,"show_button_on_header":false,"button_type":"link","button_text":"Shop more","button_style":"m-button--primary","button_size":"","infinite_load":false,"max_page_load":3,"mobile_disable_slider":false,"use_scroll_mobile":true,"item_gap_mobile":16,"padding_top":0,"padding_bottom":40,"custom_class":"","animations":"inherit"}},"collection_block_9bVE3T":{"type":"collection_block","settings":{"article_select":"palestinian-artists\/dua-omari","collection":"dua-omari","show_title":true,"heading":"Products from Dua Omari","product_to_show":8,"items_per_row":2,"item_gap":30,"pcard_layout":"","pcard_image_ratio":"","show_vendor":false,"hide_title":false,"enable_slider":false,"show_pagination":false,"show_navigation":false,"show_button_on_header":false,"button_type":"link","button_text":"Shop more","button_style":"m-button--primary","button_size":"","infinite_load":false,"max_page_load":3,"mobile_disable_slider":false,"use_scroll_mobile":true,"item_gap_mobile":16,"padding_top":0,"padding_bottom":40,"custom_class":"","animations":"inherit"}},"collection_block_FA9qLM":{"type":"collection_block","settings":{"article_select":"palestinian-artists\/dania-omari","collection":"dania-omari","show_title":true,"heading":"Products from Dania Omari","product_to_show":8,"items_per_row":2,"item_gap":30,"pcard_layout":"","pcard_image_ratio":"","show_vendor":false,"hide_title":false,"enable_slider":false,"show_pagination":false,"show_navigation":false,"show_button_on_header":false,"button_type":"link","button_text":"Shop more","button_style":"m-button--primary","button_size":"","infinite_load":false,"max_page_load":3,"mobile_disable_slider":false,"use_scroll_mobile":true,"item_gap_mobile":16,"padding_top":0,"padding_bottom":40,"custom_class":"","animations":"inherit"}},"collection_block_DMU9Cx":{"type":"collection_block","settings":{"article_select":"palestinian-artists\/ala-a-khader","collection":"alaa-khader","show_title":true,"heading":"Products from Ala’a Khader","product_to_show":8,"items_per_row":2,"item_gap":30,"pcard_layout":"","pcard_image_ratio":"","show_vendor":false,"hide_title":false,"enable_slider":false,"show_pagination":false,"show_navigation":false,"show_button_on_header":false,"button_type":"link","button_text":"Shop more","button_style":"m-button--primary","button_size":"","infinite_load":false,"max_page_load":3,"mobile_disable_slider":false,"use_scroll_mobile":true,"item_gap_mobile":16,"padding_top":0,"padding_bottom":40,"custom_class":"","animations":"inherit"}},"collection_block_7eBKHC":{"type":"collection_block","settings":{"article_select":"palestinian-artists\/abdallah-tafesh-gaza","collection":"abdallah-tafesh-gaza","show_title":true,"heading":"Products from Abdallah Tafesh","product_to_show":8,"items_per_row":2,"item_gap":30,"pcard_layout":"","pcard_image_ratio":"","show_vendor":false,"hide_title":false,"enable_slider":false,"show_pagination":false,"show_navigation":false,"show_button_on_header":false,"button_type":"link","button_text":"Shop more","button_style":"m-button--primary","button_size":"","infinite_load":false,"max_page_load":3,"mobile_disable_slider":false,"use_scroll_mobile":true,"item_gap_mobile":16,"padding_top":0,"padding_bottom":40,"custom_class":"","animations":"inherit"}},"collection_block_nJE47W":{"type":"collection_block","settings":{"article_select":"palestinian-artists\/sara-awashra-ramallah-palestine","collection":"sara-awashra","show_title":true,"heading":"Products from Sara Awashra","product_to_show":8,"items_per_row":2,"item_gap":30,"pcard_layout":"","pcard_image_ratio":"","show_vendor":false,"hide_title":false,"enable_slider":false,"show_pagination":false,"show_navigation":false,"show_button_on_header":false,"button_type":"link","button_text":"Shop more","button_style":"m-button--primary","button_size":"","infinite_load":false,"max_page_load":3,"mobile_disable_slider":false,"use_scroll_mobile":true,"item_gap_mobile":16,"padding_top":0,"padding_bottom":40,"custom_class":"","animations":"inherit"}},"collection_block_9FKkRH":{"type":"collection_block","settings":{"article_select":"palestinian-artists\/farah-abed-gaza","collection":"farah-aabed","show_title":true,"heading":"Products from Farah Aabed","product_to_show":8,"items_per_row":2,"item_gap":30,"pcard_layout":"","pcard_image_ratio":"","show_vendor":false,"hide_title":false,"enable_slider":false,"show_pagination":false,"show_navigation":false,"show_button_on_header":false,"button_type":"link","button_text":"Shop more","button_style":"m-button--primary","button_size":"","infinite_load":false,"max_page_load":3,"mobile_disable_slider":false,"use_scroll_mobile":true,"item_gap_mobile":16,"padding_top":0,"padding_bottom":40,"custom_class":"","animations":"inherit"}},"collection_block_NNcpA8":{"type":"collection_block","settings":{"article_select":"palestinian-artists\/dania-alsaqqa-gaza","collection":"dania-alsaqqa","show_title":true,"heading":"Products from Dania Alsaqqa","product_to_show":8,"items_per_row":2,"item_gap":30,"pcard_layout":"","pcard_image_ratio":"","show_vendor":false,"hide_title":false,"enable_slider":false,"show_pagination":false,"show_navigation":false,"show_button_on_header":false,"button_type":"link","button_text":"Shop more","button_style":"m-button--primary","button_size":"","infinite_load":false,"max_page_load":3,"mobile_disable_slider":false,"use_scroll_mobile":true,"item_gap_mobile":16,"padding_top":0,"padding_bottom":40,"custom_class":"","animations":"inherit"}}},"block_order":["collection_block_K6eaqg","50469c40-b191-4cca-ac7c-6a6cd0c7b8b4","bb3e6ad7-c917-47d9-9bce-5edf5ff286f6","36be080e-5b28-4b62-b5a9-478c96b656e7","dcb13e8f-be87-42ed-b4b9-65da316b09a1","collection_block_FLXTCn","collection_block_t4Wak7","collection_block_KzpPGR","collection_block_9bVE3T","collection_block_FA9qLM","collection_block_DMU9Cx","collection_block_7eBKHC","collection_block_nJE47W","collection_block_9FKkRH","collection_block_NNcpA8"],"custom_css":["button.m-product-form {font-size: 10px; padding: 0; margin: 0; line-height: 20px;}",".m-product-card__action.m-product-card__action--top.m-product-card__addons {display: none;}"],"settings":{"container":"container","sidebar_show":true,"sidebar_position":"right_column","design":"layout1","blog_show_breadcrumb":false,"blog_show_author":true,"blog_show_date":true,"blog_show_tags":true,"blog_show_social":true,"blog_show_comment":true,"show_related_articles":true,"article_align_content":"text-left","article_show_tags":false,"article_show_date":false,"article_show_excerpt":false,"article_show_button":false}}},"order":["product_tabs_hRKLeK","main"]}