{"sections":{"collection-header":{"type":"collection-page-header","settings":{"color_scheme":"dark","container":"container-fluid","layout":"inside","image_position":"background","enable_parallax":false,"parallax_direction":"vertical","text_alignment":"center","text_color":"inherit","upper_title":false,"show_desc":true,"collection_all_desc":"","padding_top":30,"padding_bottom":64,"enable_bg_zoom_effect":true}},"main":{"type":"main-collection-product-grid","blocks":{"filter_tREaVe":{"type":"filter","settings":{"design_filtergroup":"default","title":"Size","filtergroup":"XS,S,M,L,XL","show_label":true,"use_accordion":true,"open_filtergroup":true}},"filter_w8hNCg":{"type":"filter","settings":{"design_filtergroup":"color","title":"Color","filtergroup":"red, yellow, black,\nblack band,\nblue,\ngreen,\npurple,\nsilver,\nwhite,\nbrown,\nlight brown,\ndark turquoise,\norange,\ntan,\nviolet,\npink,\ngrey,\nsky,\npale leaf,\nlight blue,\ndark grey,\nbeige,\nbeige band,\ndark blue,\ncream,\nlight pink,\nmint,\ndark gray,\nrosy brown,\nlight gre,\ncopper,\nrose gold,\nnight blue,\ncoral,\nlight purple,\nivy green,\nsand,\npale grey,\nlead,\nheathered cashew,\ncoca,\nheathered oat,\njean blue,\npelican,\ntoasted coconut,\nnavy,\nheathered blue,\nheathered green,\nheathered grey,\nkalamata,\nslate grey,\ncharcoal,\nheathered charcoal,\nDesign 1,","show_label":false,"use_accordion":true,"open_filtergroup":true}},"collections_jQga3b":{"type":"collections","settings":{"title":"Collections","menu":"","show_image":false,"use_accordion":true,"open_filtergroup":true}},"filter_XKfw4X":{"type":"filter","settings":{"design_filtergroup":"default","title":"Price","filtergroup":"$0-$50,$50-$100,$100-$150,$150-$200,$200-$300,$300-$400","show_label":false,"use_accordion":true,"open_filtergroup":true}},"filter_MUPNEm":{"type":"filter","settings":{"design_filtergroup":"inrow","title":"Brands","filtergroup":"Minimog,Retrolie,Abby,Brook,Learts,Vagabond","show_label":false,"use_accordion":true,"open_filtergroup":true}},"filter_KAT8gx":{"type":"filter","settings":{"design_filtergroup":"inrow","title":"Tags","filtergroup":"Dress,Tops,Shirts,Fashion,Hats,Sandal,Belt,Bags,Snacker,Denim,Minimog,Vagabond,Sunglasses, Beachwear,Vintage","show_label":false,"use_accordion":true,"open_filtergroup":true}},"banner_promotion_KppNc9":{"type":"banner_promotion","settings":{"color_scheme":"dark","text_size":"medium","text_color":"white","link":"","content_position":"bottom_center","content_alignment":"center","title":"SALE UP TO 25% OFF","subtitle":"Online Exclusive","button_label":"Shop The Sale","button_style":"m-button--primary","button_size":"","button_fixed":false}}},"block_order":["filter_tREaVe","filter_w8hNCg","collections_jQga3b","filter_XKfw4X","filter_MUPNEm","filter_KAT8gx","banner_promotion_KppNc9"],"custom_css":[".m-banner-promotion {order: 3 !important; margin-bottom: 0;}"],"settings":{"container":"container-fluid","grid_layout":"grid","grid_columns":"4","show_columns_switcher":true,"pagination_limit":16,"paginate_type":"paginate","show_sorting":true,"show_filter":true,"filters_type":"tags_filter","sidebar":"leftColumn","sidebar_title":"Filters","limit_height_widget":false,"limit_height":300,"change_product_variant_on_fitlering":true,"show_product_count":true,"collapsed_groups":"Brand, Vendor, Size, Product type","color_swatches":"color,colour,couleur,farbe","color_swatches_design":"inline"}},"recent-viewed":{"type":"recent-viewed-products","settings":{"container":"container-fluid","color_scheme":"","heading":"Recently Viewed Products","heading_size":"h3","text_align":"left","limit":10,"columns":5,"column_gap":30,"pcard_layout":"","pcard_image_ratio":"","show_vendor":true,"hide_title":false,"enable_slider":true,"show_pagination":false,"show_navigation":true,"mobile_disable_slider":true,"use_scroll_mobile":true,"item_gap_mobile":16,"padding_top":0,"padding_bottom":100,"custom_class":"","animations":"inherit"}}},"order":["collection-header","main","recent-viewed"]}