{"sections":{"collection-header":{"type":"collection-page-header","blocks":{"banner_GYNgAd":{"type":"banner","settings":{"collection":"digital-art","image":"shopify:\/\/shop_images\/Digital_Art_Landing_page.jpg"}},"banner_WTWPUQ":{"type":"banner","settings":{"collection":"yarah-faqeeh","image":"shopify:\/\/shop_images\/Digital_Art_Landing_page.jpg"}}},"block_order":["banner_GYNgAd","banner_WTWPUQ"],"settings":{"color_scheme":"dark","container":"container-fluid","layout":"inside","bg_image":"shopify:\/\/shop_images\/rajaeen_cover_photo_1.jpg","image_position":"background","enable_parallax":false,"parallax_direction":"vertical","text_alignment":"left","text_color":"white","upper_title":true,"show_desc":false,"collection_all_desc":"<p>Immerse Yourself in the Beauty of Palestinian Haritage.<\/p>","padding_top":36,"padding_bottom":50,"enable_bg_zoom_effect":true}},"main":{"type":"main-collection-product-grid","blocks":{"collections_VqaD93":{"type":"collections","settings":{"title":"Designers","menu":"digital-art","show_image":false,"use_accordion":true,"open_filtergroup":true}},"collections_E6gDN9":{"type":"collections","settings":{"title":"Categories","menu":"collection-list","show_image":false,"use_accordion":true,"open_filtergroup":true}},"filter_9WNznq":{"type":"filter","disabled":true,"settings":{"design_filtergroup":"default","title":"Designers","filtergroup":"Yarah Faqeeh,","show_label":false,"use_accordion":true,"open_filtergroup":true}}},"block_order":["collections_VqaD93","collections_E6gDN9","filter_9WNznq"],"custom_css":[".m-banner-promotion {order: 3 !important; margin-top: 30px; margin-bottom: 0;}",".m-collection-filters-form {margin-bottom: 0;}"],"settings":{"container":"container-fluid","grid_layout":"grid","grid_columns":"4","show_columns_switcher":true,"pagination_limit":24,"paginate_type":"paginate","show_sorting":true,"show_filter":true,"filters_type":"storefront_filters","sidebar":"leftColumn","sidebar_title":"Filters","limit_height_widget":true,"limit_height":300,"change_product_variant_on_fitlering":true,"show_product_count":true,"collapsed_groups":"Product type, Brand, Vendor, Size","color_swatches":"color,colour,couleur,farbe,style","color_swatches_design":"inline"}},"collection_page_description_bJeRL9":{"type":"collection-page-description","blocks":{"banner_4Ab8R6":{"type":"banner","settings":{"collection":"digital-art","image":"shopify:\/\/shop_images\/Digital_Art_Landing_page.jpg"}},"banner_8AxtMU":{"type":"banner","settings":{"collection":"yarah-faqeeh","image":"shopify:\/\/shop_images\/challenge_of_palestine_artwork_during_war_rajaeen.jpg"}},"banner_GVUDBi":{"type":"banner","settings":{"collection":"dua-omari","image":"shopify:\/\/shop_images\/Dua_Omari.jpg"}},"banner_XjaCdE":{"type":"banner","settings":{"collection":"dania-omari"}},"banner_KJB3De":{"type":"banner","settings":{"collection":"sara-allahalih"}},"banner_GGBcTp":{"type":"banner","settings":{"collection":"mahasen-khateeb"}},"banner_RaaHqR":{"type":"banner","settings":{"collection":"alaa-khader"}},"banner_eFqaB4":{"type":"banner","settings":{"collection":"abdallah-tafesh-gaza"}},"banner_LPCW9Q":{"type":"banner","settings":{"collection":"sara-awashra"}},"banner_tyQgnz":{"type":"banner","settings":{"collection":"farah-aabed"}}},"block_order":["banner_4Ab8R6","banner_8AxtMU","banner_GVUDBi","banner_XjaCdE","banner_KJB3De","banner_GGBcTp","banner_RaaHqR","banner_eFqaB4","banner_LPCW9Q","banner_tyQgnz"],"settings":{"color_scheme":"footer","container":"container-fluid","layout":"without_breadcrumb","image_position":"right","enable_parallax":false,"parallax_direction":"vertical","text_alignment":"left","text_color":"inherit","upper_title":false,"show_desc":true,"collection_all_desc":"","padding_top":50,"padding_bottom":50,"margin_bottom":30,"enable_bg_zoom_effect":true}},"recent-viewed":{"type":"recent-viewed-products","settings":{"container":"container-fluid","color_scheme":"","heading":"Recently Viewed Products","heading_size":"h3","text_align":"left","limit":8,"columns":5,"column_gap":30,"pcard_layout":"","pcard_image_ratio":"","show_vendor":false,"hide_title":false,"enable_slider":true,"show_pagination":false,"show_navigation":false,"mobile_disable_slider":false,"use_scroll_mobile":true,"item_gap_mobile":16,"padding_top":40,"padding_bottom":100,"custom_class":"","animations":"inherit"}}},"order":["collection-header","main","collection_page_description_bJeRL9","recent-viewed"]}