{"sections":{"collection-header":{"type":"collection-page-header","settings":{"color_scheme":"dark","container":"container-fluid","layout":"inside","image_position":"background","enable_parallax":true,"parallax_direction":"zoom","text_alignment":"center","text_color":"inherit","upper_title":false,"show_desc":true,"collection_all_desc":"","padding_top":50,"padding_bottom":50,"enable_bg_zoom_effect":true}},"main":{"type":"main-collection-product-grid","blocks":{"banner_promotion_KppNc9":{"type":"banner_promotion","settings":{"color_scheme":"dark","text_size":"medium","text_color":"white","link":"","content_position":"bottom_center","content_alignment":"center","title":"SALE UP TO 25% OFF","subtitle":"Online Exclusive","button_label":"Shop The Sale","button_style":"m-button--primary","button_size":"","button_fixed":false}}},"block_order":["banner_promotion_KppNc9"],"custom_css":[".m-banner-promotion {order: 3 !important; margin-top: 30px; margin-bottom: 0;}",".m-collection-filters-form {margin-bottom: 0;}"],"settings":{"container":"container-full","grid_layout":"grid","grid_columns":"4","show_columns_switcher":true,"pagination_limit":12,"paginate_type":"paginate","show_sorting":true,"show_filter":true,"filters_type":"storefront_filters","sidebar":"leftColumn","sidebar_title":"Filters","limit_height_widget":true,"limit_height":300,"change_product_variant_on_fitlering":true,"show_product_count":true,"collapsed_groups":"Product type, Brand, Vendor, Size","color_swatches":"color,colour,couleur,farbe","color_swatches_design":"list"}},"recent-viewed":{"type":"recent-viewed-products","settings":{"container":"container-fluid","color_scheme":"","heading":"Recently Viewed Products","heading_size":"h3","text_align":"left","limit":8,"columns":4,"column_gap":30,"pcard_layout":"","pcard_image_ratio":"","show_vendor":false,"hide_title":false,"enable_slider":true,"show_pagination":false,"show_navigation":false,"mobile_disable_slider":false,"use_scroll_mobile":true,"item_gap_mobile":16,"padding_top":40,"padding_bottom":100,"custom_class":"","animations":"inherit"}}},"order":["collection-header","main","recent-viewed"]}