{"sections":{"collection-header":{"type":"collection-page-header","blocks":{"banner_ECgYX7":{"type":"banner","settings":{"collection":"keffiyehs","image":"shopify:\/\/shop_images\/WhatsApp_Image_2024-05-26_at_6.44.57_PM_3.jpg"}},"banner_eKWn8N":{"type":"banner","settings":{"collection":"throw-pillows-covers","image":"shopify:\/\/shop_images\/WhatsApp_Image_2024-05-26_at_6.44.57_PM_2.jpg"}},"banner_PWcpRr":{"type":"banner","settings":{"collection":"palestine-shawl","image":"shopify:\/\/shop_images\/WhatsApp_Image_2024-05-26_at_6.44.57_PM.jpg"}},"banner_Y4Erpr":{"type":"banner","settings":{"collection":"palestinian-remarkable-embroidry","image":"shopify:\/\/shop_images\/3-_Shawls-Collections_012fa44f-e962-4024-ae14-2ab9bb10c105.jpg"}},"banner_e4RwEB":{"type":"banner","settings":{"collection":"palestine-jewelry-collection","image":"shopify:\/\/shop_images\/WhatsApp_Image_2024-05-26_at_6.44.57_PM_1.jpg"}},"banner_AAE6Df":{"type":"banner","settings":{"collection":"unique-handmade-jewelry","image":"shopify:\/\/shop_images\/6-_Wooden-Products.jpg"}},"banner_JDnrei":{"type":"banner","settings":{"collection":"astonishing-palestinian-tatreez","image":"shopify:\/\/shop_images\/WhatsApp_Image_2024-05-26_at_6.44.57_PM_5.jpg"}},"banner_LWMiQG":{"type":"banner","settings":{"collection":"books","image":"shopify:\/\/shop_images\/7-_Palestinian-Authors.jpg"}}},"block_order":["banner_ECgYX7","banner_eKWn8N","banner_PWcpRr","banner_Y4Erpr","banner_e4RwEB","banner_AAE6Df","banner_JDnrei","banner_LWMiQG"],"settings":{"color_scheme":"dark","container":"container-fluid","layout":"inside","bg_image":"shopify:\/\/shop_images\/rajaeen_cover_photo_1.jpg","image_position":"background","enable_parallax":false,"parallax_direction":"vertical","text_alignment":"left","text_color":"white","upper_title":true,"show_desc":false,"collection_all_desc":"<p>Immerse Yourself in the Beauty of Palestinian Haritage.<\/p>","padding_top":36,"padding_bottom":50,"enable_bg_zoom_effect":true}},"main":{"type":"main-collection-product-grid","blocks":{"collections_E6gDN9":{"type":"collections","settings":{"title":"Categories","menu":"collection-list","show_image":false,"use_accordion":true,"open_filtergroup":true}},"filter_9WNznq":{"type":"filter","disabled":true,"settings":{"design_filtergroup":"default","title":"Designers","filtergroup":"YarahFaqeeh, DigitalArt,","show_label":false,"use_accordion":true,"open_filtergroup":true}},"filter_LEQxy3":{"type":"filter","settings":{"design_filtergroup":"inrow","title":"Tags","filtergroup":"black shawl,Embroidered","show_label":false,"use_accordion":true,"open_filtergroup":true}}},"block_order":["collections_E6gDN9","filter_9WNznq","filter_LEQxy3"],"custom_css":[".m-banner-promotion {order: 3 !important; margin-top: 30px; margin-bottom: 0;}",".m-collection-filters-form {margin-bottom: 0;}"],"settings":{"container":"container-full","grid_layout":"grid","grid_columns":"4","show_columns_switcher":true,"pagination_limit":24,"paginate_type":"paginate","show_sorting":true,"show_filter":true,"filters_type":"storefront_filters","sidebar":"leftColumn","sidebar_title":"Filters","limit_height_widget":true,"limit_height":300,"change_product_variant_on_fitlering":true,"show_product_count":true,"collapsed_groups":"Product type, Brand, Vendor, Size","color_swatches":"color,colour,couleur,farbe,style","color_swatches_design":"inline"}},"collection_page_description_bJeRL9":{"type":"collection-page-description","blocks":{"banner_4UdWfH":{"type":"banner","settings":{"collection":"keffiyehs","image":"shopify:\/\/shop_images\/Rajaeen.jpg"}},"banner_c8Ci7j":{"type":"banner","settings":{"collection":"astonishing-palestinian-tatreez","image":"shopify:\/\/shop_images\/20240128_163509.jpg"}},"banner_c4NtT9":{"type":"banner","settings":{"collection":"palestinian-remarkable-embroidry","image":"shopify:\/\/shop_images\/ShawlRed4A.jpg"}},"banner_gXikji":{"type":"banner","settings":{"collection":"palestine-jewelry-collection","image":"shopify:\/\/shop_images\/Palestinemappendantlifestyle_2.jpg"}},"banner_rxnFYY":{"type":"banner","settings":{"collection":"unique-handmade-jewelry","image":"shopify:\/\/shop_images\/8.jpg"}},"banner_GdWqBp":{"type":"banner","settings":{"collection":"throw-pillows-covers","image":"shopify:\/\/shop_images\/20240224_103500.jpg"}},"banner_4Ab8R6":{"type":"banner","settings":{"collection":"digital-art","image":"shopify:\/\/shop_images\/Digital_Art_Landing_page.jpg"}}},"block_order":["banner_4UdWfH","banner_c8Ci7j","banner_c4NtT9","banner_gXikji","banner_rxnFYY","banner_GdWqBp","banner_4Ab8R6"],"settings":{"color_scheme":"footer","container":"container-fluid","layout":"without_breadcrumb","image_position":"right","enable_parallax":false,"parallax_direction":"vertical","text_alignment":"left","text_color":"inherit","upper_title":false,"show_desc":true,"collection_all_desc":"","padding_top":50,"padding_bottom":50,"margin_bottom":30,"enable_bg_zoom_effect":true}},"recent-viewed":{"type":"recent-viewed-products","settings":{"container":"container-fluid","color_scheme":"","heading":"Recently Viewed Products","heading_size":"h3","text_align":"left","limit":8,"columns":5,"column_gap":30,"pcard_layout":"","pcard_image_ratio":"","show_vendor":false,"hide_title":false,"enable_slider":true,"show_pagination":false,"show_navigation":false,"mobile_disable_slider":false,"use_scroll_mobile":true,"item_gap_mobile":16,"padding_top":40,"padding_bottom":100,"custom_class":"","animations":"inherit"}}},"order":["collection-header","main","collection_page_description_bJeRL9","recent-viewed"]}