{"sections":{"collection_list_aVhnwB":{"type":"collection-list","blocks":{"collection_block_Hc878i":{"type":"collection_block","settings":{"collection":"accessories-bags","title":"Leather Boots"}},"collection_block_hinmPA":{"type":"collection_block","settings":{"collection":"best-sellers-fashion-2024","title":"Glasses"}},"collection_block_aptRg9":{"type":"collection_block","settings":{"collection":"best-sellers-fashion-2024","title":"Jackets"}},"collection_block_ThaeW3":{"type":"collection_block","settings":{"collection":"accessories-bags","title":"Hand Bags"}},"collection_block_DqH8kb":{"type":"collection_block","settings":{"collection":"best-sellers-fashion-2024","title":"Sneakers"}}},"block_order":["collection_block_Hc878i","collection_block_hinmPA","collection_block_aptRg9","collection_block_ThaeW3","collection_block_DqH8kb"],"settings":{"heading":"","heading_size":"h3","subheading":"","description":"","header_alignment":"center","color_scheme":"","container":"container-fluid","layout":"grid","expanded":false,"card_style":"standard","text_alignment":"center","hover_effect":"scaling-up","show_product_count":false,"count_inline_title":true,"image_rounded":false,"items_per_row":5,"item_gap":5,"enable_slider":true,"show_pagination":false,"show_navigation":false,"autorotate":false,"autorotate_speed":5,"mobile_disable_slider":true,"use_scroll_mobile":true,"mobile_gap":5,"hidden_slide_control_mobile":true,"padding_top":0,"padding_bottom":40,"custom_class":"","animations":"inherit"}},"empty_space_aG8DFL":{"type":"empty-space","settings":{"container":"container-fluid","color_scheme":"","show_divider_line":true,"divider_style":"solid","divider_height":1,"padding_top":0,"padding_bottom":0,"custom_class":""}},"collection-header":{"type":"collection-page-header","custom_css":["@media (max-width: 767px) {.m-section-py {padding-bottom: 24px; }}"],"settings":{"color_scheme":"default","container":"container-fluid","layout":"inside","image_position":"background","enable_parallax":false,"parallax_direction":"vertical","text_alignment":"center","text_color":"inherit","upper_title":false,"show_desc":true,"collection_all_desc":"","padding_top":0,"padding_bottom":6,"enable_bg_zoom_effect":true}},"main":{"type":"main-collection-product-grid","blocks":{"banner_promotion_KppNc9":{"type":"banner_promotion","settings":{"color_scheme":"dark","text_size":"medium","text_color":"white","link":"","content_position":"bottom_center","content_alignment":"center","title":"SALE UP TO 25% OFF","subtitle":"Online Exclusive","button_label":"Shop The Sale","button_style":"m-button--primary","button_size":"","button_fixed":false}}},"block_order":["banner_promotion_KppNc9"],"custom_css":[".m-banner-promotion {order: 3 !important; margin-bottom: 0;}"],"settings":{"container":"container-fluid","grid_layout":"grid","grid_columns":"4","show_columns_switcher":true,"pagination_limit":12,"paginate_type":"paginate","show_sorting":true,"show_filter":true,"filters_type":"storefront_filters","sidebar":"leftColumn","sidebar_title":"Filters","limit_height_widget":true,"limit_height":300,"change_product_variant_on_fitlering":true,"show_product_count":true,"collapsed_groups":"Brand, Vendor, Size, Product type","color_swatches":"color,colour,couleur,farbe","color_swatches_design":"list"}},"recent-viewed":{"type":"recent-viewed-products","settings":{"container":"container-fluid","color_scheme":"","heading":"Recently Viewed Products","heading_size":"h3","text_align":"left","limit":10,"columns":5,"column_gap":30,"pcard_layout":"","pcard_image_ratio":"","show_vendor":true,"hide_title":false,"enable_slider":true,"show_pagination":false,"show_navigation":true,"mobile_disable_slider":true,"use_scroll_mobile":true,"item_gap_mobile":16,"padding_top":0,"padding_bottom":100,"custom_class":"","animations":"inherit"}}},"order":["collection_list_aVhnwB","empty_space_aG8DFL","collection-header","main","recent-viewed"]}