{"sections":{"1621243260e1af0c20":{"type":"slider","blocks":{"1621243260e1af0c20-0":{"type":"slider_item","settings":{"background":"shopify:\/\/shop_images\/Banner-rajaeen-desk-1.jpg","mb_background":"shopify:\/\/shop_images\/Banner-rajaeen-mob-1.jpg","content_in_container":false,"content_position":"center middle","text_alignment":"center","text_size":"large","text_color":"white","subheading":"","title":"Stories Woven into Every Stitch <br>","description":"<p>Supporting Refugees One Purchase at a Time<\/p>","image_link":"shopify:\/\/collections","button_text":"Shop All Products","button_link":"shopify:\/\/collections","button_style":"sf__btn-secondary","button_size":"","second_button_text":"","second_button_link":"","second_button_style":"m-button--primary","second_button_size":"","show_footer":false,"footer_alignment":"end","footer_text":"The ReCotton Tee","footer_button":"Shop Now","footer_link":""}},"1621243260e1af0c20-1":{"type":"slider_item","settings":{"background":"shopify:\/\/shop_images\/Banner-rajaeen-desk-2.jpg","mb_background":"shopify:\/\/shop_images\/Banner-rajaeen-mob-2.jpg","content_in_container":false,"content_position":"center middle","text_alignment":"center","text_size":"large","text_color":"white","subheading":"","title":"Empowering Palestinian Makers","description":"<p>Honoring Traditions, Creating Opportunities<\/p>","image_link":"shopify:\/\/collections","button_text":"Shop Now","button_link":"shopify:\/\/collections","button_style":"sf__btn-secondary","button_size":"","second_button_text":"","second_button_link":"","second_button_style":"m-button--primary","second_button_size":"","show_footer":false,"footer_alignment":"end","footer_text":"The ReCotton Tee","footer_button":"Shop Now","footer_link":""}},"slider_item_4B9Wgi":{"type":"slider_item","disabled":true,"settings":{"background":"shopify:\/\/shop_images\/Banner-rajaeen-desk-3.jpg","mb_background":"shopify:\/\/shop_images\/Banner-rajaeen-mob-3.jpg","content_in_container":false,"content_position":"center middle","text_alignment":"center","text_size":"large","text_color":"white","subheading":"","title":"Impacts Beyond Products","description":"<p>Empowering Refugee Communities<\/p>","image_link":"shopify:\/\/collections","button_text":"Shop Now","button_link":"shopify:\/\/collections","button_style":"sf__btn-secondary","button_size":"","second_button_text":"","second_button_link":"","second_button_style":"m-button--primary","second_button_size":"","show_footer":false,"footer_alignment":"end","footer_text":"The ReCotton Tee","footer_button":"Shop Now","footer_link":""}},"slider_item_x4wNA9":{"type":"slider_item","disabled":true,"settings":{"background":"shopify:\/\/shop_images\/Banner-rajaeen-desk-4.jpg","mb_background":"shopify:\/\/shop_images\/Banner-rajaeen-mob-4.jpg","content_in_container":false,"content_position":"center middle","text_alignment":"center","text_size":"large","text_color":"white","subheading":"","title":"Empower Refugees","description":"<p>Transforming Lives Through Craftsmanship<\/p>","image_link":"shopify:\/\/collections\/palestine-shawl","button_text":"Shop Now","button_link":"shopify:\/\/collections","button_style":"sf__btn-secondary","button_size":"","second_button_text":"","second_button_link":"","second_button_style":"m-button--primary","second_button_size":"","show_footer":false,"footer_alignment":"end","footer_text":"The ReCotton Tee","footer_button":"Shop Now","footer_link":""}}},"block_order":["1621243260e1af0c20-0","1621243260e1af0c20-1","slider_item_4B9Wgi","slider_item_x4wNA9"],"settings":{"container":"w-full","slideshow_height":"adapt","show_overlay":true,"dots_position":"bottom","dots_color":"dark","show_dots":true,"show_arrows":false,"autorotate":true,"autorotate_speed":5,"use_content_above":false,"custom_class":"sf-home__slideshow","animations":"inherit"}},"collection_list_tjXYY7":{"type":"collection-list","blocks":{"collection_block_pYgiyF":{"type":"collection_block","settings":{"collection":"keffiyehs","title":"Keffiyeh","item_image":"shopify:\/\/shop_images\/Keffiyeh.jpg"}},"collection_block_k3BCxh":{"type":"collection_block","settings":{"collection":"digital-art","title":"Clothing Designed by Palestinian Artists","item_image":"shopify:\/\/shop_images\/unisex-classic-tee-black-front-667b26da2d0e5.webp"}},"collection_block_YXwFjp":{"type":"collection_block","settings":{"collection":"palestinian-remarkable-embroidry","title":"Palestinian Embroidery","item_image":"shopify:\/\/shop_images\/Shawl_square_abed4798-08b3-42d7-bb3a-36fe70d16734.jpg"}},"collection_block_UVqCbP":{"type":"collection_block","settings":{"collection":"throw-pillows-covers","title":"Throw Pillow Covers","item_image":"shopify:\/\/shop_images\/Pillow_Cases.jpg"}},"collection_block_F6rPLj":{"type":"collection_block","settings":{"collection":"palestine-jewelry-collection","title":"Palestinian Jewelry Collection","item_image":"shopify:\/\/shop_images\/jewelries.jpg"}},"collection_block_j8Q938":{"type":"collection_block","disabled":true,"settings":{"collection":"unique-handmade-jewelry","title":"Handmade Jewelry","item_image":"shopify:\/\/shop_images\/Wooden.jpg"}},"collection_block_rFmir7":{"type":"collection_block","settings":{"collection":"books","title":"Palestinian Authors","item_image":"shopify:\/\/shop_images\/Palestinian_Authors.jpg"}},"collection_block_jRJk76":{"type":"collection_block","settings":{"collection":"astonishing-palestinian-tatreez","title":"Bookmarks","item_image":"shopify:\/\/shop_images\/Bookmarks.jpg"}}},"block_order":["collection_block_pYgiyF","collection_block_k3BCxh","collection_block_YXwFjp","collection_block_UVqCbP","collection_block_F6rPLj","collection_block_j8Q938","collection_block_rFmir7","collection_block_jRJk76"],"custom_css":[".m-collection-list {--mobile-column-width: 40vw;}",".m-collection-card__image {max-width: 140px; margin: 0 auto;}",".m-collection-card__title {font-size: 18px;}"],"settings":{"heading":"","heading_size":"h3","subheading":"","description":"","header_alignment":"center","color_scheme":"default","container":"container-fluid","layout":"grid","expanded":true,"card_style":"standard","text_alignment":"center","hover_effect":"scaling-up","show_product_count":false,"count_inline_title":true,"image_rounded":true,"items_per_row":7,"item_gap":0,"enable_slider":false,"show_pagination":false,"show_navigation":false,"autorotate":false,"autorotate_speed":5,"mobile_disable_slider":false,"use_scroll_mobile":true,"mobile_gap":16,"hidden_slide_control_mobile":false,"padding_top":0,"padding_bottom":0,"custom_class":"","animations":"inherit"}},"rich_text_xG86Jy":{"type":"rich-text","blocks":{"heading_wyH9fr":{"type":"heading","settings":{"heading":"Empower a Palestinian Artist","heading_size":"h2","heading_h1":true}},"text_rE8Mqf":{"type":"text","settings":{"text":"<p>With every purchase from Artists' collection, you directly support their creative journey. For each item sold, the Artist receives $10. Your purchase not only helps her continue to create but also provides vital support to them and their community during challenging times.<\/p>"}}},"block_order":["heading_wyH9fr","text_rE8Mqf"],"custom_css":[".m-richtext.m\\:text-center {width: 66.66%; margin: 0 auto;}"],"settings":{"container":"container","color_scheme":"","content_alignment":"center","padding_top":40,"padding_bottom":0,"custom_class":"","animations":"inherit"}},"162251092958fcda7c":{"type":"product-tabs","blocks":{"162251092958fcda7c-0":{"type":"tab","settings":{"title":"Best-Selling","collection":"best-sellers"}},"162251092958fcda7c-1":{"type":"tab","settings":{"title":"New Arrivals","collection":"new-arrivals"}},"tab_RjTbzd":{"type":"tab","settings":{"title":"Tatreez Patterns","collection":"astonishing-palestinian-tatreez"}},"tab_BGkw3p":{"type":"tab","settings":{"title":"Handmade Jewelry","collection":"unique-handmade-jewelry"}},"tab_yKPLeG":{"type":"tab","settings":{"title":"Palestinian Embroidery","collection":"palestinian-remarkable-embroidry"}},"tab_9GU4j8":{"type":"tab","settings":{"title":"Keffiyehs","collection":"keffiyehs"}}},"block_order":["162251092958fcda7c-0","162251092958fcda7c-1","tab_RjTbzd","tab_BGkw3p","tab_yKPLeG","tab_9GU4j8"],"custom_css":[".m-section__header {--m-section-header-spacing-bottom: 60px;}",".m-section__subheading {font-size: 28px;}",".m-select-custom--custom-width {min-width: auto;}","@media only screen and (min-width: 1280px) {.small-size {font-size: 20px; line-height: 1.278; }}"],"settings":{"heading":"Check out our","heading_size":"small-size","subheading":"Sort By Classification","description":"","header_alignment":"center","container":"container-fluid","color_scheme":"","tab_header":"select","limit":10,"show_button":true,"button_type":"link","button_label":"Shop All Products","button_style":"m-button--secondary","button_size":"","pcard_layout":"","pcard_image_ratio":"","show_vendor":false,"items_per_row":5,"item_gap":30,"enable_slider":false,"show_navigation":false,"show_pagination":false,"mobile_disable_slider":false,"use_scroll_mobile":true,"item_gap_mobile":16,"padding_top":50,"padding_bottom":100,"custom_class":"sf-home__product-tab","animations":"inherit"}},"custom_content_hh6hmV":{"type":"custom-content","blocks":{"text_Dxjzb6":{"type":"text","settings":{"title":"Rajaeen (راجعين) means \"we shall  return\" and this is the hope for all Palestinian refugees, that one day we will return to our land.","subheading":"About Rajaeen","text":"<p>Rajaeen was established to help provide jobs for Palestinian refugees, especially Palestinian women, with endless patterns and stories to tell. By selling products embodying the true art of Palestinian heritage and celebrating the old traditions by spreading pieces of this lost art throughout the world.<\/p>","width":"66%","alignment":"center","align_text":"center","text_size":"medium","text_color":"inherit","button_label":"Shop by Collection","button_link":"shopify:\/\/collections\/all","button_style":"m-button--link","button_size":"","block_custom_class":"","animations":"inherit"}}},"block_order":["text_Dxjzb6"],"custom_css":["@media (max-width: 767px) {br {display: none; }}",".section-center .m-custom-content__wrapper {justify-content: center;}"],"settings":{"heading":"","heading_size":"h3","subheading":"","description":"","header_alignment":"center","container":"container-fluid","color_scheme":"","content_color_scheme":"","enable_parallax":false,"parallax_direction":"vertical","gap":30,"gap_mobile":16,"use_scroll_mobile":false,"padding_top":50,"padding_bottom":50,"custom_class":"section-center"}},"product_bundles_dXi9Aq":{"type":"product-bundles","blocks":{"product_6ANDwY":{"type":"product","settings":{"product":"we-all-have-a-family-kids-story-by-the-palestinian-author-amnie-abu-lebdeh","top":44,"left":52}},"product_kchMrd":{"type":"product","settings":{"product":"the-life-of-a-leaf-kids-story-by-the-palestinian-author-sarah-abu-lebdeh","top":75,"left":40}},"product_XGC97N":{"type":"product","settings":{"product":"palestine-map-puzzle-made-in-palestine","top":60,"left":64}}},"block_order":["product_6ANDwY","product_kchMrd","product_XGC97N"],"disabled":true,"settings":{"container":"container-fluid","color_scheme":"footer","layout":"1","heading":"Education bundle","heading_size":"h3","subheading":"BUNDLE &amp; SAVE","description":"","header_alignment":"left","image":"shopify:\/\/shop_images\/gps_generated.png","image_position":"left","image_ratio":"original","show_reviews":true,"padding_top":100,"padding_bottom":50,"custom_class":"","animations":"inherit"}},"collection_tabs_QE4TLj":{"type":"collection-tabs","blocks":{"collection_EhyPJ6":{"type":"collection","settings":{"collection":"palestine-jewelry-collection","image":"shopify:\/\/shop_images\/jewelries.jpg","heading":"Palestinian Jewelry Collection","heading_size":"h4","text":"<p>Palestine Map Necklace - Gold Plated 925 Sterling Silver, Palestinian Jewelry - Andalusia<\/p>","icon":"shopify:\/\/shop_images\/Jewelaries-map.jpg"}},"collection_PEi4at":{"type":"collection","settings":{"collection":"unique-handmade-jewelry","image":"shopify:\/\/shop_images\/Handmade-Jewelaries.jpg","heading":"Unique Handmade Jewelry","heading_size":"h4","text":"<p>Handmade Palestinian Tatreez - Wooden Necklaces - Olive Tree<\/p>","icon":"shopify:\/\/shop_images\/IMG_4181.jpg"}},"collection_Yy3bMf":{"type":"collection","settings":{"collection":"throw-pillows-covers","image":"shopify:\/\/shop_images\/Pillow-Cover.jpg","heading":"Throw Pillow Covers","heading_size":"h4","text":"<p>Elevate your home decor with our meticulously crafted 16 x 16 square blue throw pillow covers, designed to add a touch of sophistication to any room.<\/p>","icon":"shopify:\/\/shop_images\/bluepillow.jpg"}}},"block_order":["collection_EhyPJ6","collection_PEi4at","collection_Yy3bMf"],"settings":{"container":"container-fluid","color_scheme":"footer","header_alignment":"left","heading":"Beautifully Crafted for You","heading_size":"h2","subheading":"","description":"","image_position":"right","image_ratio":"1\/1","prefix_header":"icon","trigger_behavior":"hover","autoplay":true,"autoplay_duration":3,"padding_top":100,"padding_bottom":100,"custom_class":"","animations":"inherit"}},"promotion_banner_rFHQLk":{"type":"promotion-banner","blocks":{"promotion_34Wt3i":{"type":"promotion","disabled":true,"settings":{"subheading":"Sale Up To 20% Off On All Items","heading":"SALE","text_alignment":"center"}}},"block_order":["promotion_34Wt3i"],"disabled":true,"settings":{"container":"container-fluid","color_scheme":"scheme-09e5b5b4-774c-4b6c-8025-416ced49cc74","background":"shopify:\/\/shop_images\/banner.png","heading":"Read More About Our Makers","heading_size":"h2","text":"","content_alignment":"center","banner_url":"shopify:\/\/blogs\/palestinian-heritage","button_label":"Learn More","button_style":"m-button--secondary","button_size":"m-button--small","padding_top":100,"padding_bottom":100,"custom_class":"","animations":"inherit"}},"featured_collection_g9ynYB":{"type":"featured-collection","settings":{"heading":"","heading_size":"h3","subheading":"","description":"","header_alignment":"center","color_scheme":"","container":"container-fluid","collection":"sale","enable_flashsale":false,"show_countdown":false,"product_to_show":8,"items_per_row":3,"item_gap":30,"pcard_layout":"5","pcard_image_ratio":"","show_vendor":true,"hide_title":false,"enable_slider":true,"show_pagination":false,"show_navigation":true,"show_button_on_header":false,"button_type":"load","button_text":"Shop more","button_style":"m-button--primary","button_size":"","infinite_load":true,"max_page_load":3,"mobile_disable_slider":false,"use_scroll_mobile":true,"item_gap_mobile":16,"padding_top":100,"padding_bottom":0,"custom_class":"","animations":"inherit"}},"custom_content_MGNC8x":{"type":"custom-content","blocks":{"newsletter_KREtKH":{"type":"newsletter","settings":{"heading":"Stay in the loop! ","text_size":"h3","description":"<p>Join our email community and get access to special discounts, valuable content, and insider news!<\/p>","form_design":"1","placeholder":"Enter your email address","submit_button":"Subscribe Now","alignment":"center","align_text":"left","width":"50%","block_custom_class":"button-color","animations":"inherit"}},"image_bRw3CN":{"type":"image","settings":{"image":"shopify:\/\/shop_images\/get-in-touch.jpg","link":"","width":"50%","alignment":"center","block_custom_class":"","animations":"inherit"}}},"block_order":["newsletter_KREtKH","image_bRw3CN"],"custom_css":[".button-color .m-newsletter-form__button-inline .m-newsletter-form__button--text {background-color: #000; color: #fff;}"],"settings":{"heading":"","heading_size":"h3","subheading":"","description":"","header_alignment":"center","container":"container-fluid","color_scheme":"","content_color_scheme":"footer","enable_parallax":false,"parallax_direction":"vertical","gap":30,"gap_mobile":16,"use_scroll_mobile":false,"padding_top":26,"padding_bottom":50,"custom_class":""}},"16225125199f82d8fe":{"type":"icon-box","blocks":{"16225125199f82d8fe-0":{"type":"iconbox","settings":{"image_by_url":"","title":"30 Days Return","description":"<p>Enjoy a seamless shopping experience, facilitated<br\/> by our complimentary shipping.<\/p>","link":"","button_label":"Learn More[arrow]","button_link":"shopify:\/\/pages\/privacy-policy","button_style":"m-button--plain","button_size":"m-button--small"}},"16225125199f82d8fe-1":{"type":"iconbox","settings":{"image_by_url":"","title":"Lifetime Warranty","description":"<p>Our dedicated team provides timely assistance, committed to addressing your queries.<\/p>","link":"","button_label":"Contact Us[arrow]","button_link":"shopify:\/\/pages\/contact-us","button_style":"m-button--plain","button_size":"m-button--small"}},"16225125199f82d8fe-2":{"type":"iconbox","settings":{"image_by_url":"","title":"Customers Services","description":"<p>Invest in our activewear with absolute confidence,<br\/> backed by our 30-day satisfaction guarantee.<\/p>","link":"","button_label":"Learn More[arrow]","button_link":"","button_style":"m-button--plain","button_size":"m-button--small"}}},"block_order":["16225125199f82d8fe-0","16225125199f82d8fe-1","16225125199f82d8fe-2"],"disabled":true,"custom_css":[".m-icon-box__heading {font-weight: 400;}","@media (max-width: 640px) {br {display: none; } .m-icon-box__icon {width: 62px !important; } .m-icon-box__heading {margin-bottom: 12px; } .m-icon-box .m-button {margin-top: 20px; }}"],"settings":{"heading":"","heading_size":"h3","subheading":"","description":"","header_alignment":"center","container":"container-fluid","color_scheme":"","item_per_row":3,"item_gap":30,"item_gap_mobile":10,"card_color_scheme":"","card_style":"vertical","image_max_width":"76px","content_alignment":"center","hover_effect":"zoom-in","enable_slider":false,"show_pagination":false,"show_navigation":false,"use_scroll_mobile":true,"use_grid_column_mb":false,"padding_top":46,"padding_bottom":46,"custom_class":"","animations":"inherit"}},"testimonials_pnyUnX":{"type":"testimonials","blocks":{"testimonial_7bVRtk":{"type":"testimonial","settings":{"title":"Palestinian flag color keffiyeh","description":"<p>Lovely design..authentic the real deal. I was grateful Rajaeen had this still in stock that was made at the Hirbawi factory in Hebron. Thank you so much Palestine will be free from the River to the Sea! Solidarity always ✊️🙏<\/p>","footer":"<p><strong>Peter Church<\/strong><\/p>","image_text":"<p>Keffiyeh <\/p>","image_link":"shopify:\/\/collections\/keffiyehs","product":"keffiyeh-palestine-palestine-flag"}},"testimonial_NMt6Em":{"type":"testimonial","settings":{"title":"Beautiful shawl","description":"<p>Bought this for my mother and she absolutely loved it! Jaw dropping my beautiful in person and very well-made(my mom is very discerning with clothing)<\/p>","footer":"<p><strong>Roberta<\/strong><\/p>","image_text":"","image_link":"shopify:\/\/collections\/palestine-shawl","product":"palestinian-embroidery-shawl"}},"testimonial_BaC37W":{"type":"testimonial","settings":{"title":"Thank you 🙏🏻","description":"<p>So soft & comforting on my skin. With this item, I send gratitude & loving strength to each soul in Palestine & beyond its borders every time someone notices that I wear it. Wearing this keffiyeh has offered me a world in which I know who is safe just by the way they see me in it. This is more than a scarf; it is a prayer in & of itself. May every oppressed peoples of the world live free forever!<\/p>","footer":"<p><strong>Tiff B<\/strong><\/p>","image_text":"","image_link":"shopify:\/\/collections\/keffiyehs","product":"keffiyeh-black-and-white-shemagh"}},"testimonial_p6qXcM":{"type":"testimonial","settings":{"title":"Gorgeous necklace","description":"<p>I just love this necklace, it is so easy to wear and can really dress up any outfit. I get so many complements and I love the meaning behind it. Thank you for all you do for Palestine!<\/p>","footer":"<p><strong>Lana Savoca<\/strong><\/p>","image_text":"","image_link":"shopify:\/\/collections\/palestine-jewelry-collection","product":"palestine-map-necklace-palestinian-jewelry"}},"testimonial_X8q9A4":{"type":"testimonial","settings":{"title":"Keffiyeh Scarf Made in Palestine - Colorful 7","description":"<p>This is honestly my favorite of 3 keffiyeh that I have. I appreciate the unique design and the colors make it all the more beautiful! Very breathable even as a face wrap.<\/p>","footer":"<p><strong>Prism Mandala<\/strong><\/p>","image_text":"","image_link":"shopify:\/\/collections\/keffiyehs","product":"keffiyeh-scarf-made-in-palestine-colorful-7"}},"testimonial_ktiY4R":{"type":"testimonial","settings":{"title":"Such a sweet book!","description":"<p>The illustrations and writing in this book are clever, beautiful and educational while being fun!<\/p>","footer":"<p><strong>Kit<\/strong><\/p>","image_text":"","image_link":"shopify:\/\/collections\/books","product":"the-life-of-a-leaf-kids-story-by-the-palestinian-author-sarah-abu-lebdeh"}},"testimonial_ef4Etp":{"type":"testimonial","settings":{"title":"Quick delivery; amazing quality!","description":"<p>Beautiful product and shipped quickly! They even included some free Palestine pins, keychain and bracelets! Such a nice surprise that we appreciate and will wear with pride!<\/p>","footer":"<p><strong>Aundria Ashkar<\/strong><\/p>","image_text":"","image_link":"shopify:\/\/collections\/keffiyehs","product":"keffiyeh-black-and-white-shemagh"}},"testimonial_bUi88K":{"type":"testimonial","settings":{"title":"Beautiful","description":"<p>Love my Keffiyeh, the colors are more vibrant than I was expecting! The quality is wonderful. I'm really happy with this purchase.<\/p>","footer":"<p><strong>Amanda<\/strong><\/p>","image_text":"","image_link":"shopify:\/\/collections\/keffiyehs","product":"keffiyeh-scarf-made-in-palestine-brown-with-green-and-blue"}},"testimonial_eLNmky":{"type":"testimonial","settings":{"title":"Great quality!","description":"<p>These pillow cases are great quality! Definitely worth the purchase.<\/p>","footer":"<p><strong>Meredith B<\/strong><\/p>","image_text":"","image_link":"shopify:\/\/collections\/throw-pillows-covers","product":"blue-embroidered-tatreez-throw-pillow-machine-embroidered-tp15"}},"testimonial_mV9KQ7":{"type":"testimonial","settings":{"title":"Worth every penny!","description":"<p>Beautiful quality colors and craft! And made in Palestine - there's really no other option. Thank you!<\/p>","footer":"<p><strong>Salwa KR<\/strong><\/p>","image_text":"","image_link":"shopify:\/\/collections\/keffiyehs","product":"keffiyeh-black-and-white-shemagh"}},"testimonial_JRRf4c":{"type":"testimonial","settings":{"title":"Unique","description":"<p>These bookmarks are very beautiful and unique. The embroidery is high quality and the pattern is meaningful. The bookmark can also be displayed on a desk. I would definitely recommend this product.<\/p>","footer":"<p><strong>Afnan Hassan<\/strong><\/p>","image_text":"","image_link":"shopify:\/\/collections\/astonishing-palestinian-tatreez","product":"tatreez-pattern-bookmark-handmade"}}},"block_order":["testimonial_7bVRtk","testimonial_NMt6Em","testimonial_BaC37W","testimonial_p6qXcM","testimonial_X8q9A4","testimonial_ktiY4R","testimonial_ef4Etp","testimonial_bUi88K","testimonial_eLNmky","testimonial_mV9KQ7","testimonial_JRRf4c"],"custom_css":[".m-svg-icon {width: 12px; height: 12px;}",".m-stars {column-gap: 2px;}","@media (min-width: 1280px) {.m-testimonials__header {margin-bottom: 40px; }}","@media (max-width: 767px) {.m-testimonials__header {margin-bottom: 24px; } .m-section__header {text-align: center; }}"],"settings":{"heading":"Happy Customers","heading_size":"h2","subheading":"","description":"","header_alignment":"left","container":"container-fluid","color_scheme":"scheme-cee058e4-58e3-46aa-9af9-219dadc79066","design":"testimonials-6","show_stars":true,"autorotate":true,"show_navigation":true,"show_pagination":true,"star_color":"#000000","item_color_scheme":"","padding_top":100,"padding_bottom":100,"custom_class":"","animations":"inherit"}},"blog_posts_j3MAyp":{"type":"blog-posts","custom_css":[],"settings":{"heading":"Our Blogs","heading_size":"h2","subheading":"","description":"","header_alignment":"center","container":"container-fluid","color_scheme":"","blog":"palestinian-heritage","limit":4,"column":4,"column_gap":30,"mobile_gap":10,"article_image_aspect_ratio":"4\/3","article_align_content":"text-center","article_show_tags":false,"article_show_date":false,"article_show_excerpt":true,"article_show_button":true,"show_button_on_header":false,"button_link":"","button_text":"View More","button_style":"m-button--primary","button_size":"","use_scroll_mobile":true,"padding_top":100,"padding_bottom":40,"custom_class":"","animations":"inherit"}},"blog_posts_3ADerF":{"type":"blog-posts","disabled":true,"settings":{"heading":"Refugee Stories","heading_size":"h2","subheading":"","description":"","header_alignment":"center","container":"container-fluid","color_scheme":"","blog":"palestinian-artists","limit":4,"column":4,"column_gap":30,"mobile_gap":10,"article_image_aspect_ratio":"4\/3","article_align_content":"text-center","article_show_tags":false,"article_show_date":false,"article_show_excerpt":true,"article_show_button":true,"show_button_on_header":false,"button_link":"","button_text":"View More","button_style":"m-button--primary","button_size":"","use_scroll_mobile":true,"padding_top":100,"padding_bottom":40,"custom_class":"","animations":"inherit"}},"11cfb44f-b725-4daf-8ee7-4bbf2c63914d":{"type":"instagram","custom_css":[".container-full {padding-left: 0; padding-right: 0; margin-bottom: 0;}","@media (max-width: 767px) {br {display: none; }}"],"settings":{"heading":"Follow us Instagram","heading_size":"h2","subheading":"","description":"Tag <span class=\"text-black\">@rajaeen1<\/span> in your Instagram photos for a chance to be featured here.<br>\nFind more inspiration on <a href=\"https:\/\/www.instagram.com\/rajaeen1\/\">our Instagram.<\/a>","header_alignment":"center","container":"w-full","color_scheme":"scheme-cee058e4-58e3-46aa-9af9-219dadc79066","color_scheme_content":"default","layout":"grid","images_count":6,"grid_columns":6,"gap":6,"mobile_gap":4,"profile":"https:\/\/www.instagram.com\/rajaeen1\/","button_label":"Follow Us","button_style":"m-button--link","use_scroll_mobile":true,"padding_top":100,"padding_bottom":0,"custom_class":""}}},"order":["1621243260e1af0c20","collection_list_tjXYY7","rich_text_xG86Jy","162251092958fcda7c","custom_content_hh6hmV","product_bundles_dXi9Aq","collection_tabs_QE4TLj","promotion_banner_rFHQLk","featured_collection_g9ynYB","custom_content_MGNC8x","16225125199f82d8fe","testimonials_pnyUnX","blog_posts_j3MAyp","blog_posts_3ADerF","11cfb44f-b725-4daf-8ee7-4bbf2c63914d"]}