{"sections":{"main":{"type":"collection-list-template","blocks":{"collection_item_KFyhwi":{"type":"collection_item","settings":{"collection":"best-sellers","image":"shopify:\/\/shop_images\/best_sellers.png"}},"collection_item_T6mpzK":{"type":"collection_item","settings":{"collection":"new-arrivals","image":"shopify:\/\/shop_images\/new_arrivals.png"}},"collection_item_w4mCKN":{"type":"collection_item","settings":{"collection":"keffiyehs","image":"shopify:\/\/shop_images\/KEFFIYEHS.png"}},"collection_item_y3rDec":{"type":"collection_item","settings":{"collection":"palestine-shawl","image":"shopify:\/\/shop_images\/SHAWL.png"}},"collection_item_ePKPE4":{"type":"collection_item","settings":{"collection":"throw-pillows-covers","image":"shopify:\/\/shop_images\/PILLOW_COVERS.jpg"}},"collection_item_zFVUCJ":{"type":"collection_item","settings":{"collection":"astonishing-palestinian-tatreez","image":"shopify:\/\/shop_images\/BOOKMARKS.png"}},"collection_item_YW4rPz":{"type":"collection_item","settings":{"collection":"books","image":"shopify:\/\/shop_images\/BOOKS.jpg"}},"collection_item_fFBxtC":{"type":"collection_item","settings":{"collection":"palestine-jewelry-collection","image":"shopify:\/\/shop_images\/JEWELRY.png"}},"collection_item_NTyw9L":{"type":"collection_item","settings":{"collection":"palestinian-remarkable-embroidry","image":"shopify:\/\/shop_images\/EMBROIDERY.jpg"}},"collection_item_t7NYF3":{"type":"collection_item","settings":{"collection":"unique-handmade-jewelry","image":"shopify:\/\/shop_images\/UNIQUE_HANDMADE_JEWELRY.jpg"}},"collection_item_GrpmxD":{"type":"collection_item","settings":{"collection":"sale","image":"shopify:\/\/shop_images\/sale.jpg"}},"collection_item_r8XxkR":{"type":"collection_item","settings":{"collection":"digital-art","image":"shopify:\/\/shop_images\/digital_art.jpg"}}},"block_order":["collection_item_KFyhwi","collection_item_T6mpzK","collection_item_w4mCKN","collection_item_y3rDec","collection_item_ePKPE4","collection_item_zFVUCJ","collection_item_YW4rPz","collection_item_fFBxtC","collection_item_NTyw9L","collection_item_t7NYF3","collection_item_GrpmxD","collection_item_r8XxkR"],"settings":{"container":"container-fluid","display_type":"selected","title":"All Collections","description":"<p>All the products embodying the true art of Palestinian Heritage and <\/p><p>the old traditions by spreading pieces of this lost art throughout the world.<\/p>","header_alignment":"left","items_per_row":4,"item_gap":30,"mobile_columns":"2","mobile_gap":16,"card_style":"standard","text_alignment":"center","hover_effect":"scaling-up","show_product_count":false,"count_inline_title":true,"image_rounded":false}},"collection_list_template_krhjaE":{"type":"collection-list-template","blocks":{"collection_item_6nkwke":{"type":"collection_item","settings":{"collection":"yarah-faqeeh"}},"collection_item_iN7cC3":{"type":"collection_item","settings":{"collection":"dania-omari"}},"collection_item_jHwqT9":{"type":"collection_item","settings":{"collection":"dua-omari"}},"collection_item_w9QgJD":{"type":"collection_item","settings":{"collection":"mahasen-khateeb"}},"collection_item_Er7zjx":{"type":"collection_item","settings":{"collection":"alaa-khader"}},"collection_item_a3dm4Q":{"type":"collection_item","settings":{"collection":"sara-allahalih"}}},"block_order":["collection_item_6nkwke","collection_item_iN7cC3","collection_item_jHwqT9","collection_item_w9QgJD","collection_item_Er7zjx","collection_item_a3dm4Q"],"settings":{"container":"container-fluid","display_type":"selected","title":"Digital Art","description":"","header_alignment":"left","items_per_row":4,"item_gap":30,"mobile_columns":"2","mobile_gap":16,"card_style":"standard","text_alignment":"center","hover_effect":"scaling-up","show_product_count":false,"count_inline_title":false,"image_rounded":false}}},"order":["main","collection_list_template_krhjaE"]}