{"sections":{"breadcrumb_RHyjx4":{"type":"breadcrumb","settings":{"container":"container","text_alignment":"center","hide_current":false,"hide_on_mb":false,"animations":"inherit"}},"custom_content_tAfTRN":{"type":"custom-content","settings":{"heading":"FAQs","heading_size":"h2","subheading":"","description":"","header_alignment":"center","container":"container-fluid","color_scheme":"","content_color_scheme":"","enable_parallax":false,"parallax_direction":"vertical","gap":30,"gap_mobile":16,"use_scroll_mobile":false,"padding_top":30,"padding_bottom":30,"custom_class":""}},"main":{"type":"page-faqs","blocks":{"custom-content":{"type":"content","settings":{"content":"<div class=\"mb-10\"><img src=\"https:\/\/cdn.shopify.com\/s\/files\/1\/0561\/2742\/2636\/files\/faqs.jpg?v=1620784288\"><\/div>\n<h3 class=\"font-medium text-xl mb-4\">Awkwardness gives me great comfort. I’ve never been cool, but I’ve felt cool. I’ve been in the cool place, but I wasn’t really cool – I was trying to pass for hip or cool.<\/h3>\n<p>A girl should be two things: classy and fabulous. I am convinced that there can be luxury in simplicity. I wanted to dress the woman who lives and works, not the woman in a painting. It’s hard to balance everything. It’s always challenging. My relationships with producers or photographers – these are relationships that took years. I can’t get sucked into that celebrity thing, because I think it’s just crass. My aim is to make the poor look rich.<\/p>"}},"accordion-1":{"type":"accordion","settings":{"title":"What shipping methods are availbale?","content":"<p>Lorem ipsum dolor sit amet conse ctetur adipisicing elit, sed do eiusmod tempor incididunt ut labore et dolore magna aliqua. Ut enim ad minim veniam, quis nostrud exercitation ullamco laboris nisi ut aliquip ex ea commodo consequat. Duis aute irure dolor in reprehenderit in voluptate velit esse cillum dolore eu fugiat.<br\/><br\/>Ut enim ad minim veniam, quis nostrud exercitation ullamco laboris nisi ut aliquip ex ea commodo consequat. Duis aute irure dolor in reprehenderit.<\/p>","open":true}},"accordion-2":{"type":"accordion","settings":{"title":"How long will it take to get my package?","content":"<p>Lorem ipsum dolor sit amet conse ctetur adipisicing elit, sed do eiusmod tempor incididunt ut labore et dolore magna aliqua. Ut enim ad minim veniam, quis nostrud exercitation ullamco laboris nisi ut aliquip.<\/p>","open":false}},"accordion-3":{"type":"accordion","settings":{"title":"Do you ship internationally?","content":"<p>Lorem ipsum dolor sit amet conse ctetur adipisicing elit, sed do eiusmod tempor incididunt ut labore et dolore magna aliqua. Ut enim ad minim veniam, quis nostrud exercitation ullamco laboris nisi ut aliquip.<\/p>","open":false}},"accordion-4":{"type":"accordion","settings":{"title":"What payment methods are accepted?","content":"<p>Lorem ipsum dolor sit amet conse ctetur adipisicing elit, sed do eiusmod tempor incididunt ut labore et dolore magna aliqua. Ut enim ad minim veniam, quis nostrud exercitation ullamco laboris nisi ut aliquip ex ea commodo consequat. Duis aute irure dolor in reprehenderit in voluptate velit esse cillum dolore eu fugiat.<\/p>","open":false}},"accordion-5":{"type":"accordion","settings":{"title":"Is buying on-line safe?","content":"<p>Lorem ipsum dolor sit amet conse ctetur adipisicing elit, sed do eiusmod tempor incididunt ut labore et dolore magna aliqua. Ut enim ad minim veniam, quis nostrud exercitation ullamco laboris nisi ut aliquip.<\/p>","open":false}}},"block_order":["custom-content","accordion-1","accordion-2","accordion-3","accordion-4","accordion-5"],"settings":{"container":"container","color_scheme":"","menu":"","custom_class":""}}},"order":["breadcrumb_RHyjx4","custom_content_tAfTRN","main"]}