{"sections":{"main":{"type":"page-about-us","settings":{}},"custom-content":{"type":"custom-content","blocks":{"be5d2488-3c71-471f-bb75-dbccb6970cb0":{"type":"image","settings":{"image":"shopify:\/\/shop_images\/Banner-rajaeen-desk-1.jpg","link":"","width":"100%","alignment":"center","block_custom_class":"","animations":"inherit"}},"f5e88f1f-ff68-4d03-b686-0cb9fe62fab1":{"type":"text","settings":{"title":"<h4 class=\"about__block-heading\">Rajaeen, derived from the Arabic word 'راجعين' meaning 'we shall return,' embodies the collective hope of refugees to one day reclaim their homelands.<\/h4>","subheading":"","text":"","width":"100%","alignment":"center","align_text":"center","text_size":"medium","text_color":"black","button_label":"","button_link":"","button_style":"m-button--primary","button_size":"","block_custom_class":"sf__about-block sf__about-block-text sf__about-block-text-1","animations":"inherit"}},"text_KywMmj":{"type":"text","settings":{"title":"","subheading":"Established with a profound purpose, Rajaeen seeks to empower refugees, particularly women, by offering employment opportunities rooted in the rich tapestry of handcrafted products and heritage.","text":"","width":"100%","alignment":"center","align_text":"center","text_size":"medium","text_color":"black","button_label":"","button_link":"","button_style":"m-button--primary","button_size":"","block_custom_class":"","animations":"inherit"}},"4e1fb14f-ef60-4693-b6a2-2b26063e1b70":{"type":"image","settings":{"image":"shopify:\/\/shop_images\/20240128_163959.jpg","link":"","width":"50%","alignment":"center","block_custom_class":"","animations":"inherit"}},"9a3a8077-de29-4141-9162-b9484d4a85f8":{"type":"html","settings":{"code":"<div class=\"sf__about-custom-list\">\n  <h3>We are proud<br> to Help Palestinian.<\/h3>\n  <ul>\n    <li>\n      <span><img src=\"https:\/\/cdn.shopify.com\/s\/files\/1\/0561\/2742\/2636\/files\/icon1.svg?v=1627616411\"><\/span>\n      <div class=\"rte\">\n          <h4>Help Refugees Earn Respectfully:<\/h4>\n          <p class=\"text-color-subtext\">At Rajaeen, we give refugees and Palestinians a platform to sell their handmade or locally made goods. By supporting us, you're helping them create reliable income sources and build better lives for themselves.<\/p>\n      <\/div>\n    <\/li>\n    <li>\n      <span><img src=\"https:\/\/cdn.shopify.com\/s\/files\/1\/0561\/2742\/2636\/files\/icon2_daf1b6c2-ef2e-416c-ae6a-a7ddd145b6c5.svg?v=1627616411\"><\/span>\n      <div class=\"rte\">\n          <h4>Stories, Not Just Stuff:<\/h4>\n          <p class=\"text-color-subtext\">Each product has a story behind it, showing resilience and determination. Made with care, our items carry the personal stories of refugees, making them more than just things – they're meaningful symbols of hope and strength.<\/p>\n      <\/div>\n    <\/li>\n    <li>\n      <span><img src=\"https:\/\/cdn.shopify.com\/s\/files\/1\/0561\/2742\/2636\/files\/icon3.svg?v=1627616411\"><\/span>\n      <div class=\"rte\">\n          <h4>Join us on our journey to realize our vision:<\/h4>\n          <p class=\"text-color-subtext\">Becoming the leading marketplace empowering refugees to earn income with dignity.<\/p>\n      <\/div>\n    <\/li>\n  <\/ul>\n<\/div>","width":"50%","block_custom_class":"sf__about-custom-html","animations":"inherit"}},"28e3ce35-e364-43f3-ba87-18b633233063":{"type":"text","settings":{"title":"<h4 class=\"about__block-heading\">Our Mission<\/h4>","subheading":"","text":"<p>At Rajaeen, we believe in preserving tradition while fostering economic independence. Our mission is twofold: to equip refugees with the skills and resources to produce exquisite handmade goods and to connect them with a global audience through our online marketplace.<\/p>","width":"100%","alignment":"center","align_text":"center","text_size":"medium","text_color":"black","button_label":"","button_link":"","button_style":"m-button--primary","button_size":"","block_custom_class":"sf__about-block sf__about-block-text sf__about-block-text-2","animations":"inherit"}},"c6a8b57f-c54c-43f1-9771-9ea5d88a2f36":{"type":"text","settings":{"title":"<h4 class=\"about__block-heading\">Our Vision<\/h4>","subheading":"","text":"","width":"100%","alignment":"center","align_text":"center","text_size":"medium","text_color":"black","button_label":"","button_link":"","button_style":"m-button--primary","button_size":"","block_custom_class":"sf__about-custom-heading","animations":"inherit"}},"text_xMRyPC":{"type":"text","settings":{"title":"","subheading":"","text":"<p>Our vision extends beyond commerce; it's about catalyzing positive change on a global scale. Through Rajaeen.com, we aspire to:<\/p><ol><li>Educate individuals worldwide about refugee causes, fostering empathy and understanding.<\/li><li>Amplify refugee voices by providing a platform for them to share their stories and experiences.<\/li><li>Empower refugees by enabling them to earn a sustainable income through their craftsmanship.<\/li><li>Provide a transparent avenue for individuals to support refugees ethically and securely.<\/li><\/ol><p>Our commitment to this vision is reflected in our hands-on approach. We directly engage with refugees, facilitating every step of the production process, from skill-building workshops to product promotion. Each artisan has a voice; their stories are integral to our platform, enriching the connection between creator and consumer.<\/p><p><br\/>Looking ahead, we envision expanding our impact by establishing training centers in regions like but not limited to Jordan, south of Turkey, West Bank, and Gaza. These centers will serve as empowerment hubs, equipping refugees with practical skills and the means to access markets worldwide.<\/p><p> <\/p>","width":"100%","alignment":"center","align_text":"left","text_size":"medium","text_color":"black","button_label":"","button_link":"","button_style":"m-button--primary","button_size":"","block_custom_class":"sf__about-block-text-3","animations":"inherit"}},"text_HG43VV":{"type":"text","settings":{"title":"Join us in our mission to create sustainable livelihoods for refugees. Together, we can turn hope into tangible opportunities for those searching for a brighter tomorrow.","subheading":"","text":"","width":"100%","alignment":"center","align_text":"center","text_size":"small","text_color":"black","button_label":"","button_link":"","button_style":"m-button--primary","button_size":"","block_custom_class":"","animations":"inherit"}},"859f4ef2-676f-4587-9ae8-3a19ffa439dd":{"type":"image_card","disabled":true,"settings":{"width":"33%","color_scheme":"","content_position":"bottom_left","content_alignment":"left","text_size":"medium","text_color":"black","link":"","title":"Edward Lindgren","subtitle":"<span class=\"text-color-subtext\">CHIEF OPERATING OFFICER<\/span>","description":"","button_label":"","button_style":"m-button--primary","button_size":"","button_fixed":false,"use_content_above":false,"block_custom_class":"sf__about-card-custom","animations":"inherit"}},"a1a4a67f-c83f-4629-a006-e44f56c80bf5":{"type":"image_card","disabled":true,"settings":{"width":"33%","color_scheme":"","content_position":"bottom_left","content_alignment":"left","text_size":"medium","text_color":"black","link":"","title":"Chineze Afamefuna","subtitle":"<span class=\"text-color-subtext\">MARKETING<\/span>","description":"","button_label":"","button_style":"m-button--primary","button_size":"","button_fixed":false,"use_content_above":false,"block_custom_class":"sf__about-card-custom","animations":"inherit"}},"dc4597e9-ca80-4d0f-9e30-ff28c96dd3aa":{"type":"image_card","disabled":true,"settings":{"width":"33%","color_scheme":"","content_position":"bottom_left","content_alignment":"left","text_size":"medium","text_color":"black","link":"","title":"Nado Husa","subtitle":"<span class=\"text-color-subtext\">CO-FOUNDER<\/span>","description":"","button_label":"","button_style":"m-button--primary","button_size":"","button_fixed":false,"use_content_above":false,"block_custom_class":"sf__about-card-custom","animations":"inherit"}}},"block_order":["be5d2488-3c71-471f-bb75-dbccb6970cb0","f5e88f1f-ff68-4d03-b686-0cb9fe62fab1","text_KywMmj","4e1fb14f-ef60-4693-b6a2-2b26063e1b70","9a3a8077-de29-4141-9162-b9484d4a85f8","28e3ce35-e364-43f3-ba87-18b633233063","c6a8b57f-c54c-43f1-9771-9ea5d88a2f36","text_xMRyPC","text_HG43VV","859f4ef2-676f-4587-9ae8-3a19ffa439dd","a1a4a67f-c83f-4629-a006-e44f56c80bf5","dc4597e9-ca80-4d0f-9e30-ff28c96dd3aa"],"custom_css":["@media (min-width: 1280px) {#m-custom__block--9a3a8077-de29-4141-9162-b9484d4a85f8 {padding-left: 100px; }}"],"settings":{"heading":"","heading_size":"h3","subheading":"","description":"","header_alignment":"center","container":"container","color_scheme":"","content_color_scheme":"","enable_parallax":false,"parallax_direction":"vertical","gap":30,"gap_mobile":16,"use_scroll_mobile":false,"padding_top":0,"padding_bottom":0,"custom_class":"m-about-page"}}},"order":["main","custom-content"]}