{"sections":{"main":{"type":"page-contact","settings":{"container":"container"}},"contact-form":{"type":"contact-form","blocks":{"text-block-1":{"type":"textblock","settings":{"title":"Address","content":"<p>San Jose, CA, USA.<\/p>"}},"text-block-2":{"type":"textblock","settings":{"title":"Information","content":"<p><a href=\"tel:14158672156\" target=\"_blank\" title=\"tel:14158672156\">+1 415-867-2156<\/a><\/p><p><a href=\"mailto:abd@electronsllc.com\" target=\"_blank\" title=\"mailto:abd@electronsllc.com\">abd@electronsllc.com<\/a><\/p>"}},"text-block-3":{"type":"socialmedia","settings":{"title":"Social Media"}}},"block_order":["text-block-1","text-block-2","text-block-3"],"settings":{"container":"container","title":"We would love to hear from you.","description":"<p>If you’ve got great products your making or looking to work with us then drop us a line.<\/p>","show_name":true,"show_phone":true,"show_signup_email":true,"animations":"inherit"}},"instagram_Jc4f68":{"type":"instagram","settings":{"heading":"Follow Us on Instagram","heading_size":"h3","subheading":"","description":"","header_alignment":"center","container":"container-fluid","color_scheme":"","color_scheme_content":"","layout":"grid","images_count":4,"grid_columns":4,"gap":30,"mobile_gap":10,"profile":"https:\/\/www.instagram.com\/rajaeen1\/","button_label":"Follow Us","button_style":"m-button--primary","use_scroll_mobile":true,"padding_top":0,"padding_bottom":0,"custom_class":""}}},"order":["main","contact-form","instagram_Jc4f68"]}