{"sections":{"main":{"type":"main-404","disabled":true,"settings":{}},"media_with_text_UFVMCU":{"type":"media-with-text","blocks":{"heading_XLNBeg":{"type":"heading","settings":{"heading":"Nessun opera d'Arte qui... per ora.","heading_size":"h3","heading_h1":false}},"text_Vihn6D":{"type":"text","settings":{"text":"<p><strong>Stiamo ancora allestendo <\/strong>questa parte della nostra galleria!<br\/>Al momento <strong>puoi visitare la nostra homepage o scegliere una collezione qui sotto <\/strong>per esplorare i capolavori esistenti.<\/p>","enlarge_text":false}},"button_LidDGw":{"type":"button","settings":{"button_label":"CONTINUA LO SHOPPING","button_link":"shopify:\/\/collections\/nuovi-arrivi","button_style":"btn btn--primary"}}},"block_order":["heading_XLNBeg","text_Vihn6D","button_LidDGw"],"settings":{"image":"shopify:\/\/shop_images\/Progetto_senza_titolo_-_2024-04-25T154449.471.webp","video_external":"","video_description":"","video_autoplay":false,"layout":"left","image_fit":"contain","media_width":50,"media_scale":100,"text_align":"text-start","color_scheme":"none","only_content_color_scheme":false}}},"order":["main","media_with_text_UFVMCU"]}