{"sections":{"main":{"type":"main-blog","settings":{"show_blog_title":true,"description":"","show_share_links":true,"text_align":"text-start","posts_per_page":13,"three_columns":true,"show_tag_filter":true,"show_featured_image":true,"image_ratio":"shortest","show_tags":false,"show_excerpt":true,"show_author":true,"show_date":true,"show_button":false,"button_style":"btn btn--secondary","show_featured_post":true,"show_featured_excerpt":true,"show_featured_button":true,"color_scheme":"1","featured_button_style":"btn btn--secondary"}},"featured_blog_8QYtyq":{"type":"featured-blog","settings":{"title":"Featured blog","heading_align":"text-start","show_view_all":true,"blog":"","layout":"carousel","posts_to_show":8,"show_featured_image":true,"show_tags":false,"show_excerpt":true,"show_author":true,"show_date":true,"show_button":false,"color_scheme":"none","image_ratio":"1.77","button_style":"btn btn--primary"}}},"order":["main","featured_blog_8QYtyq"]}