{"sections":{"ss_circle_menu_pro_bcNJwA":{"type":"ss-circle-menu-pro","blocks":{"image_qcWGwG":{"type":"Image","settings":{"bubble_img":"shopify:\/\/shop_images\/ExcelsiorGroup_portrait_painting_of_a_Boho_abstract_landscape_h_5618fadb-77de-4be3-bac2-b81227afcdf1.webp","bubble_text":"ASTRATTO","bubble_link":"shopify:\/\/collections\/arte-astratta"}},"image_76NBqP":{"type":"Image","settings":{"bubble_img":"shopify:\/\/shop_images\/ExcelsiorGroup_an_impressionist_painting_of_Venetian_canals_in__bfbad550-57f7-4517-b3ce-858beba1ec88.webp","bubble_text":"PAESAGGIO","bubble_link":"shopify:\/\/collections\/natura-e-paesaggi"}},"image_y9NAtJ":{"type":"Image","settings":{"bubble_img":"shopify:\/\/shop_images\/arte-e-graffiti-289427.jpg","bubble_text":"POP ART","bubble_link":"shopify:\/\/collections\/arte-graffiti"}},"image_nYmzhw":{"type":"Image","settings":{"bubble_img":"shopify:\/\/shop_images\/ExcelsiorGroup_flower_in_gold_on_white_painting_in_the_style_of_b5487d4f-c87c-430d-b7f1-187ab457be58.png","bubble_text":"FLOREALE","bubble_link":"shopify:\/\/collections\/fiori-e-piante"}},"image_8ARDmJ":{"type":"Image","settings":{"bubble_img":"shopify:\/\/shop_images\/excelsiorgroup_creat_an_abstract__geometric_portrait_of_a_beaut_af341c61-0cb0-4fb8-9d96-2e504dd9f5da.webp","bubble_text":"FASHION","bubble_link":"shopify:\/\/collections\/essenza-velata"}},"image_97wcRe":{"type":"Image","settings":{"bubble_img":"shopify:\/\/shop_images\/Opere_Celebri.webp","bubble_text":"CLASSICO","bubble_link":"shopify:\/\/collections\/dipinti-famosi"}},"image_gNX6Hn":{"type":"Image","settings":{"bubble_img":"shopify:\/\/shop_images\/Nero_Oro_3c8670c4-78f0-452b-b675-52b43770c22c.webp","bubble_text":"NERO E ORO","bubble_link":"shopify:\/\/collections\/nero-oro"}},"image_dqQeGn":{"type":"Image","settings":{"bubble_img":"shopify:\/\/shop_images\/ANIMALI.png","bubble_text":"ANIMALI","bubble_link":"shopify:\/\/collections\/animali-2"}}},"block_order":["image_qcWGwG","image_76NBqP","image_y9NAtJ","image_nYmzhw","image_8ARDmJ","image_97wcRe","image_gNX6Hn","image_dqQeGn"],"disabled":true,"settings":{"hide_mobile":false,"hide_desktop":false,"heading_section":"","heading_section_custom":false,"heading_section_font":"assistant_n4","heading_section_size":0,"heading_section_size_mobile":0,"heading_section_height":50,"heading_section_align":"center","heading_section_align_mobile":"left","heading_section_weight":"700","heading_section_inline":false,"heading_section_width":100,"sliders_mt":0,"sliders_gap":12,"sliders_nav_desktop":"none","sliders_nav":"scrollbar","buttons_position":"top","button_size":24,"button_icon_size":6,"button_border_thickness":0,"scrollbar_mt":0,"icon_size":112,"icon_size_mobile":88,"hover_effect":true,"square_image":false,"text_size":12,"text_size_mobile":12,"heading_custom":false,"heading_font":"assistant_n4","text_mt":0,"border_size":1,"text_color":"#121212","button_bg_color":"#f2f1f4","button_bg_hover_color":"#f5f5f5","button_icon_color":"#000000","button_icon_hover_color":"#000000","button_border_color":"#000000","button_border_hover_color":"#000000","scrollbar_bg":"#efefef","scrollbar_drag_bg":"#d7d7d7","heading_section_color":"#121212","background-color":"#ffffff","ring_color":"#121212","background_gradient":"","border_color":"#000000","margin_top":0,"margin_bottom":0,"padding_top":0,"padding_bottom":0,"padding_horizontal":0,"padding_horizontal_mobile":1.5,"full_width":false,"content_width":120,"border_thickness":0,"lazy":true}},"featured_collection_JQgc6K":{"type":"featured-collection","settings":{"title":"{{ collection.metafields.custom.stile.value.nome_1.value }}","heading_align":"text-start","show_view_all":false,"collection":"{{ collection.metafields.custom.stile.value.collezione.value }}","layout":"carousel","card_size_mobile":"small","card_size":"small","products_to_show":24,"show_promo_info":false,"image_ratio":"fill","promo_title":"A headline to grab attention{{ section.settings.collection.metafields.custom.stile.value.nome_1.value }}","content":"<p>Use this card with an image to highlight your collections or introduce a promotion.<\/p>","link_url":"","button_label":"Button","color_scheme":"2","button_style":"btn btn--primary"}},"featured_collection_cFdFwX":{"type":"featured-collection","settings":{"title":"{{ collection.metafields.custom.stile.value.nome_2.value }}","heading_align":"text-start","show_view_all":false,"collection":"{{ collection.metafields.custom.stile.value.collezione_2.value }}","layout":"carousel","card_size_mobile":"small","card_size":"small","products_to_show":24,"show_promo_info":false,"image_ratio":"fill","promo_title":"A headline to grab attention","content":"<p>Use this card with an image to highlight your collections or introduce a promotion.<\/p>","link_url":"","button_label":"Button","color_scheme":"2","button_style":"btn btn--primary"}},"featured_collection_L6JLAB":{"type":"featured-collection","settings":{"title":"","heading_align":"text-start","show_view_all":false,"collection":"{{ collection.metafields.custom.soggetti.value.collezione_2.value }}","layout":"carousel","card_size_mobile":"small","card_size":"small","products_to_show":24,"show_promo_info":false,"image_ratio":"fill","promo_title":"A headline to grab attention","content":"<p>Use this card with an image to highlight your collections or introduce a promotion.<\/p>","link_url":"","button_label":"Button","color_scheme":"2","button_style":"btn btn--primary"}},"featured_collection_ny39yE":{"type":"featured-collection","settings":{"title":"","heading_align":"text-start","show_view_all":false,"collection":"{{ collection.metafields.custom.soggetti.value.collezione_3.value }}","layout":"carousel","card_size_mobile":"small","card_size":"small","products_to_show":24,"show_promo_info":false,"image_ratio":"fill","promo_title":"A headline to grab attention","content":"<p>Use this card with an image to highlight your collections or introduce a promotion.<\/p>","link_url":"","button_label":"Button","color_scheme":"2","button_style":"btn btn--primary"}},"featured_collection_hBgPqp":{"type":"featured-collection","settings":{"title":"","heading_align":"text-start","show_view_all":false,"collection":"{{ collection.metafields.custom.soggetti.value.collezione_4.value }}","layout":"carousel","card_size_mobile":"small","card_size":"small","products_to_show":24,"show_promo_info":false,"image_ratio":"fill","promo_title":"A headline to grab attention","content":"<p>Use this card with an image to highlight your collections or introduce a promotion.<\/p>","link_url":"","button_label":"Button","color_scheme":"2","button_style":"btn btn--primary"}},"featured_collection_WGAmHy":{"type":"featured-collection","settings":{"title":"","heading_align":"text-start","show_view_all":false,"collection":"{{ collection.metafields.custom.soggetti.value.collezione_5.value }}","layout":"carousel","card_size_mobile":"small","card_size":"small","products_to_show":24,"show_promo_info":false,"image_ratio":"fill","promo_title":"A headline to grab attention","content":"<p>Use this card with an image to highlight your collections or introduce a promotion.<\/p>","link_url":"","button_label":"Button","color_scheme":"2","button_style":"btn btn--primary"}},"featured_collection_XrQqtR":{"type":"featured-collection","settings":{"title":"{{ collection.metafields.custom.stile.value.nome_3.value }}","heading_align":"text-start","show_view_all":false,"collection":"{{ collection.metafields.custom.stile.value.collezione_3.value }}","layout":"carousel","card_size_mobile":"small","card_size":"small","products_to_show":24,"show_promo_info":false,"image_ratio":"fill","promo_title":"A headline to grab attention","content":"<p>Use this card with an image to highlight your collections or introduce a promotion.<\/p>","link_url":"","button_label":"Button","color_scheme":"2","button_style":"btn btn--primary"}},"featured_collection_FQhwE7":{"type":"featured-collection","settings":{"title":"{{ collection.metafields.custom.stile.value.nome_4.value }}","heading_align":"text-start","show_view_all":false,"collection":"{{ collection.metafields.custom.stile.value.collezione_4.value }}","layout":"carousel","card_size_mobile":"small","card_size":"small","products_to_show":24,"show_promo_info":false,"image_ratio":"fill","promo_title":"A headline to grab attention","content":"<p>Use this card with an image to highlight your collections or introduce a promotion.<\/p>","link_url":"","button_label":"Button","color_scheme":"2","button_style":"btn btn--primary"}},"featured_collection_7ByxXB":{"type":"featured-collection","settings":{"title":"{{ collection.metafields.custom.stile.value.nome_5.value }}","heading_align":"text-start","show_view_all":false,"collection":"{{ collection.metafields.custom.stile.value.collezione_5.value }}","layout":"carousel","card_size_mobile":"small","card_size":"small","products_to_show":24,"show_promo_info":false,"image_ratio":"fill","promo_title":"A headline to grab attention","content":"<p>Use this card with an image to highlight your collections or introduce a promotion.<\/p>","link_url":"","button_label":"Button","color_scheme":"2","button_style":"btn btn--primary"}},"featured_collection_44Kwxr":{"type":"featured-collection","settings":{"title":"{{ collection.metafields.custom.stile.value.nome_6.value }}","heading_align":"text-start","show_view_all":false,"collection":"{{ collection.metafields.custom.stile.value.collezione_6.value }}","layout":"carousel","card_size_mobile":"small","card_size":"small","products_to_show":24,"show_promo_info":false,"image_ratio":"fill","promo_title":"A headline to grab attention","content":"<p>Use this card with an image to highlight your collections or introduce a promotion.<\/p>","link_url":"","button_label":"Button","color_scheme":"2","button_style":"btn btn--primary"}},"featured_collection_e9LfbJ":{"type":"featured-collection","settings":{"title":"{{ collection.metafields.custom.stile.value.nome_7.value }}","heading_align":"text-start","show_view_all":false,"collection":"{{ collection.metafields.custom.stile.value.collezione_7.value }}","layout":"carousel","card_size_mobile":"small","card_size":"small","products_to_show":24,"show_promo_info":false,"image_ratio":"fill","promo_title":"A headline to grab attention","content":"<p>Use this card with an image to highlight your collections or introduce a promotion.<\/p>","link_url":"","button_label":"Button","color_scheme":"2","button_style":"btn btn--primary"}},"featured_collection_HL83pi":{"type":"featured-collection","settings":{"title":"{{ collection.metafields.custom.stile.value.nome_8.value }}","heading_align":"text-start","show_view_all":false,"collection":"{{ collection.metafields.custom.stile.value.collezione_8.value }}","layout":"carousel","card_size_mobile":"small","card_size":"small","products_to_show":24,"show_promo_info":false,"image_ratio":"fill","promo_title":"A headline to grab attention","content":"<p>Use this card with an image to highlight your collections or introduce a promotion.<\/p>","link_url":"","button_label":"Button","color_scheme":"2","button_style":"btn btn--primary"}},"featured_collection_KfRBJL":{"type":"featured-collection","settings":{"title":"{{ collection.metafields.custom.stile.value.nome_9.value }}","heading_align":"text-start","show_view_all":false,"collection":"{{ collection.metafields.custom.stile.value.collezione_9.value }}","layout":"carousel","card_size_mobile":"small","card_size":"small","products_to_show":24,"show_promo_info":false,"image_ratio":"fill","promo_title":"A headline to grab attention","content":"<p>Use this card with an image to highlight your collections or introduce a promotion.<\/p>","link_url":"","button_label":"Button","color_scheme":"2","button_style":"btn btn--primary"}},"featured_collection_i6VzMB":{"type":"featured-collection","settings":{"title":"{{ collection.metafields.custom.stile.value.nome_10.value }}","heading_align":"text-start","show_view_all":false,"collection":"{{ collection.metafields.custom.stile.value.collezione_10.value }}","layout":"carousel","card_size_mobile":"small","card_size":"small","products_to_show":24,"show_promo_info":false,"image_ratio":"fill","promo_title":"A headline to grab attention","content":"<p>Use this card with an image to highlight your collections or introduce a promotion.<\/p>","link_url":"","button_label":"Button","color_scheme":"2","button_style":"btn btn--primary"}},"collection-products":{"type":"main-collection-products","settings":{"products_per_page":50,"card_size_mobile":"small","card_size":"medium","show_layout_toggle":true,"enable_filtering":true,"filters_open_lg":true,"stick_on_scroll":true,"show_filter_counts":true,"expand_filters":true,"max_filter_options":4,"enable_sorting":true,"show_feat_sort_opt":true,"sort_first":true}},"collection-banner":{"type":"main-collection-banner","settings":{"show_collection_title":false,"show_product_count":true,"show_collection_description":false,"text_align":"text-start","collection_image":"none","use_product_image":false,"text_width":"wide","color_scheme":"default"}},"seo_section_xAzjcR":{"type":"SEO-section","settings":{"title":"{{ collection.metafields.custom.stile.value.heading.value }}","sub_heading":"{{ collection.metafields.custom.stile.value.sub_heading.value }}","content":"{{ collection.metafields.custom.stile.value.rich_text | metafield_tag }}"}},"custom_liquid_Y6AiU9":{"type":"custom-liquid","settings":{"custom_liquid":"","section_height":"default","full_width":false,"dividers":"none","prevent_animation":false}}},"order":["ss_circle_menu_pro_bcNJwA","featured_collection_JQgc6K","featured_collection_cFdFwX","featured_collection_L6JLAB","featured_collection_ny39yE","featured_collection_hBgPqp","featured_collection_WGAmHy","featured_collection_XrQqtR","featured_collection_FQhwE7","featured_collection_7ByxXB","featured_collection_44Kwxr","featured_collection_e9LfbJ","featured_collection_HL83pi","featured_collection_KfRBJL","featured_collection_i6VzMB","collection-products","collection-banner","seo_section_xAzjcR","custom_liquid_Y6AiU9"]}