{"sections":{"ss_circle_menu_pro_bcNJwA":{"type":"ss-circle-menu-pro","blocks":{"image_qcWGwG":{"type":"Image","settings":{"bubble_img":"shopify:\/\/shop_images\/ExcelsiorGroup_portrait_painting_of_a_Boho_abstract_landscape_h_5618fadb-77de-4be3-bac2-b81227afcdf1.webp","bubble_text":"ASTRATTO","bubble_link":"shopify:\/\/collections\/arte-astratta"}},"image_76NBqP":{"type":"Image","settings":{"bubble_img":"shopify:\/\/shop_images\/ExcelsiorGroup_an_impressionist_painting_of_Venetian_canals_in__bfbad550-57f7-4517-b3ce-858beba1ec88.webp","bubble_text":"PAESAGGIO","bubble_link":"shopify:\/\/collections\/natura-e-paesaggi"}},"image_y9NAtJ":{"type":"Image","settings":{"bubble_img":"shopify:\/\/shop_images\/arte-e-graffiti-289427.jpg","bubble_text":"POP ART","bubble_link":"shopify:\/\/collections\/arte-graffiti"}},"image_nYmzhw":{"type":"Image","settings":{"bubble_img":"shopify:\/\/shop_images\/ExcelsiorGroup_flower_in_gold_on_white_painting_in_the_style_of_b5487d4f-c87c-430d-b7f1-187ab457be58.png","bubble_text":"FLOREALE","bubble_link":"shopify:\/\/collections\/fiori-e-piante"}},"image_8ARDmJ":{"type":"Image","settings":{"bubble_img":"shopify:\/\/shop_images\/excelsiorgroup_creat_an_abstract__geometric_portrait_of_a_beaut_af341c61-0cb0-4fb8-9d96-2e504dd9f5da.webp","bubble_text":"FASHION","bubble_link":"shopify:\/\/collections\/essenza-velata"}},"image_97wcRe":{"type":"Image","settings":{"bubble_img":"shopify:\/\/shop_images\/Opere_Celebri.webp","bubble_text":"CLASSICO","bubble_link":"shopify:\/\/collections\/dipinti-famosi"}},"image_gNX6Hn":{"type":"Image","settings":{"bubble_img":"shopify:\/\/shop_images\/Nero_Oro_3c8670c4-78f0-452b-b675-52b43770c22c.webp","bubble_text":"NERO E ORO","bubble_link":"shopify:\/\/collections\/nero-oro"}},"image_dqQeGn":{"type":"Image","settings":{"bubble_img":"shopify:\/\/shop_images\/ANIMALI.png","bubble_text":"ANIMALI","bubble_link":"shopify:\/\/collections\/animali-2"}}},"block_order":["image_qcWGwG","image_76NBqP","image_y9NAtJ","image_nYmzhw","image_8ARDmJ","image_97wcRe","image_gNX6Hn","image_dqQeGn"],"settings":{"hide_mobile":false,"hide_desktop":false,"heading_section":"","heading_section_custom":false,"heading_section_font":"assistant_n4","heading_section_size":0,"heading_section_size_mobile":0,"heading_section_height":50,"heading_section_align":"center","heading_section_align_mobile":"left","heading_section_weight":"700","heading_section_inline":false,"heading_section_width":100,"sliders_mt":0,"sliders_gap":12,"sliders_nav_desktop":"none","sliders_nav":"scrollbar","buttons_position":"top","button_size":24,"button_icon_size":6,"button_border_thickness":0,"scrollbar_mt":10,"icon_size":112,"icon_size_mobile":88,"hover_effect":true,"square_image":false,"text_size":12,"text_size_mobile":12,"heading_custom":false,"heading_font":"assistant_n4","text_mt":0,"border_size":1,"text_color":"#121212","button_bg_color":"#f2f1f4","button_bg_hover_color":"#f5f5f5","button_icon_color":"#000000","button_icon_hover_color":"#000000","button_border_color":"#000000","button_border_hover_color":"#000000","scrollbar_bg":"#efefef","scrollbar_drag_bg":"#d7d7d7","heading_section_color":"#121212","background-color":"#ffffff","ring_color":"#121212","background_gradient":"","border_color":"#000000","margin_top":0,"margin_bottom":0,"padding_top":0,"padding_bottom":0,"padding_horizontal":0,"padding_horizontal_mobile":1.5,"full_width":false,"content_width":120,"border_thickness":0,"lazy":true}},"ss_hero_6_MNX7Qy":{"type":"ss-hero-6","blocks":{"badge_XA6baT":{"type":"badge","settings":{"text":"SPEDIZIONE IN TUTTA EUROPA","text_color":"#ffffff","bg_color":"#94a6ba","border_color":"#94a6ba"}},"badge_XGnB49":{"type":"badge","settings":{"text":"100% MADE IN ITALY","text_color":"#ffffff","bg_color":"#01ae75","border_color":"#000000"}},"feature_VcDAh7":{"type":"feature","settings":{"text":"☛ Miglioramento immediato dell'ambiente"}},"feature_qBFYWF":{"type":"feature","settings":{"text":"☛ 2000+ design disponibili"}},"feature_jk3JXi":{"type":"feature","settings":{"text":"☛ Soddisfatto o Rimborsato"}}},"block_order":["badge_XA6baT","badge_XGnB49","feature_VcDAh7","feature_qBFYWF","feature_jk3JXi"],"settings":{"heading":"<p><strong>Trasforma le Tue Pareti in un Capolavoro.<\/strong><\/p>","heading_custom":true,"heading_font":"montserrat_n6","heading_size":36,"heading_size_mobile":28,"heading_height":120,"heading_mt":10,"heading_align":"left","heading_align_mobile":"center","text":"<p>Eleva istantaneamente la tua casa con le nostre esclusive stampe su tela incorniciate.<\/p>","text_custom":true,"text_font":"karla_n4","text_size":24,"text_size_mobile":18,"text_height":160,"text_mt":12,"text_align":"left","text_align_mobile":"left","feature_text_custom":true,"feature_text_font":"karla_n7","feature_text_size":20,"feature_text_size_mobile":15,"feature_text_height":160,"feature_text_mt":28,"feature_text_space":12,"feature_text_align":"left","feature_text_align_mobile":"left","button":"<p>ACQUISTA ORA<\/p>","button_url":"shopify:\/\/collections\/best-sellers","button_custom":true,"button_font":"montserrat_n7","button_size":26,"button_size_mobile":22,"button_height":100,"button_mt":28,"button_padding_vertical":16,"button_padding_vertical_mobile":16,"button_padding_horizontal":50,"button_padding_horizontal_mobile":50,"button_radius":12,"button_border_thickness":0,"button_align":"left","button_align_mobile":"center","button_icon":true,"button_gap":28,"button_shadow":true,"stars_count":4.5,"stars_size":20,"stars_size_mobile":20,"stars_mt":16,"rate_text":"<p>Votato <strong>4,9\/5<\/strong> sulla base di <strong>+1593<\/strong> <strong>recensioni<\/strong><\/p>","rate_text_custom":true,"rate_text_font":"karla_n4","rate_text_size":14,"rate_text_size_mobile":14,"rate_text_height":100,"rate_text_align":"start","rate_text_align_mobile":"center","badge_custom":false,"badge_font":"josefin_sans_n4","badge_size":14,"badge_size_mobile":14,"badge_height":100,"badge_padding_vertical":4,"badge_padding_vertical_mobile":4,"badge_padding_horizontal":24,"badge_padding_horizontal_mobile":24,"badge_radius":24,"badge_border_thickness":0,"badge_align":"start","badge_align_mobile":"center","badge_mt_mobile":10,"image":"shopify:\/\/shop_images\/home_page_img_compare_jpeg.jpg","image_radius":0,"image_border_thickness":0,"image_blur_desktop":true,"absolute_image_width":180,"absolute_image_radius":0,"absolute_image_border_thickness":0,"button_color":"#ffffff","button_hover_color":"#ffffff","button_other_color":"#ff75b8","button_hover_other_color":"#ff75b8","button_bg_color":"#f06e3a","button_bg_hover_color":"#f06e3a","button_border_color":"#f06e3a","button_border_hover_color":"#f06e3a","button_shadow_color":"#989898","heading_color":"#000000","text_color":"#000000","feature_text_color":"#000000","stars_color":"#01ae75","rate_text_color":"#000000","image_border_color":"#000000","image_blur_color":"#ffffff","absolute_image_border_color":"#000000","background_color":"#ffffff","background_gradient":"","border_color":"#000000","margin_top":0,"margin_bottom":0,"padding_top":60,"padding_top_mobile":9,"padding_bottom":100,"padding_bottom_mobile":25,"padding_horizontal":5,"padding_horizontal_mobile":1.5,"full_width":false,"content_width":150,"border_thickness":0,"lazy":true}},"icons_with_text_y9F9TN":{"type":"icons-with-text","blocks":{"item_FVzid6":{"type":"item","settings":{"icon":"truck","custom_icon":"shopify:\/\/shop_images\/Icon_Spedizione_Gratuita_Cupido_1_1.png","heading":"Made In Italy","text":"<p>Qualità premium: stampe realizzate a mano con amore in Italia.<\/p>","link":""}},"item_CbABjc":{"type":"item","settings":{"icon":"price_tag","custom_icon":"shopify:\/\/shop_images\/Icon_Reso_Cupido_2_1.webp","heading":"Resi facili e veloci","text":"<p>Se non sei soddisfatto al 100% del tuo acquisto, hai 14 calendari giorni dalla RICEZIONE dell'ordine per restituirlo.<\/p>","link":""}},"item_mHgdUf":{"type":"item","settings":{"icon":"return","custom_icon":"shopify:\/\/shop_images\/2341.jpg","heading":"Più di 2.000 design unici","text":"<p>Ti offriamo un'ampia scelta di stampe su tela, ognuna con la sua particolarità. stile, forme e colori.<\/p>","link":""}},"item_zekYcU":{"type":"item","settings":{"icon":"chat_bubble","custom_icon":"shopify:\/\/shop_images\/Icon_Pagamento_Sicuro_Cupido_2_1_1_1_2.jpg","heading":"Paga in modo facile e sicuro","text":"<p>Offriamo vari metodi di pagamento, tra cui Klarna e Scalapay.<\/p>","link":""}}},"block_order":["item_FVzid6","item_CbABjc","item_mHgdUf","item_zekYcU"],"settings":{"heading":"","heading_align":"text-start","icon_size":48,"title_type_scale":"small","text_type_scale":"extra_small","icon_position":"beside","mobile_stack":true,"section_height":"small","color_scheme":"none","full_width":true,"dividers":"none","prevent_animation":true}},"promo_strip_LqJc4P":{"type":"promo-strip","blocks":{"heading_hfTpwJ":{"type":"heading","settings":{"heading":"Promozione estiva:","heading_size":"h3","show_on_mobile":true,"show_on_desktop":true}},"text_pzi3Qx":{"type":"text","settings":{"text":"<p>Risparmia il 15% con il codice: &lcub;SUMMER15&rcub; (l'offerta può terminare in qualsiasi momento)<\/p>","enlarge_text":true,"show_on_mobile":true,"show_on_desktop":true}},"button_EaBRYk":{"type":"button","settings":{"button_label":"ACQUISTA ORA","button_link":"shopify:\/\/collections\/nuovi-arrivi","button_style":"btn btn--primary"}}},"block_order":["heading_hfTpwJ","text_pzi3Qx","button_EaBRYk"],"settings":{"section_height":"small","color_scheme":"1","full_width":true,"dividers":"border-top","prevent_animation":false}},"featured_collection_fTB4EB":{"type":"featured-collection","settings":{"title":"I nostri prodotti più venduti:","heading_align":"text-start","show_view_all":true,"collection":"best-sellers","layout":"carousel","card_size_mobile":"small","card_size":"small","products_to_show":16,"show_promo_info":false,"image_ratio":"fill","promo_title":"A headline to grab attention","content":"<p>Use this card with an image to highlight your collections or introduce a promotion.<\/p>","link_url":"","button_label":"Button","color_scheme":"2","button_style":"btn btn--primary"}},"ss_testimonial_12_Rh9XwY":{"type":"ss-testimonial-12","blocks":{"slide_axXCxF":{"type":"slide","settings":{"media_style":"image","image":"shopify:\/\/shop_images\/455851753171059810-54608502-452a-41c8-8aaf-47a73206b189.jpg","video_url":"https:\/\/www.youtube.com\/watch?v=_9VUPq3SxOc","controls":false,"stars_count":5,"text":"<p>I 3 quadri si presentano esattamente come in foto: dimensioni perfette e colori vivi.<br\/>Stanno benissimo nella mia luminosissima sala!<\/p>","author":"<p><strong>Federica M.<\/strong><\/p>"}},"slide_4MBXfL":{"type":"slide","settings":{"media_style":"image","image":"shopify:\/\/shop_images\/455851753171059810-98f1ca70-98cf-43a4-b719-910bace7d180.jpg","video_url":"https:\/\/www.youtube.com\/watch?v=_9VUPq3SxOc","controls":false,"stars_count":5,"text":"<p>Quadro stupendo !!! Servizio impeccabile !!!!!<\/p>","author":"<p><strong>Carlotta T.<\/strong><\/p>"}},"slide_kPrVKN":{"type":"slide","settings":{"media_style":"image","image":"shopify:\/\/shop_images\/455851753171059810-8332d73a-aa09-4893-8caf-b261e4ebbe36.jpg","video_url":"https:\/\/www.youtube.com\/watch?v=_9VUPq3SxOc","controls":false,"stars_count":5,"text":"<p>L’ho acquistato per il mio nuovo negozio,è il tocco finale che mancava.<\/p>","author":"<p><strong>Federica M.<\/strong><\/p>"}},"slide_tAXwpe":{"type":"slide","settings":{"media_style":"image","image":"shopify:\/\/shop_images\/455851753171059810-59e6535f-0b48-40cd-8060-39135b29638b.jpg","video_url":"https:\/\/www.youtube.com\/watch?v=_9VUPq3SxOc","controls":false,"stars_count":5,"text":"<p>Ottima esperienza! Quadri bellissimi<\/p>","author":"<p><strong>Gian Pietro C.<\/strong><\/p>"}},"slide_bNwhkP":{"type":"slide","settings":{"media_style":"image","image":"shopify:\/\/shop_images\/LM5t8W5B.jpg","video_url":"https:\/\/www.youtube.com\/watch?v=_9VUPq3SxOc","controls":false,"stars_count":5,"text":"<p>Tempi di consegna rispettati e qualità dei quadri oltre le aspettative rapporto qualità prezzo top sicuramente acquisterò in futuro altri quadri per il mio appartamento<\/p>","author":"<p><strong>Giuseppe C.<\/strong><\/p>"}},"slide_TBRqbm":{"type":"slide","settings":{"media_style":"image","image":"shopify:\/\/shop_images\/o6AJNr-vR_mid_1.jpg","video_url":"https:\/\/www.youtube.com\/watch?v=_9VUPq3SxOc","controls":false,"stars_count":4,"text":"<p>Tutto è andato bene.<br\/>Siamo molto soddisfatti.<\/p>","author":"<p><strong>Efe S.<\/strong><\/p>"}},"slide_GxGkaC":{"type":"slide","settings":{"media_style":"image","image":"shopify:\/\/shop_images\/eh_No52nG_mid_1.jpg","video_url":"https:\/\/www.youtube.com\/watch?v=_9VUPq3SxOc","controls":false,"stars_count":5,"text":"<p>È così bello 🤩 Ne comprerò altri per le mie pareti<\/p>","author":"<p>Oluwadamilola A.<\/p>"}}},"block_order":["slide_axXCxF","slide_4MBXfL","slide_kPrVKN","slide_tAXwpe","slide_bNwhkP","slide_TBRqbm","slide_GxGkaC"],"settings":{"heading":"<h2>Amato da chiunque, ovunque. Non perdere l'occasione.<\/h2>","heading_custom":true,"heading_font":"montserrat_n6","heading_size":30,"heading_size_mobile":22,"heading_height":130,"heading_align":"center","heading_align_mobile":"center","sub_heading":"","sub_heading_custom":true,"sub_heading_font":"karla_n4","sub_heading_size":30,"sub_heading_size_mobile":22,"sub_heading_height":130,"sub_heading_mt":12,"sub_heading_align":"center","sub_heading_align_mobile":"center","slider_view":5,"slider_view_mobile":1.5,"slider_gap":28,"slider_gap_mobile":20,"slider_mt":20,"autoplay":false,"autoplay_delay":5,"card_padding_vertical":20,"card_padding_vertical_mobile":16,"card_padding_horizontal":20,"card_padding_horizontal_mobile":16,"card_radius":8,"card_border_thickness":1,"card_shadow":false,"media_radius":0,"media_border_thickness":0,"media_ratio":"square","media_ratio_mobile":"square","content_padding_vertical":0,"content_padding_vertical_mobile":0,"content_padding_horizontal":0,"content_padding_horizontal_mobile":0,"hide_content":false,"stars_size":16,"stars_mt":12,"stars_align":"center","stars_align_mobile":"center","text_custom":true,"text_font":"karla_n4","text_size":16,"text_size_mobile":16,"text_height":130,"text_mt":12,"text_align":"center","text_align_mobile":"center","author_custom":true,"author_font":"karla_n4","author_size":14,"author_size_mobile":14,"author_height":130,"author_mt":12,"author_align":"center","author_align_mobile":"center","navigation_mt":40,"navigation_gap":20,"navigation_align":"center","navigation_align_mobile":"center","arrow_size":50,"arrow_size_mobile":50,"arrow_show_desktop":true,"arrow_show_mobile":false,"dots_size":10,"dots_size_mobile":10,"dots_show_desktop":false,"dots_show_mobile":true,"btn_icon_size":50,"btn_icon_size_mobile":40,"card_bg_color":"#ffffff","card_bg_gradient":"","card_border_color":"#b4b4b4","card_shadow_color":"#000000","media_border_color":"#000000","stars_color":"#04ad74","text_color":"#323232","author_color":"#323232","video_icon_bg_color":"#ffffff","video_icon_color":"#000000","arrow_color":"#2a2b2a","arrow_hover_color":"#2a2b2a","dots_color":"#2a2b2a","heading_color":"#2a2b2a","sub_heading_color":"#2a2b2a","background_color":"#f5f5f5","background_gradient":"","border_color":"#000000","margin_top":0,"margin_bottom":0,"padding_top":32,"padding_bottom":32,"padding_horizontal":0,"padding_horizontal_mobile":0,"full_width":false,"content_width":150,"border_thickness":0,"lazy":true}},"collection_list_7hkdB7":{"type":"collection-list","blocks":{"collection_VpJrbh":{"type":"collection","settings":{"collection":"lampade-da-tavolo"}},"collection_xYjrNq":{"type":"collection","settings":{"collection":"stampe-su-tela-moderne"}},"collection_TrnBT6":{"type":"collection","settings":{"collection":"statuette-decorative"}},"collection_taRP3y":{"type":"collection","settings":{"collection":"sculture-decorative-in-metallo"}},"collection_fnJMgT":{"type":"collection","settings":{"collection":"lampade-da-terra"}},"collection_XMBDme":{"type":"collection","settings":{"collection":"lampade-da-tavolo"}}},"block_order":["collection_VpJrbh","collection_xYjrNq","collection_TrnBT6","collection_taRP3y","collection_fnJMgT","collection_XMBDme"],"settings":{"title":"Scopri le nostre collezioni:","heading_align":"text-start","button_label":"","button_link":"","layout":"carousel","card_size":"small","use_product_image":false,"circle_image":false,"show_border":false,"color_scheme":"none","full_width":true}},"ss_slider_f9AEGH":{"type":"ss-slider","blocks":{"custom_ztfRt6":{"type":"custom","settings":{"image":"shopify:\/\/shop_images\/134243_f3f8f1a2-b7fa-4a05-b878-8be50168dc87.webp","title":"L'arte del benessere: psicologia dei quadri","sub_title":"I quadri non sono solo oggetti d'arte da esporre in casa, ma possono anche avere un...","url":""}},"custom_MRT8pR":{"type":"custom","settings":{"image":"shopify:\/\/shop_images\/222333222_2318eab8-1e95-4462-b05c-5d8e34039793.webp","title":"Come illuminare i tuoi quadri: consigli per farli risplendere","sub_title":"I quadri sono opere d'arte che meritano di essere valorizzate al meglio, anche...","url":""}},"custom_inm4NR":{"type":"custom","settings":{"image":"shopify:\/\/shop_images\/453543_3f35ba37-4535-45ca-afde-23d55e9cd51c.webp","title":"I Quadri Minimalisti: arredare la camera da letto in stile minimal","sub_title":"L'arte minimalista rappresenta un modo unico di esprimere...","url":""}}},"block_order":["custom_ztfRt6","custom_MRT8pR","custom_inm4NR"],"settings":{"body_padding_vertical":30,"body_padding_vertical_mobile":30,"body_padding_horizontal":70,"body_padding_horizontal_mobile":0,"body_radius":8,"body_border_thickness":0,"layout_gap":0,"layout_gap_mobile":0,"heading":"<h2>Ispirazioni d'Arte e Tendenze.<\/h2>","heading_custom":true,"heading_font":"montserrat_n6","heading_size":40,"heading_size_mobile":30,"heading_height":130,"heading_align":"left","heading_align_mobile":"center","sub_heading":"Esplora collezioni, consigli di stile e ispirazioni dietro ogni tela. Scopri tutti i dettagli firmati Cupido Design:","sub_heading_custom":true,"sub_heading_font":"karla_n4","sub_heading_size":18,"sub_heading_size_mobile":18,"sub_heading_height":150,"sub_heading_align":"left","sub_heading_align_mobile":"center","sub_heading_mt":16,"slider_width":66,"slider_width_mobile":100,"slider_view":3,"slider_view_mobile":1.3,"slider_gap":16,"slider_gap_mobile":16,"arrow_size":50,"arrow_size_mobile":50,"arrow_icon_size":16,"arrow_icon_size_mobile":16,"arrow_border_thickness":0,"arrow_show_desktop":true,"arrow_show_mobile":false,"scrollbar_height":2,"scrollbar_mt":20,"scrollbar_show_desktop":true,"scrollbar_show_mobile":true,"card_padding_vertical":0,"card_padding_vertical_mobile":0,"card_padding_horizontal":0,"card_padding_horizontal_mobile":0,"card_radius":8,"card_border_thickness":0,"image_radius":8,"image_border_thickness":0,"image_ratio":"portrait","radius_top":true,"content_padding_vertical":16,"content_padding_vertical_mobile":16,"content_padding_horizontal":16,"content_padding_horizontal_mobile":16,"content_radius":8,"content_border_thickness":0,"slide_title_custom":false,"slide_title_font":"josefin_sans_n4","slide_title_size":14,"slide_title_size_mobile":14,"slide_title_height":130,"slide_title_align":"left","slide_title_mt":4,"slide_sub_title_custom":false,"slide_sub_title_font":"josefin_sans_n4","slide_sub_title_size":12,"slide_sub_title_size_mobile":12,"slide_sub_title_height":130,"slide_sub_title_align":"left","card_bg_color":"#ffffff","card_border_color":"#000000","image_border_color":"#000000","content_bg_color":"#ffffff","content_border_color":"#000000","slide_title_color":"#000000","slide_sub_title_color":"#000000","arrow_color":"#ffffff","arrow_hover_color":"#ffffff","arrow_bg_color":"#111111","arrow_bg_hover_color":"#454545","arrow_border_color":"#111111","arrow_border_hover_color":"#454545","scrollbar_bg_color":"#d2d5d8","scrollbar_drag_bg_color":"#111111","body_bg_color":"#ffffff","body_border_color":"#000000","heading_color":"#000000","sub_heading_color":"#000000","background_color":"#ffffff","background_gradient":"","border_color":"#000000","margin_top":0,"margin_bottom":0,"padding_top":0,"padding_bottom":0,"padding_horizontal":5,"padding_horizontal_mobile":1.5,"full_width":false,"content_width":170,"border_thickness":0,"lazy":true}},"featured_collection_8qe6Yh":{"type":"featured-collection","settings":{"title":"I classici da non perdere:","heading_align":"text-start","show_view_all":true,"collection":"nuovi-arrivi-1","layout":"carousel","card_size_mobile":"small","card_size":"small","products_to_show":16,"show_promo_info":false,"image_ratio":"fill","promo_title":"A headline to grab attention","content":"<p>Use this card with an image to highlight your collections or introduce a promotion.<\/p>","link_url":"","button_label":"Button","color_scheme":"2","button_style":"btn btn--primary"}},"link_lists_Qcchga":{"type":"link-lists","blocks":{"column_LB6gGf":{"type":"column","settings":{"heading":"Stanza","heading_bg_color":"#ffffff","heading_text_color":"#4d4d4d","menu":"stanza","button_label":"","button_link":"\/"}},"column_RUnWFQ":{"type":"column","settings":{"heading":"Stile","heading_bg_color":"#ffffff","heading_text_color":"#4d4d4d","menu":"stile","button_label":"","button_link":"\/"}},"column_DmcNNy":{"type":"column","settings":{"heading":"Formato","heading_bg_color":"#ffffff","heading_text_color":"#4d4d4d","menu":"formato","button_label":"","button_link":"\/"}},"column_yNhUR7":{"type":"column","settings":{"heading":"Soggetto","heading_bg_color":"#ffffff","heading_text_color":"#4d4d4d","menu":"soggetto","button_label":"","button_link":"\/"}}},"block_order":["column_LB6gGf","column_RUnWFQ","column_DmcNNy","column_yNhUR7"],"disabled":true,"settings":{"title":"","heading_align":"text-start","button_label":"","button_link":"","layout":"carousel","column_size":"small","column_align":"center","color_scheme":"none","image_ratio":"1.77","button_style":"btn--primary"}}},"order":["ss_circle_menu_pro_bcNJwA","ss_hero_6_MNX7Qy","icons_with_text_y9F9TN","promo_strip_LqJc4P","featured_collection_fTB4EB","ss_testimonial_12_Rh9XwY","collection_list_7hkdB7","ss_slider_f9AEGH","featured_collection_8qe6Yh","link_lists_Qcchga"]}