{"sections":{"main":{"type":"main-page","settings":{"show_page_title":true,"heading_align":"text-center"}},"1724842597be8f16d7":{"type":"apps","blocks":{"powerful_form_builder_app_block_zxcMnr":{"type":"shopify:\/\/apps\/powerful-form-builder\/blocks\/app-block\/e4bcb1eb-35b2-42e6-bc37-bfe0e1542c9d","settings":{"shortcode":"<div class=\"globo-formbuilder\" data-id=\"NDY0MTQ=\"><\/div>"}}},"block_order":["powerful_form_builder_app_block_zxcMnr"],"settings":{"full_width":false}}},"order":["main","1724842597be8f16d7"]}