{"sections":{"main":{"type":"main-contact","settings":{"show_contact_title":false,"heading_align":"text-center"}},"form":{"type":"contact-form","blocks":{"contact-name-2":{"type":"name","settings":{"required":true,"half_width":true}},"contact-email-3":{"type":"email","settings":{"required":true,"half_width":true}},"contact-dropdown-4":{"type":"dropdown","settings":{"title":"Come possiamo aiutarti?","options":"Problemi nella creazione di un ordine\nRichiesta proiezione sulla parete\nAssistenza su ordine già effettuato\nSostituzione articolo\nInformazioni sul tracciamento del mio pacco\nRichiesta Rimborso\nAltro","half_width":false}},"contact-body-5":{"type":"body","settings":{"required":true,"half_width":false}}},"block_order":["contact-name-2","contact-email-3","contact-dropdown-4","contact-body-5"],"settings":{"heading":"","heading_align":"text-center","image_position":"top","color_scheme":"1","full_width":false,"button_style":"btn btn--primary"}},"newsletter":{"type":"newsletter","blocks":{"newsletter-heading-0":{"type":"heading","settings":{"heading":"Sign up to our Newsletter","heading_size":"h5"}},"newsletter-text-1":{"type":"text","settings":{"text":"<p>Be the first to know about new collections and exclusive offers.<\/p>","enlarge_text":false}},"newsletter-form-2":{"type":"form","settings":{}}},"block_order":["newsletter-heading-0","newsletter-text-1","newsletter-form-2"],"settings":{"overlay_position":"justify-center","text_align":"text-center","color_scheme":"default","full_width":true,"transparent_content_color":"#ffffff","tint_color":"#000000","tint_opacity":20}}},"order":["main","form","newsletter"]}