{"sections":{"faqs":{"type":"faq","blocks":{"faq-category-1":{"type":"category","settings":{"text":"Ordering"}},"faq-question-1":{"type":"question","settings":{"icon":"question_mark","heading":"Can I cancel my order?","text":"<p>We completely get it, we change our minds too! While we wish could, once an order is placed, we are unable to alter or cancel it at this time. We hope to have a cancellation window one day in the future.<\/p><p>Should the item(s) not work out, make sure to exchange for a preferred style or return for a refund. As a reminder, domestic return shipping is free.<\/p>"}},"faq-question-2":{"type":"question","settings":{"icon":"chat_bubble","heading":"What if I want to speak to someone?","text":"<p>We want to speak to you too! Contact us with any questions, concerns, or feedback. We will be sure to get back to you within 48 hours. However, please note that inquiries sent on Fridays will receive a reply the following Monday, but possibly sooner.<\/p>"}},"faq-category-2":{"type":"category","settings":{"text":"Shipping"}},"faq-question-3":{"type":"question","settings":{"icon":"map_pin","heading":"What countries do you ship to?","text":"<p>We currently ship to the United States, Canada, Australia and the UK. To enquire about shipping to a different destination, please contact us.<\/p>"}},"faq-question-4":{"type":"question","settings":{"icon":"calendar","heading":"How long will it take to receive my order?","text":"<p>Standard shipping normally takes 3-5 days. Next day shipping is available on all domestic orders (for an additional charge). International shipping times depend on the products and destination (estimated at checkout).<\/p>"}},"faq-category-3":{"type":"category","settings":{"text":"Returns and Refunds"}},"faq-question-5":{"type":"question","settings":{"icon":"return","heading":"How do I return a product?","text":"<p>Items must be returned within 30 days after receiving your order. Items must be returned in the same condition in which they were received, be unworn\/unused, have any tags still attached, and include all the original packaging.<\/p>"}},"faq-question-6":{"type":"question","settings":{"icon":"clock","heading":"How long will it take to receive my refund?","text":"<p>Refunds are processed within 7 days from when we receive the item(s).<\/p>"}}},"block_order":["faq-category-1","faq-question-1","faq-question-2","faq-category-2","faq-question-3","faq-question-4","faq-category-3","faq-question-5","faq-question-6"],"settings":{"heading":"FAQs","heading_align":"text-center","color_scheme":"none","full_width":true}},"main":{"type":"main-page","disabled":true,"settings":{"show_page_title":false,"heading_align":"text-center"}}},"order":["faqs","main"]}