{"sections":{"main":{"type":"main-product","blocks":{"loox_reviews_loox_rating_JrQafK":{"type":"shopify:\/\/apps\/loox-reviews\/blocks\/loox-rating\/5c3b337f-fd14-4df5-b1d6-80ec13e6e28e","settings":{"contentSize":14,"pattern":"8.658 Clienti adorano i design Cupido!","hideText":false,"alignment":"left","layout":"","textColor":"","starColor":"","showAllReviews":true,"looxOpenFloatingWidget":false,"emptyRatingWidget":false}},"title":{"type":"title","settings":{"show_weight":false}},"product-labels":{"type":"product-labels","settings":{}},"price":{"type":"price","settings":{"show_tax_and_shipping":false}},"variant-picker":{"type":"variant-picker","settings":{"selector_style":"buttons","enable_dynamic_availability":false,"dynamic_availability_downwards":false,"show_backorder_text":false,"enable_size_chart":true,"size_chart_variant":"Guida Alle Taglie","size_chart_page":"guida-alle-taglie"}},"message_FULNN9":{"type":"message","settings":{"icon":"none","title":"<p><strong>15% di sconto<\/strong> con il codice: <strong>&lcub;SUMMER15&rcub;<\/strong> (l'offerta può terminare in qualsiasi momento)<\/p>","close":"once","show_over_media":false,"visibility_duration":15,"bg_color":"#f4f4f4","text_color":"#131313"}},"buy-buttons":{"type":"buy-buttons","settings":{"show_qty_selector":false,"enable_dynamic_checkout":false,"show_pickup_availability":false,"show_gift_card_recipient":false}},"image_VJEpMY":{"type":"image","settings":{"title":"","image":"shopify:\/\/shop_images\/httpswww.google.comurlsa_i_url_https_3A_2F_2Fwww.discoversignage.com_2Ffree-signage-logos_psig_AOvVaw2dzTQEK6etb20qbrwr_v2w_ust_1714143868239000_source_images_cd_vfe_opi_89978449_ved_38405955-9382-44d0-9c6d-cdffc9b1cda9.png","image_width":1000,"image_align":"justify-start","url":""}},"custom_liquid_DYjceX":{"type":"custom-liquid","settings":{"custom_liquid":"<div id='ss-trust-badges'><\/div>\n\n<style>\n.ss-trust-badge-title-template--22091292442953__ss_trust_badges_2_q8P8Pd{\nalign-self: center !important;\n}\n.ss-trust-badge-item-template--22091292442953__ss_trust_badges_2_q8P8Pd{\njustify-content: center !important;\n}\n.ss-trust-badges-list-template--22004688814409__ss_trust_badges_2_q8P8Pd{\nmargin-bottom: 0 !important;\n}\n.ss-trust-badge-item-template--22004688814409__ss_trust_badges_2_q8P8Pd{\n    justify-content: center !important;}\n\n.ss-trust-badge-title-template--22004688814409__ss_trust_badges_2_q8P8Pd {\nalign-self: center; !important;\n}\n.complete-look__form{\nmin-width: 100%;\n}\n<\/style>"}},"custom_liquid_rAgQyq":{"type":"custom-liquid","disabled":true,"settings":{"custom_liquid":"<div id=\"mini-atc-target\"><\/div>"}},"custom_liquid_cQkQnV":{"type":"custom-liquid","settings":{"custom_liquid":"<div id='ss-product-videos'><\/div>"}},"message-1":{"type":"message","settings":{"icon":"clock","title":"<p><strong>Popolare in questo momento <\/strong>{{ product.metafields.custom.test_messagio.value }}<\/p><p>Molte persone hanno guardato questo prodotto di recente<\/p>","close":"once","show_over_media":true,"visibility_duration":3,"bg_color":"#f4f4f4","text_color":"#000000"}},"message-2":{"type":"message","settings":{"icon":"price_tag","title":"<p><strong>Si vendono velocemente! <\/strong><\/p><p>Prendete il vostro finché siete in tempo<\/p>","close":"once","show_over_media":true,"visibility_duration":3,"bg_color":"#f4f4f4","text_color":"#000000"}}},"block_order":["loox_reviews_loox_rating_JrQafK","title","product-labels","price","variant-picker","message_FULNN9","buy-buttons","image_VJEpMY","custom_liquid_DYjceX","custom_liquid_rAgQyq","custom_liquid_cQkQnV","message-1","message-2"],"settings":{"stick_on_scroll":true,"sticky_atc_panel":true,"sticky_atc_position":"end","sticky_atc_mobile":true,"media_layout":"slider","media_size":"default","media_ratio":"1","media_crop":"none","hover_zoom":"medium","enable_video_looping":false,"stacked_scroll":"always","underline_active":true,"media_thumbs":"always","thumb_ratio":"1","thumb_crop":"none","media_arrows":"desktop","show_slide_count":true,"border_color":"#eeeeee","bg_color":"#f4f4f4","enable_media_grouping":false,"media_grouping_option":"Color,Colour,Couleur,Farbe"}},"details":{"type":"product-details","blocks":{"tabs":{"type":"tabs","settings":{"style":"collapsible","open_first":false,"show_description":true,"show_reviews":false,"custom_reviews":"","show_specification":true,"spec_metafields":"Formato:-\nColore:-","spec_right_align":false,"spec_show_empty_metafields":true,"spec_empty_field_text":"-","tab_1_title":"","tab_1_text":"","tab_1_page":"","tab_2_title":"","tab_2_text":"","tab_2_page":"","tab_3_title":"","tab_3_text":"","tab_3_page":""}},"payment-methods":{"type":"payment-methods","disabled":true,"settings":{"title":"Payment & Security","title1":"Payment methods","show_payment_icons":true,"text1":"<p>Your payment information is processed securely. We do not store credit card details nor have access to your credit card information.<\/p>","title2":"","text2":""}}},"block_order":["tabs","payment-methods"],"settings":{}},"ss_steps_3_8k8bnD":{"type":"ss-steps-3","blocks":{"step_WEUTeB":{"type":"step","settings":{"title":"Completa il tuo ordine","text":"Scegli tra 2000+ design e 20+ misure differenti. Puoi pagare comodamente con carta di credito o prepagata, Paypal, bonifico o a rate (senza interessi). "}},"step_e4Pftc":{"type":"step","settings":{"title":"Ricevi il tuo ordine","text":"Realizzata con amore dai nostri artigiani italiani: la tua opera d’arte arriverà a casa tua in pochissimi giorni, a sicurezza e l’imballo dei nostri pacchi è da sempre una nostra priorità."}},"step_H9NqVd":{"type":"step","settings":{"title":"Dai vita alle tue pareti!","text":"Le tue pareti non solo risplenderanno, ma saranno accoglienti e stimolanti, che tu voglia impressionare gli ospiti o trovare la tua oasi di pace, i tuoi spazi diventeranno unici."}}},"block_order":["step_WEUTeB","step_e4Pftc","step_H9NqVd"],"settings":{"heading":"<p>Trasforma le tue pareti in 3 semplici passi!<\/p>","heading_custom":true,"heading_font":"montserrat_n6","heading_size":28,"heading_size_mobile":26,"heading_height":130,"heading_align":"center","heading_align_mobile":"center","body_gap":24,"body_gap_mobile":20,"body_mt":48,"body_mt_mobile":16,"content_maxwidth":400,"content_align":"center","number_width":70,"number_width_mobile":52,"number_border_thickness":2,"number_custom":true,"number_font":"montserrat_n5","number_size":48,"number_size_mobile":24,"number_height":100,"title_custom":true,"title_font":"montserrat_n6","title_size":24,"title_size_mobile":16,"title_height":100,"title_mt":32,"title_mt_mobile":0,"text_custom":true,"text_font":"karla_n4","text_size":18,"text_size_mobile":16,"text_height":130,"text_mt":16,"text_mt_mobile":8,"steps_border_color":"#2a2b2a","number_border_color":"#2a2b2a","number_bg_color":"#f9f9f9","number_color":"#2a2b2a","title_color":"#2a2b2a","text_color":"#2a2b2a","heading_color":"#2a2b2a","background_color":"#f9f9f9","background_gradient":"","border_color":"#000000","margin_top":0,"margin_bottom":32,"padding_top":32,"padding_bottom":32,"padding_horizontal":5,"padding_horizontal_mobile":1.5,"full_width":false,"content_width":140,"border_thickness":0}},"ss_feature_13_cNnx3a":{"type":"ss-feature-13","blocks":{"item_C34qMg":{"type":"item","settings":{"image":"shopify:\/\/shop_images\/314_1_d6eb51c3-da93-4ac4-801d-07e664bd11b8.jpg","icon":"heart","title":"COLORI CHE DURANO","text":"La nostra tela di qualità superiore mostra ogni dettaglio. Con colori vividi e chiari che durano nel tempo."}},"item_4HmKGD":{"type":"item","settings":{"image":"shopify:\/\/shop_images\/413__1__1_bc847239-d06c-4f8f-b9e2-5e09411362e6.jpg","icon":"time","title":"FACILE DA APPENDERE","text":"Ogni tela arriva pronta per essere appesa: per un'installazione veloce e semplice, senza complicazioni."}},"item_q3BpwW":{"type":"item","settings":{"image":"shopify:\/\/shop_images\/31412_1_1_1.jpg","icon":"gift","title":"ELEVA IL TUO SPAZIO","text":"Trasforma la tua casa in una fonte di ispirazione quotidiana, stimolando creatività e benessere continuo."}},"item_4LnQec":{"type":"item","settings":{"image":"shopify:\/\/shop_images\/355321_1_1.jpg","icon":"plant","title":"MATERIALI ECOLOGICI","text":"Utilizziamo esclusivamente inchiostri privi di solventi, sicuri per ambienti con bambini o animali."}}},"block_order":["item_C34qMg","item_4HmKGD","item_q3BpwW","item_4LnQec"],"settings":{"heading":"<p>Qualità superiore, stile inconfondibile.<\/p>","heading_custom":true,"heading_font":"montserrat_n6","heading_size":32,"heading_size_mobile":32,"heading_height":150,"heading_align":"center","heading_align_mobile":"center","body_gap":80,"items_gap":50,"items_gap_mobile":16,"items_mt":24,"items_mt_mobile":22,"image":"shopify:\/\/shop_images\/Progetto_senza_titolo_3_5a353f44-3130-41dd-be5a-727f75003276.jpg","image_position":"center","image_position_mobile":"first","image_ratio":"square","image_ratio_mobile":"square","image_radius":0,"image_border_thickness":0,"content_align":"center","content_align_mobile":"center","icon_size":50,"icon_size_mobile":40,"title_custom":true,"title_font":"montserrat_n6","title_size":20,"title_size_mobile":18,"title_height":130,"title_mt":16,"title_mt_mobile":8,"text_custom":false,"text_font":"josefin_sans_n4","text_size":16,"text_size_mobile":16,"text_height":150,"text_mt":10,"text_mt_mobile":6,"text_hide_mobile":false,"button":"","button_url":"","button_custom":false,"button_font":"josefin_sans_n4","button_size":16,"button_size_mobile":16,"button_height":100,"button_width":200,"button_width_mobile":200,"button_mt":16,"button_mt_mobile":16,"button_padding_vertical":16,"button_padding_vertical_mobile":16,"button_padding_horizontal":24,"button_padding_horizontal_mobile":24,"button_radius":4,"button_border_thickness":1,"button_align":"left","button_align_mobile":"left","button_style":"non_outline","button_position":"bottom","button_color":"#ffffff","button_hover_color":"#ffffff","button_bg_color":"#000000","button_bg_hover_color":"#000000","button_border_color":"#000000","button_border_hover_color":"#000000","icon_color":"#131313","title_color":"#131313","text_color":"#131313","heading_color":"#131313","image_border_color":"#000000","background_color":"#ffffff","background_gradient":"","border_color":"#000000","margin_top":0,"margin_bottom":0,"margin_horizontal":0,"margin_horizontal_mobile":0,"padding_top":36,"padding_bottom":36,"padding_horizontal":5,"padding_horizontal_mobile":2,"full_width":false,"content_width":150,"section_radius":0,"border_thickness":0,"lazy":true}},"multi_column_fptDUa":{"type":"multi-column","blocks":{"column_JQ4NRp":{"type":"column","settings":{"enable_media":true,"image":"shopify:\/\/shop_images\/243423_1_1.jpg","media_scale":100,"heading":"Stampa Intelaiata","text":"<p>La <strong>tela<\/strong> viene <strong>tesa e fissata artigianalmente<\/strong> sui lati posteriori del <strong>telaio interno<\/strong>. Il telaio con una <strong>profondità di 2.5 cm<\/strong> darà vita ad un'<strong>opera d'arte pronta per essere appesa<\/strong>, dotata di <strong>gancio<\/strong> per un <strong>facile montaggio<\/strong>.<\/p>","button_label":"","button_link":""}},"column_WdpU6w":{"type":"column","settings":{"enable_media":true,"image":"shopify:\/\/shop_images\/23423423_1_1.jpg","media_scale":100,"heading":"Stampa Intelaiata con Cornice","text":"<p>Le nostre stampe su tela con cornice in legno di pino, pronte per essere appese, a<strong>ggiungono profondità<\/strong> e un <strong>effetto tridimensionale<\/strong> a ogni ambiente. Le cornici hanno una profondità di 2.5 cm e bordi di 1.5cm.<\/p>","button_label":"","button_link":""}},"column_pM9GBw":{"type":"column","settings":{"enable_media":true,"image":"shopify:\/\/shop_images\/63465__1__1_1.jpg","media_scale":100,"heading":"Colori delle cornici","text":"<p><strong>Le cornici nere, oro e bianche <\/strong>valorizzano le stampe su tela: il nero per l'arte contemporanea, l'oro per quella tradizionale, il bianco per i quadri minimalisti. <strong>Scegli<\/strong> <strong>il colore adatto per esaltare<\/strong> al meglio la tua arte.<\/p>","button_label":"","button_link":""}}},"block_order":["column_JQ4NRp","column_WdpU6w","column_pM9GBw"],"settings":{"title":"","heading_align":"text-start","button_label":"","button_link":"","layout":"grid","column_size":"medium","column_align":"left","media_align":"text-center","image_ratio":"natural","color_scheme":"1","button_style":"btn btn--secondary"}},"ss_comparison_table_2_gGnNRR":{"type":"ss-comparison-table-2","blocks":{"item_Gn7eEb":{"type":"item","settings":{"row_heading":"Pronte Da Appendere","first_icon":"yes","second_icon":"no","third_icon":"no"}},"item_MjFBKe":{"type":"item","settings":{"row_heading":"Qualità Artigianale Italiana","first_icon":"yes","second_icon":"no","third_icon":"no"}},"item_YHXgYD":{"type":"item","settings":{"row_heading":"2000+ Design Esclusivi","first_icon":"yes","second_icon":"no","third_icon":"no"}},"item_febTCU":{"type":"item","settings":{"row_heading":"Materiali Atossici 100% Sicuri","first_icon":"yes","second_icon":"no","third_icon":"no"}},"item_WVMjmM":{"type":"item","settings":{"row_heading":"Colori Nitidi Duraturi","first_icon":"yes","second_icon":"no","third_icon":"no"}},"item_aPMWaN":{"type":"item","settings":{"row_heading":"150+ Nuovi Design ogni mese","first_icon":"yes","second_icon":"no","third_icon":"no"}}},"block_order":["item_Gn7eEb","item_MjFBKe","item_YHXgYD","item_febTCU","item_WVMjmM","item_aPMWaN"],"settings":{"heading":"Gli ultimi quadri su tela che acquisterai.","heading_custom":true,"heading_font":"montserrat_n6","heading_size":36,"heading_height":100,"heading_align":"center","table_mt":50,"table_radius":10,"table_border_thickness":3,"table_column_active":"1","table_column_active_radius":8,"first_heading":"CupidoDesign","second_heading":"Altre Stampe Su tela","third_heading":"","table_heading_custom":true,"table_heading_font":"montserrat_n6","table_heading_size":24,"table_heading_size_mobile":10,"table_heading_height":100,"table_heading_align":"center","table_heading_padding_horizontal":20,"table_heading_padding_horizontal_mobile":4,"table_heading_padding_vertical":20,"table_heading_padding_vertical_mobile":10,"table_row_padding_horizontal":20,"table_row_padding_horizontal_mobile":4,"table_row_padding_vertical":6,"table_row_padding_vertical_mobile":10,"table_row_heading_custom":true,"table_row_heading_font":"karla_n4","table_row_heading_size":20,"table_row_heading_size_mobile":16,"table_row_heading_height":100,"table_row_heading_align":"center","table_icon_size":30,"table_icon_size_mobile":20,"heading_color":"#2a2b2a","table_border_color":"#d7d8d5","table_heading_color":"#2a2b2a","table_heading_active_color":"#ffffff","table_column_active_bg_color":"#f06e3a","table_row_heading_color":"#040200","table_icon_color":"#2a2b2a","table_icon_active_color":"#ffffff","background_color":"#ffffff","background_gradient":"","border_color":"#000000","margin_top":0,"margin_bottom":32,"padding_top":32,"padding_bottom":32,"padding_horizontal":5,"padding_horizontal_mobile":1.5,"full_width":false,"content_width":150,"border_thickness":0}},"faq_6bDT84":{"type":"faq","blocks":{"question_WMkTy7":{"type":"question","settings":{"icon":"question_mark","heading":"Come posso acquistare?","text":"<p>Per acquistare i nostri prodotti basta inserirli nel carrello e seguire la procedura guidata, la procedura si compone di 5 step:<\/p><ul><li><strong>1Step:<\/strong>Selezionare il prodotto da acquistare<\/li><li><strong>2Step:<\/strong>Aprire il carrello in alto a desta della pagina e cliccare su check-out.<\/li><li><strong>3Step<\/strong>: Inserisci il tuo Nome\/Cognome e indirizzo email, inserisci le informazioni utili per la spedizione , accetta l'informativa sulla privacy e clicca su SALVA<\/li><li><strong>4Step:<\/strong>Scegli la modalità di pagamento tra pagamento con carta di credito o prepagata (compresa postepay), paypal, bonifico e a rate con Klarna (senza interessi)<\/li><li><strong>5Step<\/strong>: Accetta i termini e condizioni<\/li><li><strong>6Step<\/strong>: Clicca su completa ordine, successivamente si aprirà un ultima pagina per completare il pagamento e confermare l'ordine<\/li><\/ul>"}},"question_9C3q6y":{"type":"question","settings":{"icon":"question_mark","heading":"Quali sono le dimensioni disponibili per le stampe su tela?","text":"<p>Le nostre stampe su tela sono disponibili in una varietà di dimensioni, partendo da piccoli formati ideali per angoli accoglienti fino a pezzi di grande impatto che dominano la stanza. Le dimensioni specifiche variano da prodotto a prodotto; troverai le opzioni disponibili indicate nella pagina di ogni prodotto.<\/p>"}},"question_PBb8TY":{"type":"question","settings":{"icon":"question_mark","heading":"Posso vedere come una stampa su tela apparirà nel mio spazio prima di acquistarla?","text":"<p>Sì, il nostro sito offre un servizio completamente gratuito di proiezioni su parete (contattaci in qualsiasi momento sulla chat whatsapp o via mail). Questo ti aiuta a immaginare come ogni stampa completerà il tuo ambiente prima di effettuare l'acquisto, assicurando che la tua scelta si adatti perfettamente al tuo spazio e al tuo stile.<\/p>"}},"question_HcG8wc":{"type":"question","settings":{"icon":"question_mark","heading":"Non riesco a decidere tra le varie tipologie di quadro - qual è la differenza tra loro?","text":"<p>Iniziamo con il precisare che tutti i nostri prodotti acquistabili da sito arriveranno a casa vostra pronti per essere appesi (con relativi ganci inseriti posteriormente e in maniera non visibile quando appesi); la differenza tra la stampa intelaiata e la stampa intelaiata senza cornice è che, nel caso della prima, la stampa viene intelaiata su telaio di legno d'abete di altissima qualità (la stampa prosegue sui lati ove continua il design) [spessore di circa 2\/2,5 cm]; mentre nel caso della stampa intelaiata con cornice, la stampa sarà intelaiata sempre su telaio in legno a cui verrà poi aggiunta una cornice esterna (colorazione oro, nera o bianca) [spessore 3\/3,5 cm - profilo frontale 1,5 cm circa].<\/p>"}},"question_8byie7":{"type":"question","settings":{"icon":"question_mark","heading":"Come vengono imballate le stampe su tela per la spedizione?","text":"<p><strong>La sicurezza della tua opera d'arte durante il trasporto è una nostra priorità. <\/strong>Le stampe su tela vengono attentamente imballate con materiali protettivi e inserite in scatole robuste per garantire che arrivino in condizioni impeccabili. Seguiamo standard elevati per l'imballaggio e la spedizione per assicurare la migliore protezione possibile.<\/p>"}}},"block_order":["question_WMkTy7","question_9C3q6y","question_PBb8TY","question_HcG8wc","question_8byie7"],"settings":{"heading":"Hai qualche domanda?","heading_align":"text-center","color_scheme":"1","full_width":true}},"ss_scrolling_images_CeGBG3":{"type":"ss-scrolling-images","blocks":{"image_rqFAei":{"type":"image","settings":{"image":"shopify:\/\/shop_images\/455851753171059810-d9c683a9-9a30-463c-837a-72b4dfd2a0c4.jpg","url":""}},"image_9BPiir":{"type":"image","settings":{"image":"shopify:\/\/shop_images\/455851753171059810-c6aef13b-62aa-4c40-97f2-ad338f3d14a3.jpg","url":""}},"image_KxMe8g":{"type":"image","settings":{"image":"shopify:\/\/shop_images\/455851753171059810-fca82132-8fcc-40f1-a6cf-351325887fcd.jpg","url":""}},"image_JJXGzR":{"type":"image","settings":{"image":"shopify:\/\/shop_images\/455851753171059810-3ce5c679-2515-4852-b45d-bc63943dcd80.jpg","url":""}},"image_6pnk9A":{"type":"image","settings":{"image":"shopify:\/\/shop_images\/455851753171059810-98f1ca70-98cf-43a4-b719-910bace7d180.jpg","url":""}},"image_6m7GpB":{"type":"image","settings":{"image":"shopify:\/\/shop_images\/455851753171059810-8332d73a-aa09-4893-8caf-b261e4ebbe36.jpg","url":""}},"image_Q79pF4":{"type":"image","settings":{"image":"shopify:\/\/shop_images\/455851753171059810-59e6535f-0b48-40cd-8060-39135b29638b.jpg","url":""}},"image_cLMpg7":{"type":"image","settings":{"image":"shopify:\/\/shop_images\/455851753171059810-37023866-f67f-483a-bf25-4f19a8695aab.jpg","url":""}},"image_KKqkKn":{"type":"image","settings":{"image":"shopify:\/\/shop_images\/455851753171059810-54608502-452a-41c8-8aaf-47a73206b189.jpg","url":""}},"image_brRb78":{"type":"image","settings":{"image":"shopify:\/\/shop_images\/455851753171059810-725162f0-22bb-4feb-9b58-dea7ffd3e4e6.jpg","url":""}}},"block_order":["image_rqFAei","image_9BPiir","image_KxMe8g","image_JJXGzR","image_6pnk9A","image_6m7GpB","image_Q79pF4","image_cLMpg7","image_KKqkKn","image_brRb78"],"settings":{"heading":"<h2>+18.000 clienti amano CupidoDesign:<\/h2>","heading_custom":true,"heading_font":"montserrat_n6","heading_size":34,"heading_height":130,"heading_align":"center","slider_speed":30,"slider_gap":10,"slider_gap_mobile":10,"slider_mt":50,"slider_direction":"left","pause_hover":false,"image_width_desktop":300,"image_width_mobile":250,"image_height_desktop":300,"image_height_mobile":250,"image_radius":8,"use_content":false,"content_position":"center","content_max_width":340,"content_max_width_mobile":340,"content_padding_vertical":30,"content_padding_horizontal":30,"content_distance":60,"content_radius":10,"content_border_thickness":0,"use_shadow":true,"text":"<p><strong>Unisciti a migliaia di clienti, ambassador e aziende che hanno deciso i trasformare di loro spazi.<\/strong><\/p>","text_custom":true,"text_font":"karla_n4","text_size":18,"text_height":140,"heading_color":"#000000","content_bg":"#ffffff","content_border_color":"#000000","text_color":"#000000","background_color":"#ffffff","background_gradient":"","border_color":"#000000","margin_top":0,"margin_bottom":0,"padding_top":36,"padding_bottom":36,"padding_horizontal":0,"padding_horizontal_mobile":0,"full_width":true,"content_width":120,"border_thickness":0,"lazy":true}},"rich_text_TA9g8y":{"type":"rich-text","blocks":{"heading_kzU6xJ":{"type":"heading","settings":{"heading":"Risultati Reali, Soddisfazione Garantita.","heading_size":"h2","heading_h1":true}}},"block_order":["heading_kzU6xJ"],"settings":{"text_position":"justify-center","text_align":"text-center","mob_center_text":true,"wide":true,"color_scheme":"none","full_width":true,"prevent_animation":false}},"172038936155f1270f":{"type":"apps","blocks":{"loox_reviews_loox_dynamic_section_AJgnte":{"type":"shopify:\/\/apps\/loox-reviews\/blocks\/loox-dynamic-section\/5c3b337f-fd14-4df5-b1d6-80ec13e6e28e","settings":{"only_photos":false,"aggregated":true,"limit":7,"hide_thumbnails":true,"maxwidth":1480,"is_sample":true}}},"block_order":["loox_reviews_loox_dynamic_section_AJgnte"],"settings":{"full_width":false}},"recommendations":{"type":"product-recommendations","settings":{"heading":"Potrebbe piacerti anche:","heading_align":"text-start","layout":"carousel","card_size_mobile":"small","card_size":"small","products_to_show":8}},"ss_product_vidoes_Lc6weH":{"type":"ss-product-vidoes","blocks":{"video_96qGef":{"type":"video","settings":{"video":"shopify:\/\/files\/videos\/Senza nome 1.mp4","video_url":"https:\/\/www.youtube.com\/watch?v=_9VUPq3SxOc","poster":"shopify:\/\/shop_images\/Screenshot_2024-04-19_alle_01.59.44.png","modal_heading":"","modal_text":""}},"video_Y3BUxR":{"type":"video","settings":{"video":"shopify:\/\/files\/videos\/Senza nome 2.mp4","video_url":"https:\/\/www.youtube.com\/watch?v=_9VUPq3SxOc","poster":"shopify:\/\/shop_images\/Screenshot_2024-04-19_alle_02.00.27.png","modal_heading":"","modal_text":""}},"video_gg3jNM":{"type":"video","settings":{"video":"shopify:\/\/files\/videos\/Senza nome 4.mp4","video_url":"https:\/\/www.youtube.com\/watch?v=_9VUPq3SxOc","poster":"shopify:\/\/shop_images\/Screenshot_2024-04-19_alle_02.01.11.png","modal_heading":"","modal_text":""}},"video_kjdpyA":{"type":"video","settings":{"video":"shopify:\/\/files\/videos\/Senza nome 5.mp4","video_url":"https:\/\/www.youtube.com\/watch?v=_9VUPq3SxOc","poster":"shopify:\/\/shop_images\/Screenshot_2024-04-19_alle_02.01.35.png","modal_heading":"","modal_text":""}},"video_3mPCtd":{"type":"video","settings":{"video":"shopify:\/\/files\/videos\/Senza nome 6.mp4","video_url":"https:\/\/www.youtube.com\/watch?v=_9VUPq3SxOc","poster":"shopify:\/\/shop_images\/Screenshot_2024-04-19_alle_02.04.10.png","modal_heading":"","modal_text":""}}},"block_order":["video_96qGef","video_Y3BUxR","video_gg3jNM","video_kjdpyA","video_3mPCtd"],"settings":{"videos_position":"above_description","use_metafield":false,"heading":"","heading_custom":false,"heading_font":"josefin_sans_n4","heading_size":18,"heading_size_mobile":18,"heading_height":130,"heading_align":"center","heading_align_mobile":"center","slider_view":3,"slider_view_mobile":3,"slider_gap":16,"slider_gap_mobile":16,"slider_mt":20,"card_radius":10,"card_border_thickness":0,"card_shadow":true,"video_ratio":"portrait","video_ratio_mobile":"portrait","video_overlay":0.3,"icon_size":34,"icon_size_mobile":34,"icon_border_thickness":1,"icon_position_mobile":"bottom_left","icon_position":"bottom_left","hide_icon":false,"arrow_size":35,"arrow_size_mobile":35,"arrow_radius":5,"arrow_border_thickness":0,"arrow_hover_shadow":true,"arrow_show_desktop":true,"arrow_show_mobile":true,"show_content":true,"modal_width":70,"modal_width_mobile":95,"modal_padding_vertical":0,"modal_padding_vertical_mobile":0,"modal_padding_horizontal":0,"modal_padding_horizontal_mobile":0,"modal_radius":16,"modal_border_thickness":0,"modal_overlay":50,"close_size":42,"close_size_mobile":42,"close_radius":8,"close_border_thickness":0,"buttons_size":48,"buttons_size_mobile":48,"buttons_radius":8,"buttons_border_thickness":0,"modal_video_radius":0,"modal_video_border_thickness":0,"modal_video_ratio":"portrait","modal_video_ratio_mobile":"portrait","modal_heading_custom":false,"modal_heading_font":"josefin_sans_n4","modal_heading_size":28,"modal_heading_size_mobile":28,"modal_heading_height":130,"modal_heading_align":"center","modal_heading_align_mobile":"center","modal_text_custom":false,"modal_text_font":"josefin_sans_n4","modal_text_size":16,"modal_text_size_mobile":16,"modal_text_height":130,"modal_text_align":"center","modal_text_align_mobile":"center","modal_text_mt":16,"card_bg_color":"#ffffff","card_border_color":"#000000","card_shadow_color":"#000000","video_overlay_color":"#000000","icon_bg_color":"#000000","icon_border_color":"#ffffff","icon_color":"#ffffff","arrow_bg_color":"#ffffff","arrow_bg_hover_color":"#ffffff","arrow_border_color":"#000000","arrow_border_hover_color":"#000000","arrow_icon_color":"#1c1c1c","arrow_icon_hover_color":"#1c1c1c","modal_bg_color":"#ffffff","modal_border_color":"#000000","close_bg_color":"#ffffff","close_border_color":"#000000","close_icon_color":"#ffffff","buttons_bg_color":"#ffffff","buttons_border_color":"#000000","buttons_icon_color":"#ffffff","modal_video_border_color":"#000000","modal_content_bg_color":"#ffffff","modal_content_border_color":"#000000","modal_heading_color":"#000000","modal_text_color":"#000000","heading_color":"#000000","background_color":"#ffffff","background_gradient":"","border_color":"#000000","margin_top":0,"margin_bottom":0,"padding_top":0,"padding_bottom":0,"padding_horizontal":0,"padding_horizontal_mobile":0,"border_thickness":0,"lazy":true}},"ss_upsell_01_UqTJUX":{"type":"ss-upsell-01","blocks":{"product_JAbBHW":{"type":"product","settings":{"product":"applique-per-quadri","image_height":105,"promo_text":"","enable_variant_dropdown":false}}},"block_order":["product_JAbBHW"],"disabled":true,"settings":{"html":"<div id=\"mini-atc-target\"><\/div>","boxshadow":true,"horizontal_padding":0,"vertical_padding":0,"heading":"Abbinalo con:","heading_size":20,"heading_font_weight":700,"heading_color":"#000000","background_color":"#ffffff","border_radius":0,"title_size":16,"title_color":"#000000","refresh_after_atc":true,"atc_text":"AGGIUNGI AL CARRELLO→","price_size":12,"price_color":"#000000","price_text_color":"#ffffff","atc-border-radius":8,"promo_size":16,"promo_color":"#000000","variant_font_size":13,"variant_price_text_color":"#000000","variant_atc-border-radius":8,"variant_font_family":"montserrat_n4","soldout":"Sold Out","soldout_font_size":14,"soldout_text_color":"#ffffff","soldout_bg_color":"#000000"}},"ss_trust_badges_2_q8P8Pd":{"type":"ss-trust-badges-2","blocks":{"item_iAk4Ue":{"type":"item","settings":{"icon":"none","title":"<p>⛟ <strong>SPEDIZIONE IN ITALIA<\/strong><\/p>","subtitle":"<p>Il tuo ordine arriverà in 4-5 Giorni Lavorativi<\/p>"}}},"block_order":["item_iAk4Ue"],"custom_css":[],"settings":{"template":"standard","svg_color":"#000000","bg_color":"#f4f4f4","bg_color_item":"#f4f4f4","title_color":"#000000","subtitle_color":"#716969","icon_size":30,"title_font_size":16,"subtitle_font_size":16,"subtitle_margin_top":0,"space_items":7,"pt":0,"pb":0,"mt":0,"mb":2}}},"order":["main","details","ss_steps_3_8k8bnD","ss_feature_13_cNnx3a","multi_column_fptDUa","ss_comparison_table_2_gGnNRR","faq_6bDT84","ss_scrolling_images_CeGBG3","rich_text_TA9g8y","172038936155f1270f","recommendations","ss_product_vidoes_Lc6weH","ss_upsell_01_UqTJUX","ss_trust_badges_2_q8P8Pd"]}