{"sections":{"media_with_text_hcKYLk":{"type":"media-with-text","blocks":{"heading_fdXHUq":{"type":"heading","settings":{"heading":"{{ metaobject.nome.value }}","heading_size":"h3","heading_h1":false}},"text_FqDxYy":{"type":"text","settings":{"text":"<p>{{ metaobject.sub_heading.value }}<\/p>","enlarge_text":false}}},"block_order":["heading_fdXHUq","text_FqDxYy"],"settings":{"image":"{{ metaobject.img.value }}","video_external":"","video_description":"","video_autoplay":false,"layout":"left","image_fit":"contain","media_width":50,"media_scale":100,"text_align":"text-start","color_scheme":"none","only_content_color_scheme":false}},"featured_collection_Uhc98n":{"type":"featured-collection","settings":{"title":"Esplora la collezione","heading_align":"text-start","show_view_all":true,"collection":"{{ metaobject.collezione.value }}","layout":"carousel","card_size_mobile":"small","card_size":"small","products_to_show":8,"show_promo_info":false,"image_ratio":"fill","promo_title":"A headline to grab attention","content":"<p>Use this card with an image to highlight your collections or introduce a promotion.<\/p>","link_url":"","button_label":"Button","color_scheme":"2","button_style":"btn btn--primary"}}},"order":["media_with_text_hcKYLk","featured_collection_Uhc98n"]}