{"name":"t:sections.footer.name","type":"footer","sections":{"footer":{"type":"footer","blocks":{"double_menu_f8YCDQ":{"type":"double_menu","settings":{"heading":"Shop Waterproof Shoes","menu1":"footer-shop-menu","heading2":"Company","menu2":"footer-company-menu"}},"link_list_ymY6Vw":{"type":"link_list","settings":{"heading":"Customer Care","menu":"footer-customer-care-menu"}},"link_list_zYhpbt":{"type":"link_list","settings":{"heading":"Info","menu":"footer"}}},"block_order":["double_menu_f8YCDQ","link_list_ymY6Vw","link_list_zYhpbt"],"settings":{"color_scheme":"scheme-47115dea-f6a5-447e-af6d-8dac2c79f5aa","newsletter_enable":true,"newsletter_heading":"Join THEESE Folks","newsletter_text":"Join our email list and be the first to know about new drops, colorways, and lots of other fun updates.","enable_follow_on_shop":false,"show_social":true,"enable_country_selector":false,"enable_language_selector":false,"payment_enable":false,"show_policy":true,"margin_top":0,"padding_top":56,"padding_bottom":36}},"custom_color_section":{"type":"custom_color_section","settings":{"bg_color":"#e4e9e8","bg_texct":"#03302d"}}},"order":["footer","custom_color_section"]}