{"name":"t:sections.header.name","type":"header","sections":{"announcement-bar":{"type":"announcement-bar","blocks":{"announcement-bar-0":{"type":"announcement","disabled":true,"settings":{"text":"The Ultimate Waterproof Sneakers","link":"shopify:\/\/collections\/women","show_popup":false,"popup_content":"<h2>Shipping Policy<\/h2><h3>Standard Shipping Times<\/h3><p><strong>Canada:<\/strong><\/p><p>Free Standard Shipping: 5 to 7 business days<\/p><p><strong>USA:<\/strong><\/p><p>Free Standard Shipping: 5 to 10 business days<br\/><\/p><h3>Express Shipping Times<\/h3><p><strong>Canada:<\/strong><\/p><p>Express Shipping: 2 to 4 business days<\/p><p><strong>USA: <\/strong><\/p><p>Express Shipping: 3 to 5 business days<\/p><p><\/p><p><\/p><p>For all our American and Canadian customers - once your order ships from our Canadian warehouse, you don't have to worry about any extra customs fees or duties.<br\/><br\/><\/p><h3><strong>Processing Times<\/strong><\/h3><p>Most orders are shipped the next business day but it may take up to 3 days for your order to process. Our time estimates are based on business days. So weekends and holidays don't count!<\/p><p><\/p>"}},"announcement_UFYBeG":{"type":"announcement","disabled":true,"settings":{"text":"20% SITEWIDE BACK TO SCHOOL SALE","link":"shopify:\/\/collections\/women","show_popup":false,"popup_content":"<p>Type Your Content here<\/p>"}},"announcement_yxc6RJ":{"type":"announcement","disabled":true,"settings":{"text":"SALE ENDS SEP 18TH","link":"","show_popup":false,"popup_content":"<p>Type Your Content here<\/p>"}},"announcement_JreGh8":{"type":"announcement","settings":{"text":"Free Returns and Exchanges","link":"shopify:\/\/pages\/returns-and-exchanges","show_popup":false,"popup_content":"<p>Type Your Content here<\/p>"}},"announcement_zpkjHD":{"type":"announcement","settings":{"text":"Free Shipping to Canada and U.S for orders","link":"","show_popup":true,"popup_content":"<h2>Shipping Policy<\/h2><h3>Standard Shipping Times<\/h3><p><strong>Canada:<\/strong><\/p><p>Free Standard Shipping: 5 to 7 business days<\/p><p><strong>USA:<\/strong><\/p><p>Free Standard Shipping: 5 to 10 business days<br\/><\/p><h3>Express Shipping Times<\/h3><p><strong>Canada:<\/strong><\/p><p>Express Shipping: 2 to 4 business days<\/p><p><strong>USA: <\/strong><\/p><p>Express Shipping: 3 to 5 business days<\/p><p><\/p><p><\/p><p>For all our American and Canadian customers - once your order ships from our Canadian warehouse, you don't have to worry about any extra customs fees or duties.<br\/><br\/><\/p><h3><strong>Processing Times<\/strong><\/h3><p>Most orders are shipped the next business day but it may take up to 3 days for your order to process. Our time estimates are based on business days. So weekends and holidays don't count!<\/p><p><\/p>"}}},"block_order":["announcement-bar-0","announcement_UFYBeG","announcement_yxc6RJ","announcement_JreGh8","announcement_zpkjHD"],"custom_css":[".utility-bar {\/*background: #032624;*\/}",".announcement-bar__message {\/*color: #fff;*\/ font-weight: 600;}"],"settings":{"color_scheme":"scheme-4cac5e43-317a-4ff8-a1fa-8b065ceb3870","show_line_separator":true,"show_social":false,"auto_rotate":true,"change_slides_speed":3,"enable_country_selector":false,"enable_language_selector":false}},"header":{"type":"header","custom_css":[".list-menu__item {color: #fff; font-weight: 700;}",".list-menu__item:hover {color: #ffb824; text-decoration: none;}",".header__menu-item:hover span {text-decoration: none;}",".header__icon {color: #ffb824;}"],"settings":{"logo_position":"middle-center","menu":"main-menu","menu_type_desktop":"dropdown","sticky_header_type":"always","show_line_separator":true,"color_scheme":"inverse","menu_color_scheme":"inverse","enable_country_selector":true,"enable_language_selector":true,"mobile_logo_position":"center","margin_bottom":0,"padding_top":20,"padding_bottom":20}}},"order":["announcement-bar","header"]}