{"current":{"color_text":"#000000","color_body_text":"#000000","color_sale_text":"#557b97","color_button":"#ca3415","color_button_text":"#ffffff","color_small_button_text_border":"#3d4246","color_text_field_text":"#000000","color_text_field_border":"#949494","color_text_field":"#ffffff","color_image_overlay_text":"#ffffff","color_image_overlay":"#3d4246","image_overlay_opacity":40,"color_borders":"#e8e9eb","color_body_bg":"#ffffff","type_header_font":"work_sans_n6","type_header_base_size":20,"type_base_font":"work_sans_n4","type_base_size":15,"type_bold_product_titles":false,"share_image":"","share_facebook":false,"share_twitter":false,"share_pinterest":false,"social_twitter_link":"","social_facebook_link":"","social_pinterest_link":"","social_instagram_link":"","social_tumblr_link":"","social_snapchat_link":"","social_youtube_link":"","social_vimeo_link":"","favicon":"shopify:\/\/shop_images\/favicon.png","checkout_header_image":"","checkout_logo_image":"shopify:\/\/shop_images\/pghspraylogo.png","checkout_logo_position":"left","checkout_logo_size":"medium","checkout_body_background_image":"","checkout_body_background_color":"#ffffff","checkout_input_background_color_mode":"white","checkout_sidebar_background_image":"","checkout_sidebar_background_color":"#fafafa","checkout_heading_font":"-apple-system, BlinkMacSystemFont, 'Segoe UI', Roboto, Helvetica, Arial, sans-serif, 'Apple Color Emoji', 'Segoe UI Emoji', 'Segoe UI Symbol'","checkout_body_font":"-apple-system, BlinkMacSystemFont, 'Segoe UI', Roboto, Helvetica, Arial, sans-serif, 'Apple Color Emoji', 'Segoe UI Emoji', 'Segoe UI Symbol'","checkout_accent_color":"#197bbd","checkout_button_color":"#ca3415","checkout_error_color":"#e32c2b","sections":{"header":{"type":"header","settings":{"align_logo":"left","logo":"shopify:\/\/shop_images\/pghspraylogo.png","logo_max_width":165,"main_linklist":"main-menu","message":false,"home_page_only":false,"message_text":"","message_link":"shopify:\/\/pages\/shipping-and-delivery","color_bg":"#7796a8","color_text":"#ffffff"}},"footer":{"type":"footer","blocks":{"text":{"type":"text","settings":{"title":"About Us","text":"<p>Since 1947 we have served as the experts on surface preparation and coating application equipment. From a single spray gun to fully automated systems.<\/p>"}},"1552465890685":{"type":"text","settings":{"title":"Address","text":"<p><a href=\"https:\/\/pittsburghsprayequip.com\" title=\"https:\/\/pittsburghsprayequip.com\">Pittsburgh Spray Equipment Company <\/a><\/p><p>We offer on site service in Ohio, West Virginia, and Pennsylvania<br\/>3601 Library Rd<br\/>Pittsburgh<br\/>PA<br\/>15234<\/p><p>Phone: <a href=\"\/pages\/contact-us\" title=\"Contact Us\">(866) 352-5514<\/a> \/ <a href=\"\/pages\/contact-us\" title=\"Contact Us\">(866) 352-5514<\/a><\/p>"}},"1553608367613":{"type":"link_list","settings":{"title":"Quick Links","menu":"footer"}},"f073efd7-1c57-4a62-ac6f-18ca662f8391":{"type":"link_list","settings":{"title":"Quick links","menu":"footer"}}},"block_order":["text","1552465890685","1553608367613","f073efd7-1c57-4a62-ac6f-18ca662f8391"],"settings":{"show_payment_icons":true,"color_footer_bg":"#f5f5f5","color_footer_text":"#3d4246"}},"announcement-bar":{"type":"announcement-bar","settings":{"message":true,"home_page_only":false,"header_padding":0,"message_text":"FREE Shipping On Order Over 80$","free_shipping_countdown":true,"free_shipping_threshold":80,"free_shipping_notqualified":"Add just [price] to your cart to receive free shipping!","free_shipping_qualified":"Your order qualifies for free shipping!","message_link":"","color_bg":"#333333","color_text":"#ffffff","color_text_hover":"#eeeeee","font_size":14}},"product-template":{"type":"product-template","custom_css":[".rte table {table-layout: auto;}"],"settings":{"image_size":"medium","show_quantity_selector":true,"show_variant_labels":true,"show_vendor":false,"enable_zoom":false,"enable_payment_button":false,"show_share_buttons":true}},"collection-template":{"type":"collection-template","settings":{"layout":"grid","grid":4,"rows":2,"show_collection_image":true,"show_vendor":false,"sort_enable":true,"tags_enable":false}},"password-header":{"type":"password-header","settings":{"logo":"","logo_max_width":100,"header":"Coming Soon"}},"password-content":{"type":"password-content","settings":{"newsletter_enable":true,"newsletter_form_heading":"Be the first to know when we launch.","newsletter_form_subheading":"<p>A short sentence describing what someone will receive by subscribing<\/p>","newsletter_placeholder":"Email address","newsletter_button_text":"Notify me"}},"password-footer":{"type":"password-footer","settings":{"show_share_buttons":true,"social_message":"Spread the word"}},"list-collections-template":{"type":"list-collections-template","blocks":{"1552296095888":{"type":"collection","settings":{"collection":""}}},"block_order":["1552296095888"],"settings":{"display_type":"all","sort":"products_low","grid":3}},"searchit-navigation":{"type":"searchit-navigation","settings":{"layout":"grid","grid":4,"rows":2,"show_collection_image":true,"show_vendor":true,"sort_enable":true,"tags_enable":true}},"related-products":{"type":"related-products","settings":{"show_related_products":true,"related_title":"Related Products","related_grid_num":"4","related_grid_row":"1"}},"blog-template":{"type":"blog-template","settings":{"layout":"list","blog_show_author":true,"blog_show_date":true}},"cart-template":{"type":"cart-template","settings":{"cart_notes_enable":false}},"hero":{"type":"hero","disabled":true,"settings":{"alignment":"center","title":"Image with text overlay","text":"<p>Use overlay text to give your customers insight into your brand. Select imagery and text that relates to your style and story.<\/p>","hero_size":"medium","text_size":"large","button_label":"","button_link":""}},"featured-collections":{"type":"collection","disabled":true,"settings":{"title":"Paint Spray Equipment and Accessories","collection":"painting-eqipment","grid":3,"rows":2,"show_vendor":false,"show_view_all":false}},"slideshow":{"type":"slideshow","blocks":{"slideshow-0":{"type":"image","settings":{"image":"shopify:\/\/shop_images\/shutterstock_127981970-1-1200x800.jpg","alignment":"center center","slide_title":"Helping you deliver consistent quality finishes","subheading":"Painting, Powder Coating, Sandblasting, Safety Equipment and More","button_label":"","button_link":""}},"slideshow-1":{"type":"image","settings":{"image":"shopify:\/\/shop_images\/shutterstock_318808016.jpg","alignment":"center center","slide_title":"","subheading":"","button_label":"","button_link":""}},"1551985820021":{"type":"image","settings":{"image":"shopify:\/\/shop_images\/shutterstock_427667125-1200x800.jpg","alignment":"center center","slide_title":"","subheading":"","button_label":"","button_link":""}}},"block_order":["slideshow-0","slideshow-1","1551985820021"],"disabled":true,"settings":{"slideshow_height":"adapt","text_size":"medium","text_alignment":"center center","show_overlay":true,"autorotate":false,"autorotate_speed":5}},"1559630582054":{"type":"rich-text","settings":{"full_width":false,"section_title":"WHY WORK WITH US","text":"<p>Since 1947 we have served customers by helping properly match the right equipment for their work so that you get the results you want. From manufacturers to contractors to individuals we have a variety of options to help with your painting, sandblasting, powder coating, and safety equipment needs.<\/p>","text_size":"medium"}},"1559637958429":{"type":"quotes","blocks":{"1559637958429-0":{"type":"quote","settings":{"quote":"<p>The team at Pittsburgh Spray are always very helpful and very knowledgeable. Extremely easy to work with and they have been supporting my business with great care for the past several years. Patrick works closely with us on a variety of projects and the rest of the team has always been there when we needed additional help. I highly recommend!<\/p>","author":"D.C. Clarke"}},"1559637958429-1":{"type":"quote","settings":{"quote":"<p>Pittsburgh Spray is the go to company if you do any painting (spray ) or blasting. They go above and beyond to help their customers. My shop is 1 hour from Pittsburgh and Patrick and his crew have no problem coming down to assist with a big job or help out with equipment. Above everything else is the expertise they provide in their field. The education and training is priceless. They are competitive on all their pricing and I couldn&#x27;t imagine working with another company. I highly recommend them for any Industrial Painting or blasting needs. This goes for EQUIPMENT SALES , Education , Training and equipment repairs.<\/p>","author":"Mike Siebieda"}},"1559637958429-2":{"type":"quote","settings":{"quote":"<p>Have been using Pittsburgh spray equipment for many year&#x27;s and have never needed to look anywhere else! Very professional and helpful.<\/p>","author":"Mark Pavinich"}}},"block_order":["1559637958429-0","1559637958429-1","1559637958429-2"],"settings":{"title":"Testimonials"}},"1559648319127":{"type":"collection-list","blocks":{"1559648319127-0":{"type":"featured_collection","settings":{"collection":"painters"}},"1559648319127-1":{"type":"featured_collection","settings":{"collection":"powder-coaters"}},"1559648319127-2":{"type":"featured_collection","settings":{"collection":"sandblasting"}},"1560190404535":{"type":"featured_collection","settings":{"collection":"manufacturing"}},"1560191472799":{"type":"featured_collection","settings":{"collection":"constuction"}},"1560191550238":{"type":"featured_collection","settings":{"collection":"fabrication"}}},"block_order":["1559648319127-0","1559648319127-1","1559648319127-2","1560190404535","1560191472799","1560191550238"],"settings":{"title":"Supplying Equipment & Solving Problems For","grid":3}},"1559649526158":{"type":"custom-section","disabled":true,"settings":{"text-heading":"Customer Service From People Who Care.","text-box":"We Know you want fast,friendly service and answer to all your<br> questions. that's why you'll talk to real people every time you call<br> us.","logo":"shopify:\/\/shop_images\/Screenshot_10.png"}},"1560142126344":{"type":"collections-eqipment","settings":{"text-box":"<div id=\"shopify-section-featured-collections\" class=\"shopify-section index-section\">\n<div class=\"page-width\">\n  \n    <div class=\"section-header text-center\">\n      <h1>Paint Spray Equipment and Accessories<\/h1>\n\n    <\/div>\n  \n\n<ul class=\"grid grid--uniform grid--view-items\">\n    \n      <li class=\"grid__item grid__item--featured-collections small--one medium-up--one-third\">\n        <div class=\"grid-view-item product-card\">\n  <a class=\"grid-view-item__link grid-view-item__image-container full-width-link\" href=\"\/pages\/painting-equipment\">\n    <span class=\"visually-hidden\">Painting Equipment<\/span>\n  <\/a>\n\n  \n  \n\n    <style>\n  \n  \n  @media screen and (min-width: 750px) { \n    #ProductCardImage-featured-collections-1746499141667 {\n      max-width: 345px;\n      max-height: 221.66666666666666px;\n    }\n    #ProductCardImageWrapper-featured-collections-1746499141667 {\n      max-width: 345px;\n      max-height: 221.66666666666666px;\n    }\n   } \n  \n  \n    \n    @media screen and (max-width: 749px) {\n      #ProductCardImage-featured-collections-1746499141667 {\n        max-width: 414px;\n        max-height: 750px;\n      }\n      #ProductCardImageWrapper-featured-collections-1746499141667 {\n        max-width: 414px;\n      }\n    }\n  \n<\/style>\n\n  \n\n  <div id=\"ProductCardImageWrapper-featured-collections-1746499141667\" class=\"grid-view-item__image-wrapper product-card__image-wrapper js\">\n    <div style=\"padding-top:64.2512077294686%;\">\n      <img id=\"ProductCardImage-featured-collections-1746499141667\" class=\"grid-view-item__image lazyautosizes lazyloaded\" src=\"\/\/cdn.shopify.com\/s\/files\/1\/0019\/0880\/1571\/products\/1_300x300.jpg?v=1559890930\" data-widths=\"[180, 360, 540, 720, 900, 1080, 1296, 1512, 1728, 2048]\" data-aspectratio=\"1.556390977443609\" data-sizes=\"auto\" alt=\"Painting Equipment\" data-srcset=\"\/\/cdn.shopify.com\/s\/files\/1\/0019\/0880\/1571\/products\/1_180x.jpg?v=1559890930 180w, \/\/cdn.shopify.com\/s\/files\/1\/0019\/0880\/1571\/products\/1_360x.jpg?v=1559890930 360w, \/\/cdn.shopify.com\/s\/files\/1\/0019\/0880\/1571\/products\/1_540x.jpg?v=1559890930 540w, \/\/cdn.shopify.com\/s\/files\/1\/0019\/0880\/1571\/products\/1_720x.jpg?v=1559890930 720w, \/\/cdn.shopify.com\/s\/files\/1\/0019\/0880\/1571\/products\/1_900x.jpg?v=1559890930 900w, \/\/cdn.shopify.com\/s\/files\/1\/0019\/0880\/1571\/products\/1_1080x.jpg?v=1559890930 1080w, \/\/cdn.shopify.com\/s\/files\/1\/0019\/0880\/1571\/products\/1_1296x.jpg?v=1559890930 1296w, \/\/cdn.shopify.com\/s\/files\/1\/0019\/0880\/1571\/products\/1_1512x.jpg?v=1559890930 1512w, \/\/cdn.shopify.com\/s\/files\/1\/0019\/0880\/1571\/products\/1_1728x.jpg?v=1559890930 1728w, \/\/cdn.shopify.com\/s\/files\/1\/0019\/0880\/1571\/products\/1_2048x.jpg?v=1559890930 2048w\" sizes=\"428px\" srcset=\"\/\/cdn.shopify.com\/s\/files\/1\/0019\/0880\/1571\/products\/1_180x.jpg?v=1559890930 180w, \/\/cdn.shopify.com\/s\/files\/1\/0019\/0880\/1571\/products\/1_360x.jpg?v=1559890930 360w, \/\/cdn.shopify.com\/s\/files\/1\/0019\/0880\/1571\/products\/1_540x.jpg?v=1559890930 540w, \/\/cdn.shopify.com\/s\/files\/1\/0019\/0880\/1571\/products\/1_720x.jpg?v=1559890930 720w, \/\/cdn.shopify.com\/s\/files\/1\/0019\/0880\/1571\/products\/1_900x.jpg?v=1559890930 900w, \/\/cdn.shopify.com\/s\/files\/1\/0019\/0880\/1571\/products\/1_1080x.jpg?v=1559890930 1080w, \/\/cdn.shopify.com\/s\/files\/1\/0019\/0880\/1571\/products\/1_1296x.jpg?v=1559890930 1296w, \/\/cdn.shopify.com\/s\/files\/1\/0019\/0880\/1571\/products\/1_1512x.jpg?v=1559890930 1512w, \/\/cdn.shopify.com\/s\/files\/1\/0019\/0880\/1571\/products\/1_1728x.jpg?v=1559890930 1728w, \/\/cdn.shopify.com\/s\/files\/1\/0019\/0880\/1571\/products\/1_2048x.jpg?v=1559890930 2048w\">\n    <\/div>\n  <\/div>\n\n  <noscript>\n    \n    <img class=\"grid-view-item__image\" src=\"\/\/cdn.shopify.com\/s\/files\/1\/0019\/0880\/1571\/products\/1_345x345@2x.jpg?v=1559890930\" alt=\"Painting Equipment\" style=\"max-width: 536.9548872180451px;\">\n  <\/noscript>\n\n  <div class=\"h4 grid-view-item__title product-card__title\" aria-hidden=\"true\">Painting Equipment<\/div>\n\t\n  <!-- snippet\/product-price.liquid -->\n\n<dl class=\"price\" data-price=\"\" style=\"display:\">\n\n  \n\n  <div class=\"price__regular\">\n    <dt>\n      <span class=\"visually-hidden visually-hidden--inline\">Regular price<\/span>\n    <\/dt>\n    <dd>\n      <span class=\"price-item price-item--regular\" data-regular-price=\"\">\n        \n          \n            $100.00\n          \n        \n      <\/span>\n    <\/dd>\n  <\/div>\n  <div class=\"price__sale\">\n    <dt>\n      <span class=\"visually-hidden visually-hidden--inline\">Sale price<\/span>\n    <\/dt>\n    <dd>\n      <span class=\"price-item price-item--sale\" data-sale-price=\"\">\n        $100.00\n      <\/span>\n      <span class=\"price-item__label\" aria-hidden=\"true\">Sale<\/span>\n    <\/dd>\n  <\/div>\n<\/dl>\n\n\n<script data-id=\"1746499141667\" id=\"rfq-collection-script-1746499141667\" class=\"rfq-collection-script\">\n\tvar GRFQCollection = GRFQCollection || {};\n\tGRFQCollection[1746499141667] = {\"id\":1746499141667,\"title\":\"Painting Equipment\",\"handle\":\"compressed-air\",\"description\":\"\",\"published_at\":\"2019-06-04T02:20:00-04:00\",\"created_at\":\"2019-06-04T02:20:54-04:00\",\"vendor\":\"Pittsburgh Spray\",\"type\":\"\",\"tags\":[\"painting equipment\"],\"price\":10000,\"price_min\":10000,\"price_max\":10000,\"available\":true,\"price_varies\":false,\"compare_at_price\":null,\"compare_at_price_min\":0,\"compare_at_price_max\":0,\"compare_at_price_varies\":false,\"variants\":[{\"id\":14876063858723,\"title\":\"Default Title\",\"option1\":\"Default Title\",\"option2\":null,\"option3\":null,\"sku\":\"\",\"requires_shipping\":true,\"taxable\":true,\"featured_image\":null,\"available\":true,\"name\":\"Painting Equipment\",\"public_title\":null,\"options\":[\"Default Title\"],\"price\":10000,\"weight\":0,\"compare_at_price\":null,\"inventory_management\":\"shopify\",\"barcode\":\"\"}],\"images\":[\"\\\/\\\/cdn.shopify.com\\\/s\\\/files\\\/1\\\/0019\\\/0880\\\/1571\\\/products\\\/1.jpg?v=1559890930\"],\"featured_image\":\"\\\/\\\/cdn.shopify.com\\\/s\\\/files\\\/1\\\/0019\\\/0880\\\/1571\\\/products\\\/1.jpg?v=1559890930\",\"options\":[\"Title\"],\"content\":\"\"};\n\tGRFQCollection[1746499141667]['collection'] = [];\n\t\n\t\tGRFQCollection[1746499141667][\"collection\"].push('82843140131')\n\t\n\t\tGRFQCollection[1746499141667][\"collection\"].push('82843172899')\n\t\n\t\tGRFQCollection[1746499141667][\"collection\"].push('82840387619')\n\t \n<\/script>\n\n<!-- **BEGIN** Hextom USB Integration \/\/ Collection Include - DO NOT MODIFY -->\n    <!-- **BEGIN** Hextom USB Integration \/\/ Collection - DO NOT MODIFY -->\n    <span class=\"htusb-ui-boost htusb-ui-coll-boost\" data-v1=\"1746499141667\" data-v2=\"compressed-air\" data-v3=\"\" data-v4=\"tnempiuqe gnitniap\">\n    <\/span>\n<!-- **END** Hextom USB Integration \/\/ Collection - DO NOT MODIFY -->\n    <!-- **END** Hextom USB Integration \/\/ Collection Include - DO NOT MODIFY -->\n<\/div>\n\n      <\/li>\n    \n      <li class=\"grid__item grid__item--featured-collections small--one medium-up--one-third\">\n        <div class=\"grid-view-item product-card\">\n  <a class=\"grid-view-item__link grid-view-item__image-container full-width-link\" href=\"\/pages\/fluid-handling-equipment\">\n    <span class=\"visually-hidden\">Fluid Handling Equipment<\/span>\n  <\/a>\n\n  \n  \n\n    <style>\n  \n  \n  @media screen and (min-width: 750px) { \n    #ProductCardImage-featured-collections-1746498420771 {\n      max-width: 345px;\n      max-height: 221.66666666666666px;\n    }\n    #ProductCardImageWrapper-featured-collections-1746498420771 {\n      max-width: 345px;\n      max-height: 221.66666666666666px;\n    }\n   } \n  \n  \n    \n    @media screen and (max-width: 749px) {\n      #ProductCardImage-featured-collections-1746498420771 {\n        max-width: 414px;\n        max-height: 750px;\n      }\n      #ProductCardImageWrapper-featured-collections-1746498420771 {\n        max-width: 414px;\n      }\n    }\n  \n<\/style>\n\n  \n\n  <div id=\"ProductCardImageWrapper-featured-collections-1746498420771\" class=\"grid-view-item__image-wrapper product-card__image-wrapper js\">\n    <div style=\"padding-top:64.2512077294686%;\">\n      <img id=\"ProductCardImage-featured-collections-1746498420771\" class=\"grid-view-item__image lazyautosizes lazyloaded\" src=\"\/\/cdn.shopify.com\/s\/files\/1\/0019\/0880\/1571\/products\/2_300x300.jpg?v=1559891050\" data-widths=\"[180, 360, 540, 720, 900, 1080, 1296, 1512, 1728, 2048]\" data-aspectratio=\"1.556390977443609\" data-sizes=\"auto\" alt=\"Fluid Handling Equipment\" data-srcset=\"\/\/cdn.shopify.com\/s\/files\/1\/0019\/0880\/1571\/products\/2_180x.jpg?v=1559891050 180w, \/\/cdn.shopify.com\/s\/files\/1\/0019\/0880\/1571\/products\/2_360x.jpg?v=1559891050 360w, \/\/cdn.shopify.com\/s\/files\/1\/0019\/0880\/1571\/products\/2_540x.jpg?v=1559891050 540w, \/\/cdn.shopify.com\/s\/files\/1\/0019\/0880\/1571\/products\/2_720x.jpg?v=1559891050 720w, \/\/cdn.shopify.com\/s\/files\/1\/0019\/0880\/1571\/collections\/2.jpg?v=1559891050 900w, \/\/cdn.shopify.com\/s\/files\/1\/0019\/0880\/1571\/products\/2_1080x.jpg?v=1559891050 1080w, \/\/cdn.shopify.com\/s\/files\/1\/0019\/0880\/1571\/products\/2_1296x.jpg?v=1559891050 1296w, \/\/cdn.shopify.com\/s\/files\/1\/0019\/0880\/1571\/products\/2_1512x.jpg?v=1559891050 1512w, \/\/cdn.shopify.com\/s\/files\/1\/0019\/0880\/1571\/products\/2_1728x.jpg?v=1559891050 1728w, \/\/cdn.shopify.com\/s\/files\/1\/0019\/0880\/1571\/products\/2_2048x.jpg?v=1559891050 2048w\" sizes=\"428px\" srcset=\"\/\/cdn.shopify.com\/s\/files\/1\/0019\/0880\/1571\/products\/2_180x.jpg?v=1559891050 180w, \/\/cdn.shopify.com\/s\/files\/1\/0019\/0880\/1571\/products\/2_360x.jpg?v=1559891050 360w, \/\/cdn.shopify.com\/s\/files\/1\/0019\/0880\/1571\/products\/2_540x.jpg?v=1559891050 540w, \/\/cdn.shopify.com\/s\/files\/1\/0019\/0880\/1571\/products\/2_720x.jpg?v=1559891050 720w, \/\/cdn.shopify.com\/s\/files\/1\/0019\/0880\/1571\/collections\/2.jpg?v=1559891050 900w, \/\/cdn.shopify.com\/s\/files\/1\/0019\/0880\/1571\/products\/2_1080x.jpg?v=1559891050 1080w, \/\/cdn.shopify.com\/s\/files\/1\/0019\/0880\/1571\/products\/2_1296x.jpg?v=1559891050 1296w, \/\/cdn.shopify.com\/s\/files\/1\/0019\/0880\/1571\/products\/2_1512x.jpg?v=1559891050 1512w, \/\/cdn.shopify.com\/s\/files\/1\/0019\/0880\/1571\/products\/2_1728x.jpg?v=1559891050 1728w, \/\/cdn.shopify.com\/s\/files\/1\/0019\/0880\/1571\/products\/2_2048x.jpg?v=1559891050 2048w\">\n    <\/div>\n  <\/div>\n\n  <noscript>\n    \n    <img class=\"grid-view-item__image\" src=\"\/\/cdn.shopify.com\/s\/files\/1\/0019\/0880\/1571\/products\/2_345x345@2x.jpg?v=1559891050\" alt=\"Fluid Handling Equipment\" style=\"max-width: 536.9548872180451px;\">\n  <\/noscript>\n\n  <div class=\"h4 grid-view-item__title product-card__title\" aria-hidden=\"true\">Fluid Handling Equipment<\/div>\n\t\n  <!-- snippet\/product-price.liquid -->\n\n<dl class=\"price\" data-price=\"\" style=\"display:\">\n\n  \n\n  <div class=\"price__regular\">\n    <dt>\n      <span class=\"visually-hidden visually-hidden--inline\">Regular price<\/span>\n    <\/dt>\n    <dd>\n      <span class=\"price-item price-item--regular\" data-regular-price=\"\">\n        \n          \n            $100.00\n          \n        \n      <\/span>\n    <\/dd>\n  <\/div>\n  <div class=\"price__sale\">\n    <dt>\n      <span class=\"visually-hidden visually-hidden--inline\">Sale price<\/span>\n    <\/dt>\n    <dd>\n      <span class=\"price-item price-item--sale\" data-sale-price=\"\">\n        $100.00\n      <\/span>\n      <span class=\"price-item__label\" aria-hidden=\"true\">Sale<\/span>\n    <\/dd>\n  <\/div>\n<\/dl>\n\n\n<script data-id=\"1746498420771\" id=\"rfq-collection-script-1746498420771\" class=\"rfq-collection-script\">\n\tvar GRFQCollection = GRFQCollection || {};\n\tGRFQCollection[1746498420771] = {\"id\":1746498420771,\"title\":\"Fluid Handling Equipment\",\"handle\":\"safety-equipment\",\"description\":\"\",\"published_at\":\"2019-06-04T02:17:29-04:00\",\"created_at\":\"2019-06-04T02:19:18-04:00\",\"vendor\":\"Pittsburgh Spray\",\"type\":\"\",\"tags\":[],\"price\":10000,\"price_min\":10000,\"price_max\":10000,\"available\":true,\"price_varies\":false,\"compare_at_price\":null,\"compare_at_price_min\":0,\"compare_at_price_max\":0,\"compare_at_price_varies\":false,\"variants\":[{\"id\":14876052357155,\"title\":\"Default Title\",\"option1\":\"Default Title\",\"option2\":null,\"option3\":null,\"sku\":\"\",\"requires_shipping\":true,\"taxable\":true,\"featured_image\":null,\"available\":true,\"name\":\"Fluid Handling Equipment\",\"public_title\":null,\"options\":[\"Default Title\"],\"price\":10000,\"weight\":0,\"compare_at_price\":null,\"inventory_management\":\"shopify\",\"barcode\":\"\"}],\"images\":[\"\\\/\\\/cdn.shopify.com\\\/s\\\/files\\\/1\\\/0019\\\/0880\\\/1571\\\/products\\\/2.jpg?v=1559891050\"],\"featured_image\":\"\\\/\\\/cdn.shopify.com\\\/s\\\/files\\\/1\\\/0019\\\/0880\\\/1571\\\/products\\\/2.jpg?v=1559891050\",\"options\":[\"Title\"],\"content\":\"\"};\n\tGRFQCollection[1746498420771]['collection'] = [];\n\t\n\t\tGRFQCollection[1746498420771][\"collection\"].push('82843140131')\n\t\n\t\tGRFQCollection[1746498420771][\"collection\"].push('82843172899')\n\t\n\t\tGRFQCollection[1746498420771][\"collection\"].push('82840387619')\n\t \n<\/script>\n\n<!-- **BEGIN** Hextom USB Integration \/\/ Collection Include - DO NOT MODIFY -->\n    <!-- **BEGIN** Hextom USB Integration \/\/ Collection - DO NOT MODIFY -->\n    <span class=\"htusb-ui-boost htusb-ui-coll-boost\" data-v1=\"1746498420771\" data-v2=\"safety-equipment\" data-v3=\"\" data-v4=\"\">\n    <\/span>\n<!-- **END** Hextom USB Integration \/\/ Collection - DO NOT MODIFY -->\n    <!-- **END** Hextom USB Integration \/\/ Collection Include - DO NOT MODIFY -->\n<\/div>\n\n      <\/li>\n    \n      <li class=\"grid__item grid__item--featured-collections small--one medium-up--one-third\">\n        <div class=\"grid-view-item product-card\">\n  <a class=\"grid-view-item__link grid-view-item__image-container full-width-link\" href=\"\/pages\/surface-prep-equipment\">\n    <span class=\"visually-hidden\">Surface Prep Equipment<\/span>\n  <\/a>\n\n  \n  \n\n    <style>\n  \n  \n  @media screen and (min-width: 750px) { \n    #ProductCardImage-featured-collections-1746497536035 {\n      max-width: 345px;\n      max-height: 221.66666666666666px;\n    }\n    #ProductCardImageWrapper-featured-collections-1746497536035 {\n      max-width: 345px;\n      max-height: 221.66666666666666px;\n    }\n   } \n  \n  \n    \n    @media screen and (max-width: 749px) {\n      #ProductCardImage-featured-collections-1746497536035 {\n        max-width: 414px;\n        max-height: 750px;\n      }\n      #ProductCardImageWrapper-featured-collections-1746497536035 {\n        max-width: 414px;\n      }\n    }\n  \n<\/style>\n\n  \n\n  <div id=\"ProductCardImageWrapper-featured-collections-1746497536035\" class=\"grid-view-item__image-wrapper product-card__image-wrapper js\">\n    <div style=\"padding-top:64.2512077294686%;\">\n      <img id=\"ProductCardImage-featured-collections-1746497536035\" class=\"grid-view-item__image lazyautosizes lazyloaded\" src=\"\/\/cdn.shopify.com\/s\/files\/1\/0019\/0880\/1571\/products\/3_300x300.jpg?v=1559894891\" data-widths=\"[180, 360, 540, 720, 900, 1080, 1296, 1512, 1728, 2048]\" data-aspectratio=\"1.556390977443609\" data-sizes=\"auto\" alt=\"Surface Prep Equipment\" data-srcset=\"\/\/cdn.shopify.com\/s\/files\/1\/0019\/0880\/1571\/products\/3_180x.jpg?v=1559894891 180w, \/\/cdn.shopify.com\/s\/files\/1\/0019\/0880\/1571\/products\/3_360x.jpg?v=1559894891 360w, \/\/cdn.shopify.com\/s\/files\/1\/0019\/0880\/1571\/products\/3_540x.jpg?v=1559894891 540w, \/\/cdn.shopify.com\/s\/files\/1\/0019\/0880\/1571\/products\/3_720x.jpg?v=1559894891 720w, \/\/cdn.shopify.com\/s\/files\/1\/0019\/0880\/1571\/products\/3_900x.jpg?v=1559894891 900w, \/\/cdn.shopify.com\/s\/files\/1\/0019\/0880\/1571\/products\/3_1080x.jpg?v=1559894891 1080w, \/\/cdn.shopify.com\/s\/files\/1\/0019\/0880\/1571\/products\/3_1296x.jpg?v=1559894891 1296w, \/\/cdn.shopify.com\/s\/files\/1\/0019\/0880\/1571\/products\/3_1512x.jpg?v=1559894891 1512w, \/\/cdn.shopify.com\/s\/files\/1\/0019\/0880\/1571\/products\/3_1728x.jpg?v=1559894891 1728w, \/\/cdn.shopify.com\/s\/files\/1\/0019\/0880\/1571\/products\/3_2048x.jpg?v=1559894891 2048w\" sizes=\"428px\" srcset=\"\/\/cdn.shopify.com\/s\/files\/1\/0019\/0880\/1571\/products\/3_180x.jpg?v=1559894891 180w, \/\/cdn.shopify.com\/s\/files\/1\/0019\/0880\/1571\/products\/3_360x.jpg?v=1559894891 360w, \/\/cdn.shopify.com\/s\/files\/1\/0019\/0880\/1571\/products\/3_540x.jpg?v=1559894891 540w, \/\/cdn.shopify.com\/s\/files\/1\/0019\/0880\/1571\/products\/3_720x.jpg?v=1559894891 720w, \/\/cdn.shopify.com\/s\/files\/1\/0019\/0880\/1571\/products\/3_900x.jpg?v=1559894891 900w, \/\/cdn.shopify.com\/s\/files\/1\/0019\/0880\/1571\/products\/3_1080x.jpg?v=1559894891 1080w, \/\/cdn.shopify.com\/s\/files\/1\/0019\/0880\/1571\/products\/3_1296x.jpg?v=1559894891 1296w, \/\/cdn.shopify.com\/s\/files\/1\/0019\/0880\/1571\/products\/3_1512x.jpg?v=1559894891 1512w, \/\/cdn.shopify.com\/s\/files\/1\/0019\/0880\/1571\/products\/3_1728x.jpg?v=1559894891 1728w, \/\/cdn.shopify.com\/s\/files\/1\/0019\/0880\/1571\/products\/3_2048x.jpg?v=1559894891 2048w\">\n    <\/div>\n  <\/div>\n\n  <noscript>\n    \n    <img class=\"grid-view-item__image\" src=\"\/\/cdn.shopify.com\/s\/files\/1\/0019\/0880\/1571\/products\/3_345x345@2x.jpg?v=1559894891\" alt=\"Surface Prep Equipment\" style=\"max-width: 536.9548872180451px;\">\n  <\/noscript>\n\n  <div class=\"h4 grid-view-item__title product-card__title\" aria-hidden=\"true\">Surface Prep Equipment<\/div>\n\t\n  <!-- snippet\/product-price.liquid -->\n\n<dl class=\"price\" data-price=\"\" style=\"display:\">\n\n  \n\n  <div class=\"price__regular\">\n    <dt>\n      <span class=\"visually-hidden visually-hidden--inline\">Regular price<\/span>\n    <\/dt>\n    <dd>\n      <span class=\"price-item price-item--regular\" data-regular-price=\"\">\n        \n          \n            $100.00\n          \n        \n      <\/span>\n    <\/dd>\n  <\/div>\n  <div class=\"price__sale\">\n    <dt>\n      <span class=\"visually-hidden visually-hidden--inline\">Sale price<\/span>\n    <\/dt>\n    <dd>\n      <span class=\"price-item price-item--sale\" data-sale-price=\"\">\n        $100.00\n      <\/span>\n      <span class=\"price-item__label\" aria-hidden=\"true\">Sale<\/span>\n    <\/dd>\n  <\/div>\n<\/dl>\n\n\n<script data-id=\"1746497536035\" id=\"rfq-collection-script-1746497536035\" class=\"rfq-collection-script\">\n\tvar GRFQCollection = GRFQCollection || {};\n\tGRFQCollection[1746497536035] = {\"id\":1746497536035,\"title\":\"Surface Prep Equipment\",\"handle\":\"powder-coating-equipment\",\"description\":\"\",\"published_at\":\"2019-06-04T02:15:11-04:00\",\"created_at\":\"2019-06-04T02:17:15-04:00\",\"vendor\":\"Pittsburgh Spray\",\"type\":\"\",\"tags\":[\"painting equipment\"],\"price\":10000,\"price_min\":10000,\"price_max\":10000,\"available\":true,\"price_varies\":false,\"compare_at_price\":null,\"compare_at_price_min\":0,\"compare_at_price_max\":0,\"compare_at_price_varies\":false,\"variants\":[{\"id\":14876037578787,\"title\":\"Default Title\",\"option1\":\"Default Title\",\"option2\":null,\"option3\":null,\"sku\":\"\",\"requires_shipping\":true,\"taxable\":true,\"featured_image\":null,\"available\":true,\"name\":\"Surface Prep Equipment\",\"public_title\":null,\"options\":[\"Default Title\"],\"price\":10000,\"weight\":0,\"compare_at_price\":null,\"inventory_management\":\"shopify\",\"barcode\":\"\"}],\"images\":[\"\\\/\\\/cdn.shopify.com\\\/s\\\/files\\\/1\\\/0019\\\/0880\\\/1571\\\/products\\\/3.jpg?v=1559894891\"],\"featured_image\":\"\\\/\\\/cdn.shopify.com\\\/s\\\/files\\\/1\\\/0019\\\/0880\\\/1571\\\/products\\\/3.jpg?v=1559894891\",\"options\":[\"Title\"],\"content\":\"\"};\n\tGRFQCollection[1746497536035]['collection'] = [];\n\t\n\t\tGRFQCollection[1746497536035][\"collection\"].push('82843140131')\n\t\n\t\tGRFQCollection[1746497536035][\"collection\"].push('82843172899')\n\t\n\t\tGRFQCollection[1746497536035][\"collection\"].push('82840387619')\n\t \n<\/script>\n\n<!-- **BEGIN** Hextom USB Integration \/\/ Collection Include - DO NOT MODIFY -->\n    <!-- **BEGIN** Hextom USB Integration \/\/ Collection - DO NOT MODIFY -->\n    <span class=\"htusb-ui-boost htusb-ui-coll-boost\" data-v1=\"1746497536035\" data-v2=\"powder-coating-equipment\" data-v3=\"\" data-v4=\"tnempiuqe gnitniap\">\n    <\/span>\n<!-- **END** Hextom USB Integration \/\/ Collection - DO NOT MODIFY -->\n    <!-- **END** Hextom USB Integration \/\/ Collection Include - DO NOT MODIFY -->\n<\/div>\n\n      <\/li>\n    \n      <li class=\"grid__item grid__item--featured-collections small--one medium-up--one-third\">\n        <div class=\"grid-view-item product-card\">\n  <a class=\"grid-view-item__link grid-view-item__image-container full-width-link\" href=\"\/pages\/powder-coating-equipment\">\n    <span class=\"visually-hidden\"><\/span>\n  <\/a>\n\n  \n  \n\n    <style>\n  \n  \n  @media screen and (min-width: 750px) { \n    #ProductCardImage-featured-collections-1746495766563 {\n      max-width: 345px;\n      max-height: 221.66666666666666px;\n    }\n    #ProductCardImageWrapper-featured-collections-1746495766563 {\n      max-width: 345px;\n      max-height: 221.66666666666666px;\n    }\n   } \n  \n  \n    \n    @media screen and (max-width: 749px) {\n      #ProductCardImage-featured-collections-1746495766563 {\n        max-width: 414px;\n        max-height: 750px;\n      }\n      #ProductCardImageWrapper-featured-collections-1746495766563 {\n        max-width: 414px;\n      }\n    }\n  \n<\/style>\n\n  \n\n  <div id=\"ProductCardImageWrapper-featured-collections-1746495766563\" class=\"grid-view-item__image-wrapper product-card__image-wrapper js\">\n    <div style=\"padding-top:64.2512077294686%;\">\n      <img id=\"ProductCardImage-featured-collections-1746495766563\" class=\"grid-view-item__image lazyautosizes lazyloaded\" src=\"\/\/cdn.shopify.com\/s\/files\/1\/0019\/0880\/1571\/products\/U4_c50ad57e-d25c-4d80-b3d9-9d47eee9cb60_300x300.jpg?v=1559894726\" data-widths=\"[180, 360, 540, 720, 900, 1080, 1296, 1512, 1728, 2048]\" data-aspectratio=\"1.556390977443609\" data-sizes=\"auto\" alt=\"Powder Coating Equipment\" data-srcset=\"\/\/cdn.shopify.com\/s\/files\/1\/0019\/0880\/1571\/products\/U4_c50ad57e-d25c-4d80-b3d9-9d47eee9cb60_180x.jpg?v=1559894726 180w, \/\/cdn.shopify.com\/s\/files\/1\/0019\/0880\/1571\/products\/U4_c50ad57e-d25c-4d80-b3d9-9d47eee9cb60_360x.jpg?v=1559894726 360w, \/\/cdn.shopify.com\/s\/files\/1\/0019\/0880\/1571\/products\/U4_c50ad57e-d25c-4d80-b3d9-9d47eee9cb60_540x.jpg?v=1559894726 540w, \/\/cdn.shopify.com\/s\/files\/1\/0019\/0880\/1571\/products\/U4_c50ad57e-d25c-4d80-b3d9-9d47eee9cb60_720x.jpg?v=1559894726 720w, \/\/cdn.shopify.com\/s\/files\/1\/0019\/0880\/1571\/products\/U4_c50ad57e-d25c-4d80-b3d9-9d47eee9cb60_900x.jpg?v=1559894726 900w, \/\/cdn.shopify.com\/s\/files\/1\/0019\/0880\/1571\/products\/U4_c50ad57e-d25c-4d80-b3d9-9d47eee9cb60_1080x.jpg?v=1559894726 1080w, \/\/cdn.shopify.com\/s\/files\/1\/0019\/0880\/1571\/products\/U4_c50ad57e-d25c-4d80-b3d9-9d47eee9cb60_1296x.jpg?v=1559894726 1296w, \/\/cdn.shopify.com\/s\/files\/1\/0019\/0880\/1571\/products\/U4_c50ad57e-d25c-4d80-b3d9-9d47eee9cb60_1512x.jpg?v=1559894726 1512w, \/\/cdn.shopify.com\/s\/files\/1\/0019\/0880\/1571\/products\/U4_c50ad57e-d25c-4d80-b3d9-9d47eee9cb60_1728x.jpg?v=1559894726 1728w, \/\/cdn.shopify.com\/s\/files\/1\/0019\/0880\/1571\/products\/U4_c50ad57e-d25c-4d80-b3d9-9d47eee9cb60_2048x.jpg?v=1559894726 2048w\" sizes=\"428px\" srcset=\"\/\/cdn.shopify.com\/s\/files\/1\/0019\/0880\/1571\/products\/U4_c50ad57e-d25c-4d80-b3d9-9d47eee9cb60_180x.jpg?v=1559894726 180w, \/\/cdn.shopify.com\/s\/files\/1\/0019\/0880\/1571\/products\/U4_c50ad57e-d25c-4d80-b3d9-9d47eee9cb60_360x.jpg?v=1559894726 360w, \/\/cdn.shopify.com\/s\/files\/1\/0019\/0880\/1571\/products\/U4_c50ad57e-d25c-4d80-b3d9-9d47eee9cb60_540x.jpg?v=1559894726 540w, \/\/cdn.shopify.com\/s\/files\/1\/0019\/0880\/1571\/products\/U4_c50ad57e-d25c-4d80-b3d9-9d47eee9cb60_720x.jpg?v=1559894726 720w, \/\/cdn.shopify.com\/s\/files\/1\/0019\/0880\/1571\/products\/U4_c50ad57e-d25c-4d80-b3d9-9d47eee9cb60_900x.jpg?v=1559894726 900w, \/\/cdn.shopify.com\/s\/files\/1\/0019\/0880\/1571\/products\/U4_c50ad57e-d25c-4d80-b3d9-9d47eee9cb60_1080x.jpg?v=1559894726 1080w, \/\/cdn.shopify.com\/s\/files\/1\/0019\/0880\/1571\/products\/U4_c50ad57e-d25c-4d80-b3d9-9d47eee9cb60_1296x.jpg?v=1559894726 1296w, \/\/cdn.shopify.com\/s\/files\/1\/0019\/0880\/1571\/products\/U4_c50ad57e-d25c-4d80-b3d9-9d47eee9cb60_1512x.jpg?v=1559894726 1512w, \/\/cdn.shopify.com\/s\/files\/1\/0019\/0880\/1571\/products\/U4_c50ad57e-d25c-4d80-b3d9-9d47eee9cb60_1728x.jpg?v=1559894726 1728w, \/\/cdn.shopify.com\/s\/files\/1\/0019\/0880\/1571\/products\/U4_c50ad57e-d25c-4d80-b3d9-9d47eee9cb60_2048x.jpg?v=1559894726 2048w\">\n    <\/div>\n  <\/div>\n\n  <noscript>\n    \n    <img class=\"grid-view-item__image\" src=\"\/\/cdn.shopify.com\/s\/files\/1\/0019\/0880\/1571\/products\/U4_c50ad57e-d25c-4d80-b3d9-9d47eee9cb60_345x345@2x.jpg?v=1559894726\" alt=\"Powder Coating Equipment\" style=\"max-width: 536.9548872180451px;\">\n  <\/noscript>\n\n  <div class=\"h4 grid-view-item__title product-card__title\" aria-hidden=\"true\">Powder Coating Equipment<\/div>\n\t\n  <!-- snippet\/product-price.liquid -->\n\n<dl class=\"price\" data-price=\"\" style=\"display:\">\n\n  \n\n  <div class=\"price__regular\">\n    <dt>\n      <span class=\"visually-hidden visually-hidden--inline\">Regular price<\/span>\n    <\/dt>\n    <dd>\n      <span class=\"price-item price-item--regular\" data-regular-price=\"\">\n        \n          \n            $100.00\n          \n        \n      <\/span>\n    <\/dd>\n  <\/div>\n  <div class=\"price__sale\">\n    <dt>\n      <span class=\"visually-hidden visually-hidden--inline\">Sale price<\/span>\n    <\/dt>\n    <dd>\n      <span class=\"price-item price-item--sale\" data-sale-price=\"\">\n        $100.00\n      <\/span>\n      <span class=\"price-item__label\" aria-hidden=\"true\">Sale<\/span>\n    <\/dd>\n  <\/div>\n<\/dl>\n\n\n<script data-id=\"1746495766563\" id=\"rfq-collection-script-1746495766563\" class=\"rfq-collection-script\">\n\tvar GRFQCollection = GRFQCollection || {};\n\tGRFQCollection[1746495766563] = {\"id\":1746495766563,\"title\":\"Powder Coating Equipment\",\"handle\":\"surface-prep-equipment\",\"description\":\"\",\"published_at\":\"2019-06-04T02:12:22-04:00\",\"created_at\":\"2019-06-04T02:14:12-04:00\",\"vendor\":\"Pittsburgh Spray\",\"type\":\"\",\"tags\":[],\"price\":10000,\"price_min\":10000,\"price_max\":10000,\"available\":true,\"price_varies\":false,\"compare_at_price\":null,\"compare_at_price_min\":0,\"compare_at_price_max\":0,\"compare_at_price_varies\":false,\"variants\":[{\"id\":14876010807331,\"title\":\"Default Title\",\"option1\":\"Default Title\",\"option2\":null,\"option3\":null,\"sku\":\"\",\"requires_shipping\":true,\"taxable\":true,\"featured_image\":null,\"available\":true,\"name\":\"Powder Coating Equipment\",\"public_title\":null,\"options\":[\"Default Title\"],\"price\":10000,\"weight\":0,\"compare_at_price\":null,\"inventory_management\":\"shopify\",\"barcode\":\"\"}],\"images\":[\"\\\/\\\/cdn.shopify.com\\\/s\\\/files\\\/1\\\/0019\\\/0880\\\/1571\\\/products\\\/U4_c50ad57e-d25c-4d80-b3d9-9d47eee9cb60.jpg?v=1559894726\"],\"featured_image\":\"\\\/\\\/cdn.shopify.com\\\/s\\\/files\\\/1\\\/0019\\\/0880\\\/1571\\\/products\\\/U4_c50ad57e-d25c-4d80-b3d9-9d47eee9cb60.jpg?v=1559894726\",\"options\":[\"Title\"],\"content\":\"\"};\n\tGRFQCollection[1746495766563]['collection'] = [];\n\t\n\t\tGRFQCollection[1746495766563][\"collection\"].push('82843140131')\n\t\n\t\tGRFQCollection[1746495766563][\"collection\"].push('82843172899')\n\t\n\t\tGRFQCollection[1746495766563][\"collection\"].push('82840387619')\n\t \n<\/script>\n\n<!-- **BEGIN** Hextom USB Integration \/\/ Collection Include - DO NOT MODIFY -->\n    <!-- **BEGIN** Hextom USB Integration \/\/ Collection - DO NOT MODIFY -->\n    <span class=\"htusb-ui-boost htusb-ui-coll-boost\" data-v1=\"1746495766563\" data-v2=\"surface-prep-equipment\" data-v3=\"\" data-v4=\"\">\n    <\/span>\n<!-- **END** Hextom USB Integration \/\/ Collection - DO NOT MODIFY -->\n    <!-- **END** Hextom USB Integration \/\/ Collection Include - DO NOT MODIFY -->\n<\/div>\n\n      <\/li>\n    \n      <li class=\"grid__item grid__item--featured-collections small--one medium-up--one-third\">\n        <div class=\"grid-view-item product-card\">\n  <a class=\"grid-view-item__link grid-view-item__image-container full-width-link\" href=\"\/pages\/safety-equipment\">\n    <span class=\"visually-hidden\"><\/span>\n  <\/a>\n\n  \n  \n\n    <style>\n  \n  \n  @media screen and (min-width: 750px) { \n    #ProductCardImage-featured-collections-1746494685219 {\n      max-width: 345px;\n      max-height: 221.66666666666666px;\n    }\n    #ProductCardImageWrapper-featured-collections-1746494685219 {\n      max-width: 345px;\n      max-height: 221.66666666666666px;\n    }\n   } \n  \n  \n    \n    @media screen and (max-width: 749px) {\n      #ProductCardImage-featured-collections-1746494685219 {\n        max-width: 414px;\n        max-height: 750px;\n      }\n      #ProductCardImageWrapper-featured-collections-1746494685219 {\n        max-width: 414px;\n      }\n    }\n  \n<\/style>\n\n  \n\n  <div id=\"ProductCardImageWrapper-featured-collections-1746494685219\" class=\"grid-view-item__image-wrapper product-card__image-wrapper js\">\n    <div style=\"padding-top:64.2512077294686%;\">\n      <img id=\"ProductCardImage-featured-collections-1746494685219\" class=\"grid-view-item__image lazyautosizes lazyloaded\" src=\"\/\/cdn.shopify.com\/s\/files\/1\/0019\/0880\/1571\/products\/5_1_300x300.jpg?v=1559894473\" data-widths=\"[180, 360, 540, 720, 900, 1080, 1296, 1512, 1728, 2048]\" data-aspectratio=\"1.556390977443609\" data-sizes=\"auto\" alt=\"Safety Equipment\" data-srcset=\"\/\/cdn.shopify.com\/s\/files\/1\/0019\/0880\/1571\/products\/5_1_180x.jpg?v=1559894473 180w, \/\/cdn.shopify.com\/s\/files\/1\/0019\/0880\/1571\/products\/5_1_360x.jpg?v=1559894473 360w, \/\/cdn.shopify.com\/s\/files\/1\/0019\/0880\/1571\/products\/5_1_540x.jpg?v=1559894473 540w, \/\/cdn.shopify.com\/s\/files\/1\/0019\/0880\/1571\/products\/5_1_720x.jpg?v=1559894473 720w, \/\/cdn.shopify.com\/s\/files\/1\/0019\/0880\/1571\/products\/5_1_900x.jpg?v=1559894473 900w, \/\/cdn.shopify.com\/s\/files\/1\/0019\/0880\/1571\/products\/5_1_1080x.jpg?v=1559894473 1080w, \/\/cdn.shopify.com\/s\/files\/1\/0019\/0880\/1571\/products\/5_1_1296x.jpg?v=1559894473 1296w, \/\/cdn.shopify.com\/s\/files\/1\/0019\/0880\/1571\/products\/5_1_1512x.jpg?v=1559894473 1512w, \/\/cdn.shopify.com\/s\/files\/1\/0019\/0880\/1571\/products\/5_1_1728x.jpg?v=1559894473 1728w, \/\/cdn.shopify.com\/s\/files\/1\/0019\/0880\/1571\/products\/5_1_2048x.jpg?v=1559894473 2048w\" sizes=\"428px\" srcset=\"\/\/cdn.shopify.com\/s\/files\/1\/0019\/0880\/1571\/products\/5_1_180x.jpg?v=1559894473 180w, \/\/cdn.shopify.com\/s\/files\/1\/0019\/0880\/1571\/products\/5_1_360x.jpg?v=1559894473 360w, \/\/cdn.shopify.com\/s\/files\/1\/0019\/0880\/1571\/products\/5_1_540x.jpg?v=1559894473 540w, \/\/cdn.shopify.com\/s\/files\/1\/0019\/0880\/1571\/products\/5_1_720x.jpg?v=1559894473 720w, \/\/cdn.shopify.com\/s\/files\/1\/0019\/0880\/1571\/products\/5_1_900x.jpg?v=1559894473 900w, \/\/cdn.shopify.com\/s\/files\/1\/0019\/0880\/1571\/products\/5_1_1080x.jpg?v=1559894473 1080w, \/\/cdn.shopify.com\/s\/files\/1\/0019\/0880\/1571\/products\/5_1_1296x.jpg?v=1559894473 1296w, \/\/cdn.shopify.com\/s\/files\/1\/0019\/0880\/1571\/products\/5_1_1512x.jpg?v=1559894473 1512w, \/\/cdn.shopify.com\/s\/files\/1\/0019\/0880\/1571\/products\/5_1_1728x.jpg?v=1559894473 1728w, \/\/cdn.shopify.com\/s\/files\/1\/0019\/0880\/1571\/products\/5_1_2048x.jpg?v=1559894473 2048w\">\n    <\/div>\n  <\/div>\n\n  <noscript>\n    \n    <img class=\"grid-view-item__image\" src=\"\/\/cdn.shopify.com\/s\/files\/1\/0019\/0880\/1571\/products\/5_1_345x345@2x.jpg?v=1559894473\" alt=\"Safety Equipment\" style=\"max-width: 536.9548872180451px;\">\n  <\/noscript>\n\n  <div class=\"h4 grid-view-item__title product-card__title\" aria-hidden=\"true\">Safety Equipment<\/div>\n\t\n  <!-- snippet\/product-price.liquid -->\n\n<dl class=\"price\" data-price=\"\" style=\"display:\">\n\n  \n\n  <div class=\"price__regular\">\n    <dt>\n      <span class=\"visually-hidden visually-hidden--inline\">Regular price<\/span>\n    <\/dt>\n    <dd>\n      <span class=\"price-item price-item--regular\" data-regular-price=\"\">\n        \n          \n            $100.00\n          \n        \n      <\/span>\n    <\/dd>\n  <\/div>\n  <div class=\"price__sale\">\n    <dt>\n      <span class=\"visually-hidden visually-hidden--inline\">Sale price<\/span>\n    <\/dt>\n    <dd>\n      <span class=\"price-item price-item--sale\" data-sale-price=\"\">\n        $100.00\n      <\/span>\n      <span class=\"price-item__label\" aria-hidden=\"true\">Sale<\/span>\n    <\/dd>\n  <\/div>\n<\/dl>\n\n\n<script data-id=\"1746494685219\" id=\"rfq-collection-script-1746494685219\" class=\"rfq-collection-script\">\n\tvar GRFQCollection = GRFQCollection || {};\n\tGRFQCollection[1746494685219] = {\"id\":1746494685219,\"title\":\"Safety Equipment\",\"handle\":\"fluid-heading-equipment\",\"description\":\"\",\"published_at\":\"2019-06-04T02:01:30-04:00\",\"created_at\":\"2019-06-04T02:11:52-04:00\",\"vendor\":\"Pittsburgh Spray\",\"type\":\"\",\"tags\":[],\"price\":10000,\"price_min\":10000,\"price_max\":10000,\"available\":true,\"price_varies\":false,\"compare_at_price\":null,\"compare_at_price_min\":0,\"compare_at_price_max\":0,\"compare_at_price_varies\":false,\"variants\":[{\"id\":14875995668515,\"title\":\"Default Title\",\"option1\":\"Default Title\",\"option2\":null,\"option3\":null,\"sku\":\"\",\"requires_shipping\":true,\"taxable\":true,\"featured_image\":null,\"available\":true,\"name\":\"Safety Equipment\",\"public_title\":null,\"options\":[\"Default Title\"],\"price\":10000,\"weight\":0,\"compare_at_price\":null,\"inventory_management\":\"shopify\",\"barcode\":\"\"}],\"images\":[\"\\\/\\\/cdn.shopify.com\\\/s\\\/files\\\/1\\\/0019\\\/0880\\\/1571\\\/products\\\/5_1.jpg?v=1559894473\"],\"featured_image\":\"\\\/\\\/cdn.shopify.com\\\/s\\\/files\\\/1\\\/0019\\\/0880\\\/1571\\\/products\\\/5_1.jpg?v=1559894473\",\"options\":[\"Title\"],\"content\":\"\"};\n\tGRFQCollection[1746494685219]['collection'] = [];\n\t\n\t\tGRFQCollection[1746494685219][\"collection\"].push('82843140131')\n\t\n\t\tGRFQCollection[1746494685219][\"collection\"].push('82843172899')\n\t\n\t\tGRFQCollection[1746494685219][\"collection\"].push('82840387619')\n\t \n<\/script>\n\n<!-- **BEGIN** Hextom USB Integration \/\/ Collection Include - DO NOT MODIFY -->\n    <!-- **BEGIN** Hextom USB Integration \/\/ Collection - DO NOT MODIFY -->\n    <span class=\"htusb-ui-boost htusb-ui-coll-boost\" data-v1=\"1746494685219\" data-v2=\"fluid-heading-equipment\" data-v3=\"\" data-v4=\"\">\n    <\/span>\n<!-- **END** Hextom USB Integration \/\/ Collection - DO NOT MODIFY -->\n    <!-- **END** Hextom USB Integration \/\/ Collection Include - DO NOT MODIFY -->\n<\/div>\n\n      <\/li>\n    \n      <li class=\"grid__item grid__item--featured-collections small--one medium-up--one-third\">\n        <div class=\"grid-view-item product-card\">\n  <a class=\"grid-view-item__link grid-view-item__image-container full-width-link\" href=\"\/pages\/compressed-air-equipment\">\n    <span class=\"visually-hidden\"><\/span>\n  <\/a>\n\n  \n  \n\n    <style>\n  \n  \n  @media screen and (min-width: 750px) { \n    #ProductCardImage-featured-collections-1746490753059 {\n      max-width: 345px;\n      max-height: 221.66666666666666px;\n    }\n    #ProductCardImageWrapper-featured-collections-1746490753059 {\n      max-width: 345px;\n      max-height: 221.66666666666666px;\n    }\n   } \n  \n  \n    \n    @media screen and (max-width: 749px) {\n      #ProductCardImage-featured-collections-1746490753059 {\n        max-width: 414px;\n        max-height: 750px;\n      }\n      #ProductCardImageWrapper-featured-collections-1746490753059 {\n        max-width: 414px;\n      }\n    }\n  \n<\/style>\n\n  \n\n  <div id=\"ProductCardImageWrapper-featured-collections-1746490753059\" class=\"grid-view-item__image-wrapper product-card__image-wrapper js\">\n    <div style=\"padding-top:64.2512077294686%;\">\n      <img id=\"ProductCardImage-featured-collections-1746490753059\" class=\"grid-view-item__image lazyautosizes lazyloaded\" src=\"\/\/cdn.shopify.com\/s\/files\/1\/0019\/0880\/1571\/products\/6_8f36478c-6884-4088-82ff-d4481d455c04_300x300.jpg?v=1559894626\" data-widths=\"[180, 360, 540, 720, 900, 1080, 1296, 1512, 1728, 2048]\" data-aspectratio=\"1.556390977443609\" data-sizes=\"auto\" alt=\"Compressed Air\" data-srcset=\"\/\/cdn.shopify.com\/s\/files\/1\/0019\/0880\/1571\/products\/6_8f36478c-6884-4088-82ff-d4481d455c04_180x.jpg?v=1559894626 180w, \/\/cdn.shopify.com\/s\/files\/1\/0019\/0880\/1571\/products\/6_8f36478c-6884-4088-82ff-d4481d455c04_360x.jpg?v=1559894626 360w, \/\/cdn.shopify.com\/s\/files\/1\/0019\/0880\/1571\/products\/6_8f36478c-6884-4088-82ff-d4481d455c04_540x.jpg?v=1559894626 540w, \/\/cdn.shopify.com\/s\/files\/1\/0019\/0880\/1571\/products\/6_8f36478c-6884-4088-82ff-d4481d455c04_720x.jpg?v=1559894626 720w, \/\/cdn.shopify.com\/s\/files\/1\/0019\/0880\/1571\/products\/6_8f36478c-6884-4088-82ff-d4481d455c04_900x.jpg?v=1559894626 900w, \/\/cdn.shopify.com\/s\/files\/1\/0019\/0880\/1571\/products\/6_8f36478c-6884-4088-82ff-d4481d455c04_1080x.jpg?v=1559894626 1080w, \/\/cdn.shopify.com\/s\/files\/1\/0019\/0880\/1571\/products\/6_8f36478c-6884-4088-82ff-d4481d455c04_1296x.jpg?v=1559894626 1296w, \/\/cdn.shopify.com\/s\/files\/1\/0019\/0880\/1571\/products\/6_8f36478c-6884-4088-82ff-d4481d455c04_1512x.jpg?v=1559894626 1512w, \/\/cdn.shopify.com\/s\/files\/1\/0019\/0880\/1571\/products\/6_8f36478c-6884-4088-82ff-d4481d455c04_1728x.jpg?v=1559894626 1728w, \/\/cdn.shopify.com\/s\/files\/1\/0019\/0880\/1571\/products\/6_8f36478c-6884-4088-82ff-d4481d455c04_2048x.jpg?v=1559894626 2048w\" sizes=\"428px\" srcset=\"\/\/cdn.shopify.com\/s\/files\/1\/0019\/0880\/1571\/products\/6_8f36478c-6884-4088-82ff-d4481d455c04_180x.jpg?v=1559894626 180w, \/\/cdn.shopify.com\/s\/files\/1\/0019\/0880\/1571\/products\/6_8f36478c-6884-4088-82ff-d4481d455c04_360x.jpg?v=1559894626 360w, \/\/cdn.shopify.com\/s\/files\/1\/0019\/0880\/1571\/products\/6_8f36478c-6884-4088-82ff-d4481d455c04_540x.jpg?v=1559894626 540w, \/\/cdn.shopify.com\/s\/files\/1\/0019\/0880\/1571\/products\/6_8f36478c-6884-4088-82ff-d4481d455c04_720x.jpg?v=1559894626 720w, \/\/cdn.shopify.com\/s\/files\/1\/0019\/0880\/1571\/products\/6_8f36478c-6884-4088-82ff-d4481d455c04_900x.jpg?v=1559894626 900w, \/\/cdn.shopify.com\/s\/files\/1\/0019\/0880\/1571\/products\/6_8f36478c-6884-4088-82ff-d4481d455c04_1080x.jpg?v=1559894626 1080w, \/\/cdn.shopify.com\/s\/files\/1\/0019\/0880\/1571\/products\/6_8f36478c-6884-4088-82ff-d4481d455c04_1296x.jpg?v=1559894626 1296w, \/\/cdn.shopify.com\/s\/files\/1\/0019\/0880\/1571\/products\/6_8f36478c-6884-4088-82ff-d4481d455c04_1512x.jpg?v=1559894626 1512w, \/\/cdn.shopify.com\/s\/files\/1\/0019\/0880\/1571\/products\/6_8f36478c-6884-4088-82ff-d4481d455c04_1728x.jpg?v=1559894626 1728w, \/\/cdn.shopify.com\/s\/files\/1\/0019\/0880\/1571\/products\/6_8f36478c-6884-4088-82ff-d4481d455c04_2048x.jpg?v=1559894626 2048w\">\n    <\/div>\n  <\/div>\n\n  <noscript>\n    \n    <img class=\"grid-view-item__image\" src=\"\/\/cdn.shopify.com\/s\/files\/1\/0019\/0880\/1571\/products\/6_8f36478c-6884-4088-82ff-d4481d455c04_345x345@2x.jpg?v=1559894626\" alt=\"Compressed Air\" style=\"max-width: 536.9548872180451px;\">\n  <\/noscript>\n\n  <div class=\"h4 grid-view-item__title product-card__title\" aria-hidden=\"true\">Compressed Air<\/div>\n\t\n  <!-- snippet\/product-price.liquid -->\n\n<dl class=\"price\" data-price=\"\" style=\"display:\">\n\n  \n\n  <div class=\"price__regular\">\n    <dt>\n      <span class=\"visually-hidden visually-hidden--inline\">Regular price<\/span>\n    <\/dt>\n    <dd>\n      <span class=\"price-item price-item--regular\" data-regular-price=\"\">\n        \n          \n            $100.00\n          \n        \n      <\/span>\n    <\/dd>\n  <\/div>\n  <div class=\"price__sale\">\n    <dt>\n      <span class=\"visually-hidden visually-hidden--inline\">Sale price<\/span>\n    <\/dt>\n    <dd>\n      <span class=\"price-item price-item--sale\" data-sale-price=\"\">\n        $100.00\n      <\/span>\n      <span class=\"price-item__label\" aria-hidden=\"true\">Sale<\/span>\n    <\/dd>\n  <\/div>\n<\/dl>\n\n\n<script data-id=\"1746490753059\" id=\"rfq-collection-script-1746490753059\" class=\"rfq-collection-script\">\n\tvar GRFQCollection = GRFQCollection || {};\n\tGRFQCollection[1746490753059] = {\"id\":1746490753059,\"title\":\"Compressed Air\",\"handle\":\"painting-equipment\",\"description\":\"\",\"published_at\":\"2019-06-04T01:50:44-04:00\",\"created_at\":\"2019-06-04T02:00:21-04:00\",\"vendor\":\"Pittsburgh Spray\",\"type\":\"\",\"tags\":[],\"price\":10000,\"price_min\":10000,\"price_max\":10000,\"available\":true,\"price_varies\":false,\"compare_at_price\":null,\"compare_at_price_min\":0,\"compare_at_price_max\":0,\"compare_at_price_varies\":false,\"variants\":[{\"id\":14875949072419,\"title\":\"Default Title\",\"option1\":\"Default Title\",\"option2\":null,\"option3\":null,\"sku\":\"\",\"requires_shipping\":true,\"taxable\":true,\"featured_image\":null,\"available\":true,\"name\":\"Compressed Air\",\"public_title\":null,\"options\":[\"Default Title\"],\"price\":10000,\"weight\":0,\"compare_at_price\":null,\"inventory_management\":\"shopify\",\"barcode\":\"\"}],\"images\":[\"\\\/\\\/cdn.shopify.com\\\/s\\\/files\\\/1\\\/0019\\\/0880\\\/1571\\\/products\\\/6_8f36478c-6884-4088-82ff-d4481d455c04.jpg?v=1559894626\"],\"featured_image\":\"\\\/\\\/cdn.shopify.com\\\/s\\\/files\\\/1\\\/0019\\\/0880\\\/1571\\\/products\\\/6_8f36478c-6884-4088-82ff-d4481d455c04.jpg?v=1559894626\",\"options\":[\"Title\"],\"content\":\"\"};\n\tGRFQCollection[1746490753059]['collection'] = [];\n\t\n\t\tGRFQCollection[1746490753059][\"collection\"].push('82843140131')\n\t\n\t\tGRFQCollection[1746490753059][\"collection\"].push('82843172899')\n\t\n\t\tGRFQCollection[1746490753059][\"collection\"].push('82840387619')\n\t \n<\/script>\n\n<!-- **BEGIN** Hextom USB Integration \/\/ Collection Include - DO NOT MODIFY -->\n    <!-- **BEGIN** Hextom USB Integration \/\/ Collection - DO NOT MODIFY -->\n    <span class=\"htusb-ui-boost htusb-ui-coll-boost\" data-v1=\"1746490753059\" data-v2=\"painting-equipment\" data-v3=\"\" data-v4=\"\">\n    <\/span>\n<!-- **END** Hextom USB Integration \/\/ Collection - DO NOT MODIFY -->\n    <!-- **END** Hextom USB Integration \/\/ Collection Include - DO NOT MODIFY -->\n<\/div>\n\n      <\/li>\n    \n  <\/ul>\n\n  \n\n<\/div>\n\n\n\n\n<\/div>"}},"1560166009682":{"type":"collections-eqipment","settings":{"text-box":"<div class=\"page-width\">\n<div class=\"xyz\" style=\"border: 1px solid #d4cfcf;padding: 20px;float: left;width: 100%;\">\n<p style=\"float: left;;font-size: 20px;\">Contact Us |<a href=\"tel:412-882-4550\"> Phone: (866) 352-5514 \n<\/a> | Monday-Friday 8:30 to 5:00 PM<\/p>\n<p style=\"float: right;\"><a href=\"\/pages\/contact-us\"><input type=\"submit\" class=\"btn\" value=\"Contact US\"><\/a><\/p>\n<\/div>\n<\/div>"}},"1560227375322":{"type":"supplying-equipment","disabled":true,"settings":{"painter":"<div id=\"shopify-section-1559648319127\" class=\"shopify-section index-section\">\n<div class=\"page-width\">\n  \n    <div class=\"section-header text-center\">\n      <h2>Supplying Equipment & Solving Problems For<\/h2>\n    <\/div>\n  \n\n  \n\n  <div class=\"collection-grid\">\n    <ul class=\"grid grid--uniform\">\n      \n        <li class=\"grid__item small--one-half medium-up--one-third\">\n\n<div class=\"collection-grid-item\">\n  <a href=\"\/pages\/painting-equipment\" class=\"collection-grid-item__link\">\n    \n      <div class=\"collection-grid-item__overlay box ratio-container js lazyloaded\" data-bgset=\"\/\/cdn.shopify.com\/s\/files\/1\/0019\/0880\/1571\/collections\/Screenshot_7_bc9b2bd1-931e-4832-90a4-ea7da602cf01_180x.png?v=1559891958 180w 123h,\n    \/\/cdn.shopify.com\/s\/files\/1\/0019\/0880\/1571\/collections\/Screenshot_7_bc9b2bd1-931e-4832-90a4-ea7da602cf01_360x.png?v=1559891958 360w 246h,\n    \n    \n    \n    \n    \n    \n    \n    \n    \n    \n    \n    \n    \n    \n    \n    \n    \/\/cdn.shopify.com\/s\/files\/1\/0019\/0880\/1571\/collections\/Screenshot_7_bc9b2bd1-931e-4832-90a4-ea7da602cf01.png?v=1559891958 381w 260h\" data-parent-fit=\"cover\" style='background-image: url(\"https:\/\/cdn.shopify.com\/s\/files\/1\/0019\/0880\/1571\/collections\/Screenshot_7_bc9b2bd1-931e-4832-90a4-ea7da602cf01.png?v=1559891958\");'>\n      <picture style=\"display: none;\"><source data-srcset=\"\/\/cdn.shopify.com\/s\/files\/1\/0019\/0880\/1571\/collections\/Screenshot_7_bc9b2bd1-931e-4832-90a4-ea7da602cf01_180x.png?v=1559891958 180w 123h, \/\/cdn.shopify.com\/s\/files\/1\/0019\/0880\/1571\/collections\/Screenshot_7_bc9b2bd1-931e-4832-90a4-ea7da602cf01_360x.png?v=1559891958 360w 246h, \/\/cdn.shopify.com\/s\/files\/1\/0019\/0880\/1571\/collections\/Screenshot_7_bc9b2bd1-931e-4832-90a4-ea7da602cf01.png?v=1559891958 381w 260h\" sizes=\"560.4878048780488px\" srcset=\"\/\/cdn.shopify.com\/s\/files\/1\/0019\/0880\/1571\/collections\/Screenshot_7_bc9b2bd1-931e-4832-90a4-ea7da602cf01_180x.png?v=1559891958 180w 123h, \/\/cdn.shopify.com\/s\/files\/1\/0019\/0880\/1571\/collections\/Screenshot_7_bc9b2bd1-931e-4832-90a4-ea7da602cf01_360x.png?v=1559891958 360w 246h, \/\/cdn.shopify.com\/s\/files\/1\/0019\/0880\/1571\/collections\/Screenshot_7_bc9b2bd1-931e-4832-90a4-ea7da602cf01.png?v=1559891958 381w 260h\"><img alt=\"\" class=\"lazyautosizes lazyloaded\" data-sizes=\"auto\" data-parent-fit=\"cover\" sizes=\"560.4878048780488px\"><\/source><\/picture>\n<\/div>\n      <noscript>\n        <div class=\"collection-grid-item__overlay\" style=\"background-image: url('\/\/cdn.shopify.com\/s\/files\/1\/0019\/0880\/1571\/collections\/Screenshot_7_bc9b2bd1-931e-4832-90a4-ea7da602cf01_1024x1024.png?v=1559891958')\"><\/div>\n      <\/noscript>\n    \n\n    <div class=\"collection-grid-item__title-wrapper\">\n      <div class=\"collection-grid-item__title h4\">\n        \n          Painters\n        \n      <\/div>\n    <\/div>\n  <\/a>\n<\/div>\n\n        <\/li>\n      \n        <li class=\"grid__item small--one-half medium-up--one-third\">\n\n<div class=\"collection-grid-item\">\n  <a href=\"\/pages\/powder-coating-equipment\" class=\"collection-grid-item__link\">\n    \n      <div class=\"collection-grid-item__overlay box ratio-container js lazyloaded\" data-bgset=\"\/\/cdn.shopify.com\/s\/files\/1\/0019\/0880\/1571\/collections\/Screenshot_9_180x.png?v=1559893937 180w 123h,\n    \/\/cdn.shopify.com\/s\/files\/1\/0019\/0880\/1571\/collections\/Screenshot_9_360x.png?v=1559893937 360w 246h,\n    \n    \n    \n    \n    \n    \n    \n    \n    \n    \n    \n    \n    \n    \n    \n    \n    \/\/cdn.shopify.com\/s\/files\/1\/0019\/0880\/1571\/collections\/Screenshot_9.png?v=1559893937 381w 260h\" data-parent-fit=\"cover\" style='background-image: url(\"https:\/\/cdn.shopify.com\/s\/files\/1\/0019\/0880\/1571\/collections\/Screenshot_9.png?v=1559893937\");'>\n      <picture style=\"display: none;\"><source data-srcset=\"\/\/cdn.shopify.com\/s\/files\/1\/0019\/0880\/1571\/collections\/Screenshot_9_180x.png?v=1559893937 180w 123h, \/\/cdn.shopify.com\/s\/files\/1\/0019\/0880\/1571\/collections\/Screenshot_9_360x.png?v=1559893937 360w 246h, \/\/cdn.shopify.com\/s\/files\/1\/0019\/0880\/1571\/collections\/Screenshot_9.png?v=1559893937 381w 260h\" sizes=\"560.4878048780488px\" srcset=\"\/\/cdn.shopify.com\/s\/files\/1\/0019\/0880\/1571\/collections\/Screenshot_9_180x.png?v=1559893937 180w 123h, \/\/cdn.shopify.com\/s\/files\/1\/0019\/0880\/1571\/collections\/Screenshot_9_360x.png?v=1559893937 360w 246h, \/\/cdn.shopify.com\/s\/files\/1\/0019\/0880\/1571\/collections\/Screenshot_9.png?v=1559893937 381w 260h\"><img alt=\"\" class=\"lazyautosizes lazyloaded\" data-sizes=\"auto\" data-parent-fit=\"cover\" sizes=\"560.4878048780488px\"><\/source><\/picture>\n<\/div>\n      <noscript>\n        <div class=\"collection-grid-item__overlay\" style=\"background-image: url('\/\/cdn.shopify.com\/s\/files\/1\/0019\/0880\/1571\/collections\/Screenshot_9_1024x1024.png?v=1559893937')\"><\/div>\n      <\/noscript>\n    \n\n    <div class=\"collection-grid-item__title-wrapper\">\n      <div class=\"collection-grid-item__title h4\">\n        \n          Powder Coaters\n        \n      <\/div>\n    <\/div>\n  <\/a>\n<\/div>\n\n        <\/li>\n      \n        <li class=\"grid__item small--one-half medium-up--one-third\">\n\n<div class=\"collection-grid-item\">\n  <a href=\"\/pages\/surface-prep-equipment\" class=\"collection-grid-item__link\">\n    \n      <div class=\"collection-grid-item__overlay box ratio-container js lazyloaded\" data-bgset=\"\/\/cdn.shopify.com\/s\/files\/1\/0019\/0880\/1571\/collections\/Screenshot_7_180x.png?v=1559893989 180w 129h,\n    \/\/cdn.shopify.com\/s\/files\/1\/0019\/0880\/1571\/collections\/Screenshot_7_360x.png?v=1559893989 360w 258h,\n    \n    \n    \n    \n    \n    \n    \n    \n    \n    \n    \n    \n    \n    \n    \n    \n    \/\/cdn.shopify.com\/s\/files\/1\/0019\/0880\/1571\/collections\/Screenshot_7.png?v=1559893989 361w 259h\" data-parent-fit=\"cover\" style='background-image: url(\"https:\/\/cdn.shopify.com\/s\/files\/1\/0019\/0880\/1571\/collections\/Screenshot_7.png?v=1559893989\");'>\n      <picture style=\"display: none;\"><source data-srcset=\"\/\/cdn.shopify.com\/s\/files\/1\/0019\/0880\/1571\/collections\/Screenshot_7_180x.png?v=1559893989 180w 129h, \/\/cdn.shopify.com\/s\/files\/1\/0019\/0880\/1571\/collections\/Screenshot_7_360x.png?v=1559893989 360w 258h, \/\/cdn.shopify.com\/s\/files\/1\/0019\/0880\/1571\/collections\/Screenshot_7.png?v=1559893989 361w 259h\" sizes=\"534.4186046511628px\" srcset=\"\/\/cdn.shopify.com\/s\/files\/1\/0019\/0880\/1571\/collections\/Screenshot_7_180x.png?v=1559893989 180w 129h, \/\/cdn.shopify.com\/s\/files\/1\/0019\/0880\/1571\/collections\/Screenshot_7_360x.png?v=1559893989 360w 258h, \/\/cdn.shopify.com\/s\/files\/1\/0019\/0880\/1571\/collections\/Screenshot_7.png?v=1559893989 361w 259h\"><img alt=\"\" class=\"lazyautosizes lazyloaded\" data-sizes=\"auto\" data-parent-fit=\"cover\" sizes=\"534.4186046511628px\"><\/source><\/picture>\n<\/div>\n      <noscript>\n        <div class=\"collection-grid-item__overlay\" style=\"background-image: url('\/\/cdn.shopify.com\/s\/files\/1\/0019\/0880\/1571\/collections\/Screenshot_7_1024x1024.png?v=1559893989')\"><\/div>\n      <\/noscript>\n    \n\n    <div class=\"collection-grid-item__title-wrapper\">\n      <div class=\"collection-grid-item__title h4\">\n        \n          Sandblasting\n        \n      <\/div>\n    <\/div>\n  <\/a>\n<\/div>\n\n        <\/li>\n      \n        <li class=\"grid__item small--one-half medium-up--one-third\">\n\n<div class=\"collection-grid-item\">\n  <a href=\"\/pages\/manufacturing\" class=\"collection-grid-item__link\">\n    \n      <div class=\"collection-grid-item__overlay box ratio-container js lazyloaded\" data-bgset=\"\/\/cdn.shopify.com\/s\/files\/1\/0019\/0880\/1571\/collections\/machine-1_180x.jpg?v=1560191880 180w 122h,\n    \/\/cdn.shopify.com\/s\/files\/1\/0019\/0880\/1571\/collections\/machine-1_360x.jpg?v=1560191880 360w 245h,\n    \n    \n    \n    \n    \n    \n    \n    \n    \n    \n    \n    \n    \n    \n    \n    \n    \/\/cdn.shopify.com\/s\/files\/1\/0019\/0880\/1571\/collections\/machine-1.jpg?v=1560191880 381w 259h\" data-parent-fit=\"cover\" style='background-image: url(\"https:\/\/cdn.shopify.com\/s\/files\/1\/0019\/0880\/1571\/collections\/machine-1.jpg?v=1560191880\");'>\n      <picture style=\"display: none;\"><source data-srcset=\"\/\/cdn.shopify.com\/s\/files\/1\/0019\/0880\/1571\/collections\/machine-1_180x.jpg?v=1560191880 180w 122h, \/\/cdn.shopify.com\/s\/files\/1\/0019\/0880\/1571\/collections\/machine-1_360x.jpg?v=1560191880 360w 245h, \/\/cdn.shopify.com\/s\/files\/1\/0019\/0880\/1571\/collections\/machine-1.jpg?v=1560191880 381w 259h\" sizes=\"565.0819672131148px\" srcset=\"\/\/cdn.shopify.com\/s\/files\/1\/0019\/0880\/1571\/collections\/machine-1_180x.jpg?v=1560191880 180w 122h, \/\/cdn.shopify.com\/s\/files\/1\/0019\/0880\/1571\/collections\/machine-1_360x.jpg?v=1560191880 360w 245h, \/\/cdn.shopify.com\/s\/files\/1\/0019\/0880\/1571\/collections\/machine-1.jpg?v=1560191880 381w 259h\"><img alt=\"\" class=\"lazyautosizes lazyloaded\" data-sizes=\"auto\" data-parent-fit=\"cover\" sizes=\"565.0819672131148px\"><\/source><\/picture>\n<\/div>\n      <noscript>\n        <div class=\"collection-grid-item__overlay\" style=\"background-image: url('\/\/cdn.shopify.com\/s\/files\/1\/0019\/0880\/1571\/collections\/machine-1_1024x1024.jpg?v=1560191880')\"><\/div>\n      <\/noscript>\n    \n\n    <div class=\"collection-grid-item__title-wrapper\">\n      <div class=\"collection-grid-item__title h4\">\n        \n          manufacturing\n        \n      <\/div>\n    <\/div>\n  <\/a>\n<\/div>\n\n        <\/li>\n      \n        <li class=\"grid__item small--one-half medium-up--one-third\">\n\n<div class=\"collection-grid-item\">\n  <a href=\"\/pages\/construction\" class=\"collection-grid-item__link\">\n    \n      <div class=\"collection-grid-item__overlay box ratio-container js lazyloaded\" data-bgset=\"\/\/cdn.shopify.com\/s\/files\/1\/0019\/0880\/1571\/collections\/bar-ben1_180x.jpg?v=1560191854 180w 122h,\n    \/\/cdn.shopify.com\/s\/files\/1\/0019\/0880\/1571\/collections\/bar-ben1_360x.jpg?v=1560191854 360w 245h,\n    \n    \n    \n    \n    \n    \n    \n    \n    \n    \n    \n    \n    \n    \n    \n    \n    \/\/cdn.shopify.com\/s\/files\/1\/0019\/0880\/1571\/collections\/bar-ben1.jpg?v=1560191854 381w 259h\" data-parent-fit=\"cover\" style='background-image: url(\"https:\/\/cdn.shopify.com\/s\/files\/1\/0019\/0880\/1571\/collections\/bar-ben1.jpg?v=1560191854\");'>\n      <picture style=\"display: none;\"><source data-srcset=\"\/\/cdn.shopify.com\/s\/files\/1\/0019\/0880\/1571\/collections\/bar-ben1_180x.jpg?v=1560191854 180w 122h, \/\/cdn.shopify.com\/s\/files\/1\/0019\/0880\/1571\/collections\/bar-ben1_360x.jpg?v=1560191854 360w 245h, \/\/cdn.shopify.com\/s\/files\/1\/0019\/0880\/1571\/collections\/bar-ben1.jpg?v=1560191854 381w 259h\" sizes=\"565.0819672131148px\" srcset=\"\/\/cdn.shopify.com\/s\/files\/1\/0019\/0880\/1571\/collections\/bar-ben1_180x.jpg?v=1560191854 180w 122h, \/\/cdn.shopify.com\/s\/files\/1\/0019\/0880\/1571\/collections\/bar-ben1_360x.jpg?v=1560191854 360w 245h, \/\/cdn.shopify.com\/s\/files\/1\/0019\/0880\/1571\/collections\/bar-ben1.jpg?v=1560191854 381w 259h\"><img alt=\"\" class=\"lazyautosizes lazyloaded\" data-sizes=\"auto\" data-parent-fit=\"cover\" sizes=\"565.0819672131148px\"><\/source><\/picture>\n<\/div>\n      <noscript>\n        <div class=\"collection-grid-item__overlay\" style=\"background-image: url('\/\/cdn.shopify.com\/s\/files\/1\/0019\/0880\/1571\/collections\/bar-ben1_1024x1024.jpg?v=1560191854')\"><\/div>\n      <\/noscript>\n    \n\n    <div class=\"collection-grid-item__title-wrapper\">\n      <div class=\"collection-grid-item__title h4\">\n        \n          Constuction\n        \n      <\/div>\n    <\/div>\n  <\/a>\n<\/div>\n\n        <\/li>\n      \n        <li class=\"grid__item small--one-half medium-up--one-third\">\n\n<div class=\"collection-grid-item\">\n  <a href=\"\/pages\/metal-fabrication\" class=\"collection-grid-item__link\">\n    \n      <div class=\"collection-grid-item__overlay box ratio-container js lazyloaded\" data-bgset=\"\/\/cdn.shopify.com\/s\/files\/1\/0019\/0880\/1571\/collections\/sdfsfe_180x.jpg?v=1560191818 180w 122h,\n    \/\/cdn.shopify.com\/s\/files\/1\/0019\/0880\/1571\/collections\/sdfsfe_360x.jpg?v=1560191818 360w 245h,\n    \n    \n    \n    \n    \n    \n    \n    \n    \n    \n    \n    \n    \n    \n    \n    \n    \/\/cdn.shopify.com\/s\/files\/1\/0019\/0880\/1571\/collections\/sdfsfe.jpg?v=1560191818 381w 259h\" data-parent-fit=\"cover\" style='background-image: url(\"https:\/\/cdn.shopify.com\/s\/files\/1\/0019\/0880\/1571\/collections\/sdfsfe.jpg?v=1560191818\");'>\n      <picture style=\"display: none;\"><source data-srcset=\"\/\/cdn.shopify.com\/s\/files\/1\/0019\/0880\/1571\/collections\/sdfsfe_180x.jpg?v=1560191818 180w 122h, \/\/cdn.shopify.com\/s\/files\/1\/0019\/0880\/1571\/collections\/sdfsfe_360x.jpg?v=1560191818 360w 245h, \/\/cdn.shopify.com\/s\/files\/1\/0019\/0880\/1571\/collections\/sdfsfe.jpg?v=1560191818 381w 259h\" sizes=\"565.0819672131148px\" srcset=\"\/\/cdn.shopify.com\/s\/files\/1\/0019\/0880\/1571\/collections\/sdfsfe_180x.jpg?v=1560191818 180w 122h, \/\/cdn.shopify.com\/s\/files\/1\/0019\/0880\/1571\/collections\/sdfsfe_360x.jpg?v=1560191818 360w 245h, \/\/cdn.shopify.com\/s\/files\/1\/0019\/0880\/1571\/collections\/sdfsfe.jpg?v=1560191818 381w 259h\"><img alt=\"\" class=\"lazyautosizes lazyloaded\" data-sizes=\"auto\" data-parent-fit=\"cover\" sizes=\"565.0819672131148px\"><\/source><\/picture>\n<\/div>\n      <noscript>\n        <div class=\"collection-grid-item__overlay\" style=\"background-image: url('\/\/cdn.shopify.com\/s\/files\/1\/0019\/0880\/1571\/collections\/sdfsfe_1024x1024.jpg?v=1560191818')\"><\/div>\n      <\/noscript>\n    \n\n    <div class=\"collection-grid-item__title-wrapper\">\n      <div class=\"collection-grid-item__title h4\">\n        \n          Fabrication\n        \n      <\/div>\n    <\/div>\n  <\/a>\n<\/div>\n\n        <\/li>\n      \n    <\/ul>\n  <\/div>\n\n  \n<\/div>\n\n\n\n\n<\/div>"}},"appblock":{"type":"appblock","settings":{}}},"content_for_index":["slideshow","1560142126344","featured-collections","hero","1559630582054","1559637958429","1559648319127","1560227375322","1559649526158","1560166009682"],"blocks":{"7878088468538493966":{"type":"shopify:\/\/apps\/wisepops-smart-popups-bars\/blocks\/app-embed\/e7d7a4f7-0df4-4073-9375-5f36db513952","disabled":false,"settings":{}},"855628211100114053":{"type":"shopify:\/\/apps\/klaviyo-email-marketing-sms\/blocks\/klaviyo-onsite-embed\/2632fe16-c075-4321-a88b-50b567f42507","disabled":false,"settings":{}},"15667546554238718545":{"type":"shopify:\/\/apps\/mlv-recently-viewed-products\/blocks\/app-embed\/a2bf36b3-e4df-49f8-b268-54e54f7496fa","disabled":false,"settings":{}},"16212576608872179499":{"type":"shopify:\/\/apps\/g-request-a-quote-hide-price\/blocks\/app-embed-block\/56d84fcb-37c7-4592-bb51-641b7ec5eef0","disabled":false,"settings":{}},"21474836472147483647":{"type":"shopify:\/\/apps\/ecomposer-landing-page-builder\/blocks\/app-embed\/a0fc26e1-7741-4773-8b27-39389b4fb4a0","disabled":false,"settings":{}},"15685250022964305326":{"type":"shopify:\/\/apps\/elevar-conversion-tracking\/blocks\/dataLayerEmbed\/bc30ab68-b15c-4311-811f-8ef485877ad6","disabled":false,"settings":{}},"127709043890318779":{"type":"shopify:\/\/apps\/aiod-automatic-discount\/blocks\/install-snippets\/9537caf0-36d5-4981-a648-8961a8e85652","disabled":false,"settings":{"aiod_v2_call":"","aiod_dev_api_call":""}},"37c803c9-0e62-4ed2-b921-81166bbc0f8c":{"type":"shopify:\/\/apps\/sales-box-free-shipping-bar\/blocks\/salesbox\/80efc7c6-aa83-49a7-8881-ca573c15b11f","disabled":false,"settings":{}},"15683396631634586217":{"type":"shopify:\/\/apps\/inbox\/blocks\/chat\/841fc607-4181-4ad1-842d-e24d7f8bad6b","disabled":true,"settings":{"button_color":"#202a36","button_icon":"chat_bubble","button_text":"no_text","button_horizontal_position":"bottom_right","button_vertical_position":"lowest","greeting_message":"👋 Hi, message us with any questions. We're happy to help!"}},"17428600031447253342":{"type":"shopify:\/\/apps\/attentive\/blocks\/attn-tag\/8df62c72-8fe4-407e-a5b3-72132be30a0d","disabled":false,"settings":{}},"4918592460924562117":{"type":"shopify:\/\/apps\/optimonk-popup-cro-a-b-test\/blocks\/app-embed\/0b488be1-fc0a-4fe6-8793-f2bef383dba8","disabled":false,"settings":{}},"5322934966474154968":{"type":"shopify:\/\/apps\/offerbox-cartoffer-live\/blocks\/app-embed-block\/1324d003-23f9-4ac1-8cf4-dd4ffa670b78","disabled":false,"settings":{}},"17676059084223943535":{"type":"shopify:\/\/apps\/triplewhale\/blocks\/triple_pixel_snippet\/483d496b-3f1a-4609-aea7-8eee3b6b7a2a","disabled":false,"settings":{}}}},"presets":{"Default":{"color_text":"#3d4246","color_body_text":"#69727b","color_sale_text":"#557B97","color_borders":"#e8e9eb","color_button":"#557B97","color_button_text":"#fff","color_small_button_text_border":"#3d4246","color_text_field":"#fff","color_text_field_text":"#000","color_text_field_border":"#949494","color_image_overlay_text":"#fff","color_image_overlay":"#3d4246","image_overlay_opacity":40,"color_body_bg":"#fff","type_header_font":"work_sans_n6","type_header_base_size":26,"type_base_font":"work_sans_n4","type_base_size":16,"type_bold_product_titles":false,"share_facebook":true,"share_twitter":true,"share_pinterest":true,"sections":{"header":{"type":"header","settings":{}},"hero":{"type":"hero","settings":{"text_size":"large"}},"slideshow":{"type":"slideshow","blocks":{"slideshow-0":{"type":"image","settings":{}},"slideshow-1":{"type":"image","settings":{}}},"block_order":["slideshow-0","slideshow-1"],"settings":{}},"featured-collections":{"type":"collection","settings":{"collection":"frontpage"}},"feature-row":{"type":"feature-row","settings":{}},"footer":{"type":"footer","blocks":{"link_list":{"type":"link_list","settings":{}},"text":{"type":"text","settings":{}},"newsletter":{"type":"newsletter","settings":{}}},"block_order":["link_list","text","newsletter"],"settings":{}}},"content_for_index":["hero","featured-collections","feature-row","slideshow"]},"Light":{"color_text":"#162950","color_body_text":"#6d6d6d","color_sale_text":"#DA2F0C","color_borders":"#e4e4e4","color_button":"#DA2F0C","color_button_text":"#ffffff","color_small_button_text_border":"#162950","color_text_field":"#ffffff","color_text_field_text":"#162950","color_text_field_border":"#909090","color_image_overlay_text":"#ffffff","color_image_overlay":"#3d3d3d","image_overlay_opacity":40,"color_body_bg":"#f8f8f8","type_header_font":"muli_n6","type_header_base_size":26,"type_base_font":"muli_n4","type_base_size":18,"type_bold_product_titles":true,"share_facebook":true,"share_twitter":true,"share_pinterest":true,"social_twitter_link":"","social_facebook_link":"","social_pinterest_link":"","social_instagram_link":"","social_tumblr_link":"","social_snapchat_link":"","social_youtube_link":"","social_vimeo_link":"","favicon":"","checkout_header_image":"","checkout_logo_image":"","checkout_logo_position":"left","checkout_logo_size":"small","checkout_body_background_image":"","checkout_body_background_color":"#ffffff","checkout_input_background_color_mode":"white","checkout_sidebar_background_image":"","checkout_sidebar_background_color":"#e8f3f6","checkout_heading_font":"Roboto","checkout_body_font":"Source Sans Pro","checkout_accent_color":"#1990c6","checkout_button_color":"#23314e","checkout_error_color":"#ff6d6d","sections":{"header":{"type":"header","settings":{"align_logo":"left","logo":"","logo_max_width":135,"main_linklist":"main-menu","message":true,"color_bg":"#162950","color_text":"#ffffff"}},"hero":{"type":"hero","settings":{"alignment":"center","hero_size":"x-large","text_size":"large"}},"slideshow":{"type":"slideshow","blocks":{"slideshow-0":{"type":"image","settings":{"image":"","alignment":"center center"}},"1492095993817":{"type":"image","settings":{"image":"","alignment":"center"}}},"block_order":["slideshow-0","1492095993817"],"settings":{"slideshow_height":"medium","text_size":"medium","autorotate":false,"autorotate_speed":5}},"featured-collections":{"type":"collection","settings":{"grid":3,"rows":1,"show_vendor":true,"show_view_all":true}},"product-template":{"type":"product-template","settings":{"image_size":"medium","show_quantity_selector":false,"show_variant_labels":true,"show_vendor":false,"enable_zoom":true,"show_share_buttons":true}},"collection-template":{"type":"collection-template","settings":{"layout":"grid","grid":2,"rows":2,"show_collection_image":true,"show_vendor":false,"sort_enable":true,"tags_enable":true}},"1492033809691":{"type":"map","settings":{}},"1492033877875":{"type":"quotes","blocks":{"1492033877875-0":{"type":"quote","settings":{}}},"block_order":["1492033877875-0"],"settings":{}},"1492033924902":{"type":"custom-content","blocks":{"1492033924902-0":{"type":"text","settings":{"width":"100%","alignment":"center","align_text":"center"}}},"block_order":["1492033924902-0"],"settings":{"title":""}},"1492096252560":{"type":"collection-list","blocks":{"1492096252560-0":{"type":"featured_collection","settings":{}},"1492096252560-1":{"type":"featured_collection","settings":{}},"1492096252560-2":{"type":"featured_collection","settings":{}}},"block_order":["1492096252560-0","1492096252560-1","1492096252560-2"],"settings":{"grid":3}},"blog-template":{"type":"blog-template","settings":{"layout":"grid","blog_show_author":true,"blog_show_date":false}},"article-template":{"type":"article-template","settings":{"blog_show_author":true,"blog_show_date":true,"show_share_buttons":true}},"cart-template":{"type":"cart-template","settings":{"cart_notes_enable":false}},"footer":{"type":"footer","blocks":{"link_list":{"type":"link_list","settings":{}},"text":{"type":"text","settings":{}},"newsletter":{"type":"newsletter","settings":{}}},"block_order":["link_list","text","newsletter"],"settings":{}}},"content_for_index":["hero","featured-collections","slideshow","1492033924902","1492096252560","1492033877875","1492033809691"]}}}