{"type":"footer","name":"Footer Group","sections":{"icons-with-text":{"type":"icons-with-text","blocks":{"icons-with-text-2":{"type":"item","settings":{"icon":"box","custom_icon":"shopify:\/\/shop_images\/Icon_Pagamento_Sicuro_Cupido_2_1_1_2_1_712bf0a9-c3f7-4c94-8ab1-60a5c301d4cf.jpg","heading":"Pagamento Sicuro","text":"","link":""}},"icons-with-text-4":{"type":"item","settings":{"icon":"dollar_sign","custom_icon":"shopify:\/\/shop_images\/Icon_Pagamento_Sicuro_Cupido_2_5_1_1_1e0286e5-a180-4e45-8c30-c756a99561a1.jpg","heading":"Più di 2.000 design unici","text":"","link":""}},"icons-with-text-3":{"type":"item","settings":{"icon":"return","custom_icon":"shopify:\/\/shop_images\/Icon_Reso_Cupido_2.jpg","heading":"Reso Facile E Veloce","text":"","link":""}},"icons-with-text-1":{"type":"item","settings":{"icon":"chat_bubble","custom_icon":"shopify:\/\/shop_images\/Icon_Spedizione_Gratuita_Cupido_1.jpg","heading":"Spedizione Veloce Assicurata","text":"","link":""}}},"block_order":["icons-with-text-2","icons-with-text-4","icons-with-text-3","icons-with-text-1"],"settings":{"heading":"","heading_align":"text-start","icon_size":36,"title_type_scale":"medium","text_type_scale":"medium","icon_position":"beside","mobile_stack":true,"section_height":"xsmall","color_scheme":"1","full_width":true,"dividers":"border-top","prevent_animation":true}},"footer":{"type":"footer","blocks":{"link_list_U48Fhz":{"type":"link_list","settings":{"heading":"Hai Qualche Domanda?","menu":"assistenza-clienti"}},"link-list-1":{"type":"link_list","settings":{"heading":"Fatturazione & Rivenditori","menu":"business"}},"link-list-2":{"type":"link_list","settings":{"heading":"Termini Legali","menu":"su-cupido"}},"newsletter_JJVddk":{"type":"newsletter","settings":{"heading":"10% di sconto benvenuto","text":"<p>Iscriviti per suggerimenti, aggiornamenti e ispirazioni esclusive.<\/p>","collapse_mobile":true}}},"block_order":["link_list_U48Fhz","link-list-1","link-list-2","newsletter_JJVddk"],"settings":{"show_back_to_top":true,"show_payment_icons":true,"show_powered_by":true,"enable_country_selector":true,"enable_language_selector":true,"secondary_menu":"contattaci","bg_color":"#f5f5f5","text_color":"#070707"}}},"order":["icons-with-text","footer"]}