{"type":"header","name":"Header Group","sections":{"announcement":{"type":"announcement","blocks":{"announcement_ABAnwK":{"type":"announcement","settings":{"text":"<p><a href=\"https:\/\/cupidodesign.com\/pages\/proiezioni\" title=\"https:\/\/cupidodesign.com\/pages\/proiezioni\">Non sai quale quadro scegliere? Nessun problema, ti aiutiamo noi! (CLICCA QUI)<\/a><\/p>"}},"announcement-1":{"type":"announcement","settings":{"text":"<p>Qualità Premium - Stampe Realizzate a mano con amore in Italia<\/p>"}}},"block_order":["announcement_ABAnwK","announcement-1"],"settings":{"link1":"","link1_label":"","link2":"","link2_label":"","enable_country_selector":true,"enable_language_selector":true,"bg_color":"#f5f5f5","text_color":"#000000","text_type_scale":"small","read_time":15}},"header":{"type":"header","settings":{"enable_sticky":true,"mobile_menu_position":"burger-left","logo_text":"","logo_type_scale":"2","logo":"{{ shop.brand.logo }}","logo_width":150,"logo_h1":true,"logo_center":false,"enable_search":true,"minimise_search_mobile":false,"minimise_search_desktop":false,"menu":"nuova-navigazione","menu_center":true,"repeat_links":true,"menu_featured_link":"Sale","quicklinks_menu":"","cta_show":false,"cta_icon":"phone","cta_label":"Call us","cta_link":"","cta_border_color":"#333333","cta_bg_color":"#333333","cta_text_color":"#ffffff","bg_color":"#ffffff","text_color":"#070707","accent_color":"#777777"}},"promo-strip":{"type":"promo-strip","blocks":{"text-1":{"type":"text","settings":{"text":"<p><strong>15% di sconto<\/strong> con il codice: <strong>{SUMMER15}<\/strong><\/p>","enlarge_text":false,"show_on_mobile":true,"show_on_desktop":true}},"discount-2":{"type":"discount","settings":{"discount_code":"SUMMER15"}}},"block_order":["text-1","discount-2"],"settings":{"section_height":"xsmall","color_scheme":"1","full_width":true,"dividers":"border-top","prevent_animation":false}}},"order":["announcement","header","promo-strip"]}