{"sections":{"collection-banner":{"type":"main-collection-banner","settings":{}},"breadcrumbs":{"type":"dbtfy-breadcrumbs","settings":{}},"main":{"type":"main-collection","settings":{"section_style":"blank","container_size":"container","enable_tags_filtering":false,"show_tags_count":false,"enable_multiple_tags_filtering":false,"enable_sorting":false,"tag_type":"button","layout":"grid","number_of_rows":2,"products_per_row_desktop":"4","products_per_row_mobile":"2"}}},"order":["collection-banner","breadcrumbs","main"]}