{"sections":{"main":{"type":"main-product","blocks":{"properties":{"type":"properties","settings":{"show_vendor":false,"show_type":true,"show_sku":false,"show_icons":true,"show_labels":true}},"title":{"type":"title","settings":{"enlarge_title":false,"position":"below"}},"star_rating":{"type":"star_rating","settings":{}},"price":{"type":"price","settings":{"position":"below"}},"wish_list":{"type":"wish_list","settings":{}},"quick_compare":{"type":"quick_compare","settings":{}},"bullet_points":{"type":"bullet_points","settings":{}},"size_chart":{"type":"size_chart","settings":{}},"color_swatches":{"type":"color_swatches","settings":{}},"product_swatches":{"type":"product_swatches","settings":{}},"variant_picker":{"type":"variant_picker","settings":{"type":"select"}},"quantity_selector":{"type":"quantity_selector","settings":{}},"customizable_products":{"type":"customizable_products","settings":{}},"description":{"type":"description","settings":{"show_as_separate_section":false,"enable_split_description":false,"block_style":"blank","container_size":"container","text_alignment":"sm:text-start","text_alignment_mobile":"text-start"}},"buy_buttons":{"type":"buy_buttons","settings":{}},"back_in_stock":{"type":"back_in_stock","settings":{}},"trust_badge":{"type":"trust_badge","settings":{}},"upsell_bundles":{"type":"upsell_bundles","settings":{}},"delivery_time":{"type":"delivery_time","settings":{}},"product_tabs":{"type":"product_tabs","settings":{}},"tags":{"type":"tags","settings":{"show_icon":true,"show_label":true}},"collections":{"type":"collections","settings":{"show_icon":true,"show_label":true}},"sharing_icons":{"type":"sharing_icons","settings":{"show_icon":true,"show_label":true}},"social_discount":{"type":"social_discount","settings":{}}},"block_order":["properties","title","star_rating","price","wish_list","quick_compare","bullet_points","size_chart","color_swatches","product_swatches","variant_picker","quantity_selector","customizable_products","description","buy_buttons","back_in_stock","trust_badge","upsell_bundles","delivery_time","product_tabs","tags","collections","sharing_icons","social_discount"],"disabled":true,"settings":{"section_style":"blank","container_size":"container","show_divider_on_mobile":true,"enable_fading_effect":true,"enable_video_looping":false,"gallery_layout":"thumbnails","image_size":"md","images_loading_type":"eager"}},"review-widget":{"type":"main-product-review-widget","disabled":true,"settings":{"section_style":"blank","container_size":"container"}},"back-to-collection":{"type":"main-product-back-to-collection","disabled":true,"settings":{}},"pf-1b80425e":{"type":"pf-1b80425e","settings":{}}},"order":["main","review-widget","back-to-collection","pf-1b80425e"]}