{"sections":{"main":{"type":"main-product","blocks":{"properties":{"type":"properties","settings":{}},"title":{"type":"title","settings":{}},"star_rating":{"type":"star_rating","settings":{}},"price":{"type":"price","settings":{}},"wish_list":{"type":"wish_list","settings":{}},"quick_compare":{"type":"quick_compare","settings":{}},"bullet_points":{"type":"bullet_points","settings":{}},"size_chart":{"type":"size_chart","settings":{}},"color_swatches":{"type":"color_swatches","settings":{}},"product_swatches":{"type":"product_swatches","settings":{}},"variant_picker":{"type":"variant_picker","settings":{}},"quantity_selector":{"type":"quantity_selector","settings":{}},"description":{"type":"description","settings":{}},"customizable_products":{"type":"customizable_products","settings":{}},"buy_buttons":{"type":"buy_buttons","settings":{}},"back_in_stock":{"type":"back_in_stock","settings":{}},"trust_badge":{"type":"trust_badge","settings":{}},"upsell_bundles":{"type":"upsell_bundles","settings":{}},"delivery_time":{"type":"delivery_time","settings":{}},"product_tabs":{"type":"product_tabs","settings":{}},"tags":{"type":"tags","settings":{}},"collections":{"type":"collections","settings":{}},"sharing_icons":{"type":"sharing_icons","settings":{}},"social_discount":{"type":"social_discount","settings":{}}},"block_order":["properties","title","star_rating","price","wish_list","quick_compare","bullet_points","size_chart","color_swatches","product_swatches","variant_picker","quantity_selector","customizable_products","description","buy_buttons","back_in_stock","trust_badge","upsell_bundles","delivery_time","product_tabs","tags","collections","sharing_icons","social_discount"],"settings":{}},"upsell-bundles":{"type":"dbtfy-upsell-bundles","settings":{}},"main-product-recommendations":{"type":"main-product-recommendations","settings":{}},"review-widget":{"type":"main-product-review-widget","settings":{}},"back-to-collection":{"type":"main-product-back-to-collection","settings":{}},"recently-viewed":{"type":"dbtfy-recently-viewed","settings":{}},"pf-703e0fb5":{"type":"pf-703e0fb5","settings":{}}},"order":["main","upsell-bundles","main-product-recommendations","review-widget","back-to-collection","recently-viewed","pf-703e0fb5"]}