{"sections":{"upsell-bundles":{"type":"dbtfy-upsell-bundles","disabled":true,"settings":{"show_on_desktop":true,"show_on_mobile":true,"section_style":"blank","container_size":"container","heading":"Frequently bought together","subheading":"","total_price_label":"Total price:","button_label":"Add selected items","button_icon":"library_add_check","current_product_label":"Current product:","show_star_rating":false,"show_automatic_bundles":true,"product_count_in_bundle":"2","position":"separate_section","discount_name":"","discount_amount":"","discount_type":"%"}},"main-product-recommendations":{"type":"main-product-recommendations","disabled":true,"settings":{"show_on_desktop":true,"show_on_mobile":true,"section_style":"blank","container_size":"container","heading":"Recommended for you","subheading":"","products_limit":6,"products_per_row_desktop":"4","products_per_row_mobile":"2","enable_slider":true,"show_arrows":true,"show_dots":true,"enable_autoplay":false,"autoplay_speed":5,"slider_products_in_row":4}},"review-widget":{"type":"main-product-review-widget","disabled":true,"settings":{"section_style":"blank","container_size":"container"}},"back-to-collection":{"type":"main-product-back-to-collection","disabled":true,"settings":{}},"pf-0d525c42":{"type":"pf-0d525c42","settings":{}}},"order":["upsell-bundles","main-product-recommendations","review-widget","back-to-collection","pf-0d525c42"]}