{"sections":{"main":{"type":"main-product","blocks":{"properties":{"type":"properties","settings":{"show_vendor":false,"show_type":true,"show_sku":false,"show_icons":true,"show_labels":true}},"title":{"type":"title","settings":{"enlarge_title":false,"position":"below"}},"star_rating":{"type":"star_rating","settings":{}},"price":{"type":"price","settings":{"position":"below"}},"wish_list":{"type":"wish_list","settings":{}},"quick_compare":{"type":"quick_compare","settings":{}},"bullet_points":{"type":"bullet_points","settings":{}},"size_chart":{"type":"size_chart","settings":{}},"color_swatches":{"type":"color_swatches","settings":{}},"product_swatches":{"type":"product_swatches","settings":{}},"variant_picker":{"type":"variant_picker","settings":{"type":"select"}},"quantity_selector":{"type":"quantity_selector","settings":{}},"customizable_products":{"type":"customizable_products","settings":{}},"description":{"type":"description","settings":{"show_as_separate_section":false,"enable_split_description":false,"block_style":"blank","container_size":"container","text_alignment":"sm:text-start","text_alignment_mobile":"text-start"}},"buy_buttons":{"type":"buy_buttons","settings":{}},"back_in_stock":{"type":"back_in_stock","settings":{}},"trust_badge":{"type":"trust_badge","settings":{}},"upsell_bundles":{"type":"upsell_bundles","settings":{}},"delivery_time":{"type":"delivery_time","settings":{}},"product_tabs":{"type":"product_tabs","settings":{}},"tags":{"type":"tags","settings":{"show_icon":true,"show_label":true}},"collections":{"type":"collections","settings":{"show_icon":true,"show_label":true}},"sharing_icons":{"type":"sharing_icons","settings":{"show_icon":true,"show_label":true}},"social_discount":{"type":"social_discount","settings":{}}},"block_order":["properties","title","star_rating","price","wish_list","quick_compare","bullet_points","size_chart","color_swatches","product_swatches","variant_picker","quantity_selector","customizable_products","description","buy_buttons","back_in_stock","trust_badge","upsell_bundles","delivery_time","product_tabs","tags","collections","sharing_icons","social_discount"],"disabled":true,"settings":{"section_style":"blank","container_size":"container","show_divider_on_mobile":true,"enable_fading_effect":true,"enable_video_looping":false,"gallery_layout":"thumbnails","image_size":"md","images_loading_type":"eager"}},"upsell-bundles":{"type":"dbtfy-upsell-bundles","disabled":true,"settings":{"show_on_desktop":true,"show_on_mobile":true,"section_style":"blank","container_size":"container","heading":"Frequently bought together","subheading":"","total_price_label":"Total price:","button_label":"Add selected items","button_icon":"library_add_check","current_product_label":"Current product:","show_star_rating":false,"show_automatic_bundles":true,"product_count_in_bundle":"2","position":"separate_section","discount_name":"","discount_amount":"","discount_type":"%"}},"main-product-recommendations":{"type":"main-product-recommendations","disabled":true,"settings":{"show_on_desktop":true,"show_on_mobile":true,"section_style":"blank","container_size":"container","heading":"Recommended for you","subheading":"","products_limit":6,"products_per_row_desktop":"4","products_per_row_mobile":"2","enable_slider":true,"show_arrows":true,"show_dots":true,"enable_autoplay":false,"autoplay_speed":5,"slider_products_in_row":4}},"review-widget":{"type":"main-product-review-widget","disabled":true,"settings":{"section_style":"blank","container_size":"container"}},"back-to-collection":{"type":"main-product-back-to-collection","disabled":true,"settings":{}},"pf-f20e9319":{"type":"pf-f20e9319","settings":{}}},"order":["main","upsell-bundles","main-product-recommendations","review-widget","back-to-collection","pf-f20e9319"]}