{"sections":{"back-to-collection":{"type":"main-product-back-to-collection","settings":{}},"recently-viewed":{"type":"dbtfy-recently-viewed","settings":{"show_on_desktop":true,"show_on_mobile":true,"section_style":"blank","container_size":"container","heading":"Recently viewed","subheading":"","products_per_row_desktop":"4","products_per_row_mobile":"2","enable_slider":true,"show_arrows":true,"show_dots":true,"enable_autoplay":false,"autoplay_speed":5,"slider_products_in_row":3}},"pf-d21199b7":{"type":"pf-d21199b7","settings":{}}},"order":["back-to-collection","recently-viewed","pf-d21199b7"]}