{"type":"footer","name":"Footer group","sections":{"text-with-icons":{"type":"text-with-icons","blocks":{"customer-support":{"type":"item","settings":{"icon":"picto-customer-support","custom_icon":"shopify:\/\/shop_images\/icon-quality.png","mobile_icon_width":48,"icon_width":60,"icon_background_type":"none","icon_background":"","icon_color":"","title":"High Quality At Low Cost","content":"<p>Tell your customers how they can reach you.<\/p>"}},"discount":{"type":"item","settings":{"icon":"picto-coupon","custom_icon":"shopify:\/\/shop_images\/icon-settings.png","mobile_icon_width":48,"icon_width":60,"icon_background_type":"none","icon_background":"","icon_color":"","title":"Easy To Install","content":"<p>Tell your customers about your promotional offers.<\/p>"}},"payment":{"type":"item","settings":{"icon":"picto-lock","custom_icon":"shopify:\/\/shop_images\/icon-world.png","mobile_icon_width":48,"icon_width":60,"icon_background_type":"none","icon_background":"","icon_color":"","title":"Free Worldwide Shipping","content":"<p>Tel your customers about your payment methods.<\/p>"}},"free-shipping":{"type":"item","settings":{"icon":"picto-box","custom_icon":"shopify:\/\/shop_images\/icon-world_copy1.png","mobile_icon_width":48,"icon_width":60,"icon_background_type":"none","icon_background":"","icon_color":"","title":"Thousands Of Happy Customers","content":"<p>Tell your customers about your shipping offer.<\/p>"}}},"block_order":["customer-support","discount","payment","free-shipping"],"disabled":true,"settings":{"full_width":true,"stack_on_mobile":false,"title":"","heading_tag":"h6","text_alignment":"center","icon_spacing":"small","background":"","background_gradient":"","text_color":""}},"footer":{"type":"footer","blocks":{"newsletter":{"type":"newsletter","settings":{"image_width":150,"heading_size":"h3","title":"Join our newsletter for exclusive deals","content":"<p>Join our mailing list and be the first to hear about new collections, fresh collaborations and all of our events.<\/p>"}},"links":{"type":"links","settings":{"menu":"legals","show_menu_title":true,"menu_title":""}},"links_r4BB3P":{"type":"links","settings":{"menu":"footer-menu","show_menu_title":true,"menu_title":"Customer Service"}},"text_Ej77q3":{"type":"text","settings":{"title":"About Neon Ferry","content":"<p>Always wanted to have a neon sign on the wall? At Neon Ferry, our specialists make beautiful neon signs of the highest quality with a fair price......<a href=\"https:\/\/neonferry.com\/pages\/our-story\" title=\"https:\/\/neonferry.com\/pages\/our-story\">Read More<\/a><\/p>","enable_follow_on_shop":false}}},"block_order":["newsletter","links","links_r4BB3P","text_Ej77q3"],"settings":{"show_social_media":true,"show_payment_icons":true,"show_country_selector":true,"show_country_flag":true,"show_country_name":true,"show_locale_selector":true}}},"order":["text-with-icons","footer"]}