{"type":"header","name":"Header group","sections":{"announcement-bar":{"type":"announcement-bar","blocks":{"message":{"type":"message","settings":{"text":"Free Shipping & Returns*","url":""}},"revies_GP4Fpe":{"type":"revies","settings":{"score":"Get 20% off use code : NF20%OFF","url":"https:\/\/neonferry.com\/pages\/reviews"}},"customer_mazUgd":{"type":"customer","settings":{"quantity":"8000+ Happy Customers","url":""}}},"block_order":["message","revies_GP4Fpe","customer_mazUgd"],"settings":{"enable_sticky":true,"text_size":"text-base","navigation_mode":"scrolling","scrolling_speed":10,"background":"#3200b2","background_gradient":"","text_color":"#ffffff"}},"header":{"type":"header","blocks":{"mega_menu_4yVMKx":{"type":"mega_menu","settings":{"menu_item":"collections","layout":"horizontal","submenu_style":"bold_heading","image_1":"shopify:\/\/shop_images\/image_8b29a983-3d8f-42e5-8697-2952e990bb8b.png","image_heading_1":"","image_link_1":"","image_text_color_1":"#ffffff","image_2":"shopify:\/\/shop_images\/il_fullxfull.3586814707_en9z_1.png","image_heading_2":"","image_link_2":"","image_text_color_2":"#ffffff","image_heading_3":"","image_link_3":"","image_text_color_3":"#ffffff","product":"","product_card_background":"","product_card_text_color":"","promo_content_layout":"grid","stretch_promo":false,"drawer_link_image":"hide"}}},"block_order":["mega_menu_4yVMKx"],"settings":{"enable_sticky":true,"hide_on_scroll":false,"logo":"shopify:\/\/shop_images\/site-logo--yellow_8b40d36b-8407-4df8-96a3-2b3696e5c247.png","logo_max_width":90,"logo_mobile_max_width":70,"menu":"original-manu","sidebar_menu":"","secondary_menu":"","menu_open_trigger":"hover","opening_from":"left","layout":"logo_left_navigation_inline","show_social_media":true,"show_locale_selector":true,"show_country_selector":true,"show_country_flag":true,"show_country_name":false,"transparent_header_text_color":"#ffffff","reduce_padding":true,"background_opacity":36,"background_blur_radius":10}}},"order":["announcement-bar","header"]}