{"type":"custom.overlay","name":"Overlay group","sections":{"newsletter-popup":{"type":"newsletter-popup","disabled":true,"settings":{"apparition_delay":10,"show_only_on_index":true,"show_only_for_visitors":true,"show_only_once":true,"image":"shopify:\/\/shop_images\/popup.jpg","title":"Ready to light up your world with 20% OFF? Enter Your Email Below To Claim Your Discount","button_text":"Subscribe","subtext":""}},"privacy-banner":{"type":"privacy-banner","settings":{"privacy_bar_title":"Cookie policy","privacy_bar_content":"<p>We use cookies and similar technologies to provide the best experience on our website. Refer to our Privacy Policy for more information.<\/p>"}},"cart-drawer":{"type":"cart-drawer","settings":{"show_cart_note":true,"show_shipping_text":true,"show_view_cart_button":false,"show_checkout_button":true,"recommendations_title":"Trending this month","products":["rainbow-neon-sign","add-more-lipstick-attack-neon-sign","aeroplane-neon-sign","africa-neon-sign","af1-sneaker-neon-sign","alien-face-neon-sign","all-star-sneaker-neon-sign","all-the-feels-neon-sign","angry-shark-neon-sign","angel-wings-neon-sign"],"product_card_background":"#f2f2f2","product_card_text_color":""}},"search-drawer":{"type":"search-drawer","settings":{"full_width":false,"show_article_category":true,"search_menu":"","search_menu_show_title":true}}},"order":["newsletter-popup","privacy-banner","cart-drawer","search-drawer"]}