{"name":"t:sections.footer.name","type":"footer","sections":{"footer":{"type":"footer","blocks":{"brand_information_9awGT8":{"type":"brand_information","settings":{"show_social":true}},"link_list_QFKDiB":{"type":"link_list","settings":{"heading":"<em>Customer Care<\/em>","menu":"footer"}}},"block_order":["brand_information_9awGT8","link_list_QFKDiB"],"settings":{"color_scheme":"scheme-3","newsletter_enable":true,"newsletter_heading":"<em>Subscribe For Free Giveaways & Useful Solar News<\/em>","enable_follow_on_shop":false,"show_social":false,"enable_country_selector":true,"enable_language_selector":true,"payment_enable":true,"show_policy":true,"margin_top":0,"padding_top":44,"padding_bottom":48}}},"order":["footer"]}