{"name":"t:sections.header.name","type":"header","sections":{"announcement-bar":{"type":"announcement-bar","blocks":{"announcement_ECbVc3":{"type":"announcement","settings":{"text":"Free Worldwide Shipping On Orders Of $120 +","link":"shopify:\/\/collections\/all"}}},"block_order":["announcement_ECbVc3"],"settings":{"color_scheme":"scheme-58d66c8a-27bb-4268-bd28-521d561b2ac8","show_line_separator":true,"show_social":false,"auto_rotate":false,"change_slides_speed":5,"enable_country_selector":false,"enable_language_selector":false}},"header":{"type":"header","settings":{"logo_position":"middle-left","menu":"main-menu","menu_type_desktop":"mega","sticky_header_type":"always","show_line_separator":true,"color_scheme":"scheme-f9e21003-64ac-4857-9f32-a726c4136266","menu_color_scheme":"scheme-58d66c8a-27bb-4268-bd28-521d561b2ac8","enable_country_selector":true,"enable_language_selector":true,"mobile_logo_position":"left","margin_bottom":24,"padding_top":20,"padding_bottom":20}}},"order":["announcement-bar","header"]}