{"presets":{"Digital":{"heading_color":"#2a2b2a","text_color":"#2a2b2a","link_color":"#2a2b2a","star_color":"#ff9f1c","button_bg_color":"#2a2b2a","button_text_color":"#ffffff","button_alt_bg_color":"#ffffff","button_alt_text_color":"#2a2b2a","color_scheme_1_bg":"#f4f4f4","color_scheme_1_bg_grad":"linear-gradient(180deg, rgba(244, 244, 244, 1), rgba(244, 244, 244, 1) 100%)","color_scheme_1_heading":"#2a2b2a","color_scheme_1_text":"#2a2b2a","color_scheme_1_btn_bg":"#ff580d","color_scheme_2_bg":"#2a2b2a","color_scheme_2_bg_grad":"linear-gradient(225deg, rgba(51, 59, 67, 0.88) 8%, rgba(41, 47, 54, 1) 56%, rgba(20, 20, 20, 1) 92%)","color_scheme_2_heading":"#ff580d","color_scheme_2_btn_bg":"#ff580d","color_scheme_3_bg":"#ff580d","color_scheme_3_bg_grad":"linear-gradient(46deg, rgba(234, 73, 0, 1) 8%, rgba(234, 73, 0, 1) 32%, rgba(255, 88, 13, 0.88) 92%)","color_scheme_3_heading":"#ffffff","color_scheme_3_text":"#ffffff","color_scheme_3_btn_bg":"#2a2b2a","panel_bg_color":"#f4f4f4","panel_heading_color":"#2a2b2a","panel_text_color":"#2a2b2a","drawer_text_color":"#2a2b2a","blend_bg_color":"#f4f4f4","heading_font":"dm_sans_n7","heading_uppercase":false,"subheading_uppercase":false,"button_text_uppercase":false,"heading_scale_start":"4","body_font":"dm_sans_n4","navigation_font":"dm_sans_n7","max_page_width":1260,"section_gap":"48","input_button_border_width":"2","input_button_border_radius":26,"slider_show_arrows":"never","slider_button_style":"btn--primary","drawer_border_radius":16,"overlay_border_radius":0,"show_breadcrumbs_collection":true,"show_breadcrumbs_collection_list":true,"show_breadcrumbs_blog":false,"show_breadcrumbs_article":false,"coll_border_color":"#f2f2f2","prod_card_image_ratio":"1","prod_card_image_fit":"cover","card_show_vendor":true,"card_show_subtitle":false,"card_show_rating":true,"card_show_inventory":true,"card_atc_mobile":"text_button_bottom","card_atc_desktop":"text_button_bottom","card_contain":false,"card_bg_color":"#ffffff","card_text_color":"#26262b","card_border_color":"#f2f2f2","compare_empty_field_text":"N\/A","inventory_threshold_low":20,"inventory_threshold_very_low":8,"inventory_show_notice":"always","inventory_show_count":"always","sale_label_bg_color":"#aa1155","sale_label_text_color":"#ffffff","sale_label_icon":"price_tag","sale_label_type":"percent","sold_out_label_bg_color":"#2a2b2a","sold_out_label_text_color":"#ffffff","new_label_bg_color":"#7fb800","new_label_text_color":"#ffffff","preorder_label_bg_color":"#00a6ed","preorder_label_text_color":"#ffffff","custom_label_bg_color":"#0d2c54","custom_label_text_color":"#ffffff","speech_icon_color":"#ff580d","cart_icon":"basket","cart_type":"drawer","show_recommendations":true,"recommendations_heading":"You may also like...","recommendations_to_show":3,"cart_shaking":true,"show_free_shipping_notice":true,"free_shipping_color_scheme":"1","animations_enabled":"mobile_desktop","image_quality":"1.25","blur_message_delay":4,"vibrate_on_atc":true,"heading_type_scale":"1.3"},"Active":{"heading_color":"#000000","text_color":"#000000","link_color":"#000000","star_color":"#ffd737","button_bg_color":"#621979","button_text_color":"#ffffff","button_alt_text_color":"#000000","button_alt_bg_color":"#ffffff","color_scheme_1_bg":"#f5f5f5","color_scheme_1_bg_grad":"linear-gradient(46deg, rgba(245, 245, 245, 1) 13%, rgba(249, 249, 249, 1) 86%)","color_scheme_1_heading":"#000000","color_scheme_1_text":"#000000","color_scheme_1_btn_bg":"#621979","color_scheme_1_btn_text":"#ffffff","color_scheme_2_bg":"#2e2e2e","color_scheme_2_bg_grad":"linear-gradient(180deg, rgba(46, 46, 46, 1), rgba(46, 46, 46, 1) 100%)","color_scheme_2_heading":"#ffffff","color_scheme_2_text":"#ffffff","color_scheme_2_btn_bg":"#621979","color_scheme_2_btn_text":"#ffffff","color_scheme_3_bg":"#621979","color_scheme_3_bg_grad":"linear-gradient(180deg, rgba(98, 25, 121, 1), rgba(98, 25, 121, 1) 100%)","color_scheme_3_heading":"#ffffff","color_scheme_3_text":"#ffffff","color_scheme_3_btn_bg":"#ffffff","color_scheme_3_btn_text":"#621979","panel_bg_color":"#f5f5f5","panel_heading_color":"#000000","panel_text_color":"#000000","drawer_text_color":"#000000","blend_bg_color":"#f5f5f5","heading_font":"avenir_next_n8","heading_uppercase":true,"subheading_uppercase":true,"button_text_uppercase":true,"heading_scale_start":"6","body_font":"din_next_n4","navigation_font":"din_next_n7","max_page_width":1590,"section_gap":"64","input_button_border_radius":0,"input_button_border_width":"1","slider_show_arrows":"never","slider_button_style":"btn--primary","slider_items_per_nav":"page","drawer_border_radius":0,"overlay_border_radius":0,"disclosure_toggle":"arrow","show_breadcrumbs_collection":false,"show_breadcrumbs_collection_list":false,"show_breadcrumbs_blog":false,"show_breadcrumbs_article":false,"coll_card_image_ratio":"1","coll_bg_color":"#f5f5f5","coll_border_color":"#ffffff","prod_card_image_ratio":"1","prod_card_image_fit":"cover","card_show_vendor":true,"card_show_rating":true,"card_show_inventory":true,"card_atc_mobile":"icon","card_atc_desktop":"icon","card_contain":true,"card_bg_color":"#f5f5f5","card_text_color":"#070707","card_border_color":"#ffffff","show_dividers":false,"compare_toggle":"toggle_off","compare_show_empty_metafields":false,"compare_empty_field_text":"N\/A","inventory_show_notice":"always","inventory_show_count":"always","in_stock_text_color":"#0da44a","low_stock_text_color":"#363737","very_low_stock_text_color":"#e32b2b","no_stock_text_color":"#070707","sale_label_bg_color":"#e32b2b","sale_label_type":"percent","sold_out_label_bg_color":"#2e2e2e","new_label_bg_color":"#1a66d2","new_label_text_color":"#ffffff","preorder_label_bg_color":"#56cbf9","preorder_label_text_color":"#000000","custom_label_bg_color":"#81f4e1","custom_label_text_color":"#070707","speech_icon_color":"#e32b2b","show_currency_code":true,"show_recommendations":true,"cart_shaking":true,"cart_shaking_frequency":4,"show_free_shipping_notice":true,"free_shipping_color_scheme":"none","animations_enabled":"mobile_desktop","animation_speed":"medium","image_quality":"1","vibrate_on_atc":true,"heading_type_scale":"1.3","button_border_radius":0,"input_text_color":"#000000","badge_card_position":"top-0 right-0 text-right","badge_product_page_position":"top-0 right-0 text-right","new_badge_bg_color":"#cd4c1d","prod_color_selector_style":"swatches"},"Home":{"heading_color":"#090302","text_color":"#090302","link_color":"#090302","star_color":"#67aaf9","button_bg_color":"#090302","button_text_color":"#ffffff","button_alt_bg_color":"#ffffff","button_alt_text_color":"#090302","color_scheme_1_bg":"#f2f2f2","color_scheme_1_heading":"#090302","color_scheme_1_text":"#090302","color_scheme_1_btn_bg":"#090302","color_scheme_2_bg":"#495d63","color_scheme_2_bg_grad":"","color_scheme_2_heading":"#ffffff","color_scheme_2_text":"#ffffff","color_scheme_2_btn_bg":"#ffffff","color_scheme_2_btn_text":"#090302","color_scheme_3_bg":"#fac8cd","color_scheme_3_bg_grad":"","color_scheme_3_heading":"#090302","color_scheme_3_text":"#090302","color_scheme_3_btn_bg":"#090302","panel_bg_color":"#f2f2f2","panel_heading_color":"#090302","panel_text_color":"#090302","drawer_text_color":"#090302","blend_bg_color":"#f2f2f2","heading_font":"avenir_next_n7","heading_uppercase":false,"subheading_uppercase":false,"button_text_uppercase":false,"heading_scale_start":"6","body_font":"muli_n4","max_page_width":1590,"section_gap":"64","input_button_border_width":"1","input_button_border_radius":4,"slider_show_arrows":"hover","slider_button_style":"btn--primary","drawer_border_radius":4,"overlay_border_radius":4,"show_breadcrumbs_collection":false,"show_breadcrumbs_collection_list":false,"show_breadcrumbs_blog":false,"show_breadcrumbs_article":false,"coll_card_image_ratio":"1","coll_bg_color":"#f7f7f7","coll_border_color":"rgba(0,0,0,0)","prod_card_image_ratio":"1","prod_card_image_fit":"cover","card_show_hover_image":true,"card_show_vendor":true,"card_show_subtitle":false,"card_show_rating":true,"card_show_inventory":true,"card_atc_mobile":"text_button_bottom","card_atc_desktop":"text_button_hover","card_contain":false,"card_bg_color":"#f7f7f7","card_text_color":"#141414","card_border_color":"#f7f7f7","show_dividers":false,"compare_toggle":"toggle_off","compare_max":8,"compare_show_empty_metafields":false,"compare_empty_field_text":"N\/A","inventory_threshold_low":10,"inventory_threshold_very_low":2,"inventory_show_notice":"always","inventory_show_count":"always","product_label_card_position":"top-0 start","sale_label_bg_color":"#f71735","sale_label_text_color":"#ffffff","sale_label_icon":"price_tag","sale_label_type":"standard","sold_out_label_bg_color":"#495d63","sold_out_label_text_color":"#ffffff","new_label_bg_color":"#fac8cd","new_label_text_color":"#090302","preorder_label_bg_color":"#67aaf9","preorder_label_text_color":"#ffffff","custom_label_bg_color":"#23022e","custom_label_text_color":"#ffffff","variant_picker_color_style":"variant-images","filter_color_style":"swatches","search_input_font":"body","speech_icon_color":"#ff580d","cart_icon":"basket","cart_type":"drawer","show_recommendations":true,"recommendations_heading":"You may also like...","recommendations_to_show":8,"cart_shaking":true,"cart_shaking_frequency":6,"show_free_shipping_notice":true,"free_shipping_color_scheme":"1","animations_enabled":"mobile_desktop","animation_speed":"fast","image_quality":"1.25","show_blur_messages":true,"blur_message_delay":4,"vibrate_on_atc":true,"checkout_logo_position":"center","checkout_logo_size":"medium","checkout_sidebar_background_color":"#f3f3f3","checkout_accent_color":"#67aaf9","checkout_button_color":"#070707","checkout_error_color":"#b40c1c","heading_type_scale":"1.3"}},"current":{"heading_color":"#2a2b2a","text_color":"#2a2b2a","link_color":"#2a2b2a","star_color":"#ff9f1c","button_bg_color":"#f06e3a","button_text_color":"#ffffff","button_alt_bg_color":"#ffffff","button_alt_text_color":"#2a2b2a","color_scheme_1_bg":"#f9f9f9","color_scheme_1_bg_grad":"linear-gradient(180deg, rgba(244, 244, 244, 1), rgba(244, 244, 244, 1) 100%)","color_scheme_1_heading":"#2a2b2a","color_scheme_1_text":"#2a2b2a","color_scheme_1_btn_bg":"#ff580d","color_scheme_2_bg":"#2a2b2a","color_scheme_2_bg_grad":"linear-gradient(225deg, rgba(51, 59, 67, 0.88) 8%, rgba(41, 47, 54, 1) 56%, rgba(20, 20, 20, 1) 92%)","color_scheme_2_heading":"#ff580d","color_scheme_2_btn_bg":"#ff580d","color_scheme_3_bg":"#ff580d","color_scheme_3_bg_grad":"linear-gradient(46deg, rgba(234, 73, 0, 1) 8%, rgba(234, 73, 0, 1) 32%, rgba(255, 88, 13, 0.88) 92%)","color_scheme_3_heading":"#ffffff","color_scheme_3_text":"#ffffff","color_scheme_3_btn_bg":"#2a2b2a","panel_bg_color":"#f4f4f4","panel_heading_color":"#2a2b2a","panel_text_color":"#2a2b2a","drawer_text_color":"#2a2b2a","error_text_color":"#dd1c1c","blend_bg_color":"#f4f4f4","heading_font":"montserrat_n6","heading_uppercase":false,"subheading_uppercase":false,"button_text_uppercase":false,"heading_scale_start":"4","body_font":"karla_n4","body_font_size":16,"navigation_font":"karla_n4","max_page_width":1500,"section_gap":"32","input_button_border_width":"1","input_button_border_radius":8,"slider_show_arrows":"never","slider_button_style":"btn--primary","drawer_border_radius":8,"overlay_border_radius":8,"disclosure_toggle":"arrow","show_breadcrumbs_collection":true,"show_breadcrumbs_collection_list":true,"show_breadcrumbs_article":true,"show_breadcrumbs_blog":true,"pagination_style":"modern","pagination_infinite":false,"coll_card_image_ratio":"1","coll_card_image_fit":"cover","coll_show_link":false,"coll_border_color":"#f2f2f2","prod_card_image_ratio":"1","prod_card_image_fit":"cover","card_show_hover_image":true,"card_show_vendor":false,"card_show_subtitle":false,"card_show_rating":false,"card_show_inventory":false,"enable_quick_add":false,"card_atc_mobile":"text_button_bottom","card_atc_desktop":"text_button_bottom","show_dividers":false,"card_contain":false,"card_bg_color":"#ffffff","card_text_color":"#26262b","card_border_color":"#f2f2f2","enable_compare":false,"compare_empty_field_text":"N\/A","inventory_threshold_low":20,"inventory_threshold_very_low":8,"inventory_show_notice":"always","inventory_show_count":"always","product_label_card_position":"bottom-0 start","show_sale_label":true,"sale_label_bg_color":"#dd1c1c","sale_label_text_color":"#ffffff","sale_label_icon":"price_tag","sale_label_type":"percent","show_sold_out_label":false,"sold_out_label_bg_color":"#2a2b2a","sold_out_label_text_color":"#ffffff","new_label_bg_color":"#7fb800","new_label_text_color":"#ffffff","preorder_label_bg_color":"#00a6ed","preorder_label_text_color":"#ffffff","custom_label_bg_color":"#0d2c54","custom_label_text_color":"#ffffff","card_colors_style":"none","social_facebook_url":"https:\/\/www.facebook.com\/CupidoDesign","social_instagram_url":"https:\/\/www.instagram.com\/cupido_design\/","social_whatsapp_url":"https:\/\/api.whatsapp.com\/send?phone=","social_pinterest_url":"https:\/\/it.pinterest.com\/CupidoDesign\/","show_search_types":false,"search_input_placeholder_1":"Ricerca per prodotto","search_input_placeholder_2":"Ricerca per collezioni","search_input_placeholder_3":"Ricerca per articoli","speech_icon_color":"#ff580d","show_currency_code":false,"cart_icon":"cart","cart_type":"drawer","cart_empty_shop_link":"shopify:\/\/collections\/best-sellers","show_recommendations":false,"recommendations_heading":"You may also like...","recommendations_to_show":3,"cart_shaking":true,"show_free_shipping_notice":false,"free_shipping_color_scheme":"1","animations_enabled":"disabled","favicon":"shopify:\/\/shop_images\/Progetto_senza_titolo_-_2023-12-07T231446.240_1.png","image_quality":"1","blur_message_delay":4,"vibrate_on_atc":true,"heading_type_scale":"1.3","content_for_index":[],"blocks":{"11532412952436166569":{"type":"shopify:\/\/apps\/loox-reviews\/blocks\/loox-inject\/5c3b337f-fd14-4df5-b1d6-80ec13e6e28e","disabled":false,"settings":{}},"12893132836628567133":{"type":"shopify:\/\/apps\/qikify-checkout-plus\/blocks\/app-embed\/6fd40802-0d8b-41fa-a1e3-0676a18f92a5","disabled":false,"settings":{}},"2992592445315385548":{"type":"shopify:\/\/apps\/shipfy-shipping-rules\/blocks\/install-snippets\/aab29d3f-8ec5-43ef-b394-5088032470b9","disabled":false,"settings":{}},"9619217692752832862":{"type":"shopify:\/\/apps\/fatturify\/blocks\/app-embed-legacy\/a9e8f601-54b2-44ee-aabf-19635b58750e","disabled":false,"settings":{"is_required":false,"button_position":"1","checkout_id":"checkout","label":"Inserisci i dati per la fatturazione","bg_color":"#000","text_color":"#FFF","button_style":""}},"17453258828962521766":{"type":"shopify:\/\/apps\/captain-insure\/blocks\/app\/a7ef2f88-bc96-4a68-ba4e-f042ccbc8beb","disabled":false,"settings":{}},"13581873799926253961":{"type":"shopify:\/\/apps\/payfy-payment-rules\/blocks\/install-snippets\/a3e9996d-434d-48b0-ace2-ba7b3d58826c","disabled":false,"settings":{}},"855628211100114053":{"type":"shopify:\/\/apps\/klaviyo-email-marketing-sms\/blocks\/klaviyo-onsite-embed\/2632fe16-c075-4321-a88b-50b567f42507","disabled":false,"settings":{}},"18128612654622612671":{"type":"shopify:\/\/apps\/selectors\/blocks\/app-embed\/a005a4a7-4aa2-4155-9c2b-0ab41acbf99c","disabled":false,"settings":{}},"12793297677437526120":{"type":"shopify:\/\/apps\/t-lab-ai-language-translate\/blocks\/custom_translations\/b5b83690-efd4-434d-8c6a-a5cef4019faf","disabled":false,"settings":{}},"4981902369724952902":{"type":"shopify:\/\/apps\/vo-product-options\/blocks\/embed-block\/430cbd7b-bd20-4c16-ba41-db6f4c645164","disabled":false,"settings":{}},"15351435345818755577":{"type":"shopify:\/\/apps\/pandectes-gdpr-compliance\/blocks\/banner\/58c0baa2-6cc1-480c-9ea6-38d6d559556a","disabled":false,"settings":{"programmatic_inject":false}},"13309252322759772734":{"type":"shopify:\/\/apps\/collection-merchandiser-sortd\/blocks\/app-embed\/5176d6ef-993f-4869-ba24-87a0a6bedcf9","disabled":true,"settings":{}},"6251270934270006384":{"type":"shopify:\/\/apps\/stape-server-gtm\/blocks\/gtm\/7e13c847-7971-409d-8fe0-29ec14d5f048","disabled":false,"settings":{}}}}}