{"current":{"page_width":1700,"section_vertical_spacing":"xsmall","section_boxed_horizontal_spacing":"small","button_border_radius":60,"input_border_radius":8,"block_border_radius":24,"block_shadow_opacity":0,"block_shadow_horizontal_offset":-32,"block_shadow_vertical_offset":-32,"background":"#ffffff","text_color":"#1a1a1a","header_background":"#ffffff","header_text_color":"#1a1a1a","footer_background":"#3200b2","footer_text_color":"#ffffff","dialog_background":"#ffffff","primary_button_background":"#e316e8","primary_button_text_color":"#ffffff","secondary_button_background":"#f0c417","secondary_button_text_color":"#1a1a1a","product_card_background":"#f5f5f5","product_card_text_color":"#1a1a1a","product_rating_color":"#ffffff","product_primary_badge_background":"#803cee","heading_font":"din_next_n7","heading_font_size":"medium","heading_letter_spacing":-2,"text_font":"din_next_n4","text_font_size_mobile":16,"text_font_size_desktop":18,"currency_code_enabled":true,"heading_apparition":"split_fade","show_product_rating":false,"product_rating_mode":"count","product_color_display":"hide","product_image_aspect_ratio":"square_crop","product_info_alignment":"start","cart_type":"drawer","cart_icon":"tote_bag","social_facebook":"https:\/\/www.facebook.com\/Neonferryworld","social_instagram":"https:\/\/www.instagram.com\/neon.ferry\/","favicon":"shopify:\/\/shop_images\/our-story-img_1_256x256_430x_7fb9c4fd-e74e-4136-8ff9-9ad0647df494.png","checkout_logo_image":"shopify:\/\/shop_images\/site-logo--yellow_8b40d36b-8407-4df8-96a3-2b3696e5c247.png","checkout_logo_size":"small","checkout_accent_color":"#3200b2","checkout_button_color":"#1a1a1a","content_for_index":[],"blocks":{"14060646107696862457":{"type":"shopify:\/\/apps\/judge-me-reviews\/blocks\/judgeme_core\/61ccd3b1-a9f2-4160-9fe9-4fec8413e5d8","disabled":false,"settings":{}},"10004392781266402770":{"type":"shopify:\/\/apps\/neon-sign-customiser\/blocks\/neon-customiser-embed\/29c3b558-f454-440f-b53e-26c5e867a515","disabled":false,"settings":{"scroll_order":true,"height":100,"height_reduction":0,"height_reduction_mobile":0,"price_box_options":"bottom","rtl":false}},"6279071938380501511":{"type":"shopify:\/\/apps\/powerful-form-builder\/blocks\/app-embed\/e4bcb1eb-35b2-42e6-bc37-bfe0e1542c9d","disabled":false,"settings":{}},"1232542678405107163":{"type":"shopify:\/\/apps\/instafeed\/blocks\/head-block\/c447db20-095d-4a10-9725-b5977662c9d5","disabled":false,"settings":{}},"12120936241911852800":{"type":"shopify:\/\/apps\/judge-me-reviews\/blocks\/reviews_tab\/61ccd3b1-a9f2-4160-9fe9-4fec8413e5d8","disabled":false,"settings":{"position":"right"}},"6610233760104865948":{"type":"shopify:\/\/apps\/pushowl\/blocks\/pushowl-app-embed-3d2ff2b5\/fa20c3ba-38bf-43e0-ba5c-431f6ae07d95","disabled":false,"settings":{}},"855628211100114053":{"type":"shopify:\/\/apps\/klaviyo-email-marketing-sms\/blocks\/klaviyo-onsite-embed\/2632fe16-c075-4321-a88b-50b567f42507","disabled":false,"settings":{}},"17676059084223943535":{"type":"shopify:\/\/apps\/triplewhale\/blocks\/triple_pixel_snippet\/483d496b-3f1a-4609-aea7-8eee3b6b7a2a","disabled":false,"settings":{}},"14327677521557774844":{"type":"shopify:\/\/apps\/simprosys-google-shopping-feed\/blocks\/core_settings_block\/1f0b859e-9fa6-4007-97e8-4513aff5ff3b","disabled":false,"settings":{}},"1692329972272007824":{"type":"shopify:\/\/apps\/zepto-product-personalizer\/blocks\/product_personalizer_main\/7411210d-7b32-4c09-9455-e129e3be4729","disabled":false,"settings":{}},"442549160356511856":{"type":"shopify:\/\/apps\/ck-whatsapp-chat-abandoned\/blocks\/app-embed-block\/ce4c5d89-06d5-4502-b18d-35d424a3f693","disabled":false,"settings":{}},"15683396631634586217":{"type":"shopify:\/\/apps\/inbox\/blocks\/chat\/841fc607-4181-4ad1-842d-e24d7f8bad6b","disabled":true,"settings":{"button_color":"#3200b2","secondary_color":"#ffffff","ternary_color":"#6a6a6a","button_icon":"chat_bubble","button_text":"live_chat","button_horizontal_position":"bottom_right","button_vertical_position":"lowest","greeting_message":""}}}},"presets":{"Sound":{"section_vertical_spacing":"medium","button_border_radius":60,"input_border_radius":8,"block_border_radius":24,"block_shadow_opacity":10,"block_shadow_vertical_offset":18,"background":"#f0f0f0","text_color":"#1a1a1a","header_background":"#f0f0f0","header_text_color":"#1a1a1a","footer_background":"#ffffff","footer_text_color":"#1a1a1a","primary_button_background":"#1a1a1a","primary_button_text_color":"#ffffff","secondary_button_background":"#f0c417","secondary_button_text_color":"#1a1a1a","product_card_text_color":"#1a1a1a","product_primary_badge_background":"#803cee","heading_font":"din_next_n7","heading_font_size":"large","heading_letter_spacing":-2,"text_font":"din_next_n4","cart_icon":"shopping_basket","heading_apparition":"split_fade","product_color_display":"swatch","product_info_alignment":"start","checkout_accent_color":"#f0c417","checkout_button_color":"#1a1a1a"},"Home":{"section_vertical_spacing":"medium","section_boxed_horizontal_spacing":"large","button_hover_effect":"reverse","background":"#ffffff","text_color":"#272727","success_color":"#708a5c","warning_color":"#e37e16","error_color":"#aa2826","header_background":"#ffffff","header_text_color":"#272727","footer_background":"#f2f2f2","footer_text_color":"#272727","primary_button_background":"#272727","primary_button_text_color":"#ffffff","secondary_button_background":"#3c619e","secondary_button_text_color":"#ffffff","product_card_text_color":"#272727","product_on_sale_accent":"#e34f4f","product_sold_out_badge_background":"#bebdb9","product_primary_badge_background":"#3c619e","heading_font":"futura_n7","heading_font_size":"large","heading_text_transform":"normal","heading_letter_spacing":-1,"text_font":"futura_n4","cart_icon":"shopping_basket","heading_apparition":"split_rotation","color_swatch_style":"rectangle","product_color_display":"swatch","cart_type":"drawer","checkout_body_background_color":"#f2f2f2","checkout_sidebar_background_color":"#ffffff","checkout_accent_color":"#3c619e","checkout_button_color":"#3c619e"},"Shape":{"page_width":1440,"section_vertical_spacing":"small","section_boxed_horizontal_spacing":"medium","button_border_radius":60,"input_border_radius":8,"block_border_radius":20,"icon_stroke_width":1.5,"button_style":"fill","button_hover_effect":"reverse","text_color":"#2a555a","header_background":"#ffffff","header_text_color":"#2a555a","footer_background":"#f7f7f7","footer_text_color":"#2a555a","primary_button_background":"#2a555a","primary_button_text_color":"#ffffff","secondary_button_background":"#d9967e","product_card_text_color":"#2a555a","cart_icon":"tote_bag","heading_font":"itc_berkeley_old_style_n4","heading_font_size":"large","heading_text_transform":"normal","heading_letter_spacing":-1,"text_font":"muli_n4","text_font_size_desktop":15,"product_color_display":"swatch","product_info_alignment":"center"}}}