{"localBusiness":{"turnOn":false,"fullField":false,"businessName":"","streetAddress":"","stateRegion":"","country":"","city":"","type":"","postalCode":"","imageUrl":[],"phone":"","priceRange":"","acceptReservation":"true","menu":"","cuisineType":"","openingHours":[{"@type":"OpeningHoursSpecification","closes":"23:59","dayOfWeek":["Monday","Tuesday","Wednesday","Thursday","Friday","Saturday","Sunday"],"opens":"00:00"}]},"logo":{"turnOn":false,"fullField":false},"breadcrumb":{"turnOn":true,"fullField":true},"howTo":{"turnOn":false,"fullField":false,"pageList":[]},"siteLink":{"turnOn":true,"fullField":true},"product":{"turnOn":false,"fullField":false},"article":{"turnOn":false,"fullField":false},"faq":{"turnOn":false,"fullField":false,"pageList":[]},"recipe":{"turnOn":false,"fullField":false,"pageList":[]},"video":{"turnOn":false,"fullField":false,"pageList":[]}}