{"current":{"logo":"shopify:\/\/shop_images\/logo.png","logo_width":140,"favicon":"shopify:\/\/shop_images\/Copy_of_Untitled_Facebook_Post_800_x_600_px_800_x_800_px_1000_x_1000_px_800_x_300_px_500_x_250_px_40_x_40_px.svg","type_header_font":"sans-serif","heading_scale":115,"type_body_font":"sans-serif","body_scale":115,"page_width":1200,"spacing_sections":36,"spacing_grid_horizontal":40,"spacing_grid_vertical":40,"animations_reveal_on_scroll":true,"animations_hover_elements":"none","buttons_border_thickness":2,"buttons_border_opacity":55,"buttons_radius":10,"buttons_shadow_opacity":40,"buttons_shadow_horizontal_offset":0,"buttons_shadow_vertical_offset":4,"buttons_shadow_blur":0,"variant_pills_border_thickness":1,"variant_pills_border_opacity":75,"variant_pills_radius":10,"variant_pills_shadow_opacity":0,"variant_pills_shadow_horizontal_offset":0,"variant_pills_shadow_vertical_offset":4,"variant_pills_shadow_blur":5,"inputs_border_thickness":1,"inputs_border_opacity":55,"inputs_radius":10,"inputs_shadow_opacity":0,"inputs_shadow_horizontal_offset":0,"inputs_shadow_vertical_offset":4,"inputs_shadow_blur":5,"card_style":"standard","card_image_padding":0,"card_text_alignment":"left","card_color_scheme":"scheme-1","card_border_thickness":0,"card_border_opacity":10,"card_corner_radius":12,"card_shadow_opacity":5,"card_shadow_horizontal_offset":10,"card_shadow_vertical_offset":10,"card_shadow_blur":35,"collection_card_style":"card","collection_card_image_padding":0,"collection_card_text_alignment":"center","collection_card_color_scheme":"scheme-1","collection_card_border_thickness":0,"collection_card_border_opacity":10,"collection_card_corner_radius":12,"collection_card_shadow_opacity":5,"collection_card_shadow_horizontal_offset":10,"collection_card_shadow_vertical_offset":10,"collection_card_shadow_blur":35,"blog_card_style":"card","blog_card_image_padding":0,"blog_card_text_alignment":"center","blog_card_color_scheme":"scheme-1","blog_card_border_thickness":0,"blog_card_border_opacity":10,"blog_card_corner_radius":12,"blog_card_shadow_opacity":5,"blog_card_shadow_horizontal_offset":10,"blog_card_shadow_vertical_offset":10,"blog_card_shadow_blur":35,"text_boxes_border_thickness":0,"text_boxes_border_opacity":10,"text_boxes_radius":24,"text_boxes_shadow_opacity":0,"text_boxes_shadow_horizontal_offset":10,"text_boxes_shadow_vertical_offset":12,"text_boxes_shadow_blur":20,"media_border_thickness":0,"media_border_opacity":10,"media_radius":12,"media_shadow_opacity":10,"media_shadow_horizontal_offset":10,"media_shadow_vertical_offset":12,"media_shadow_blur":20,"popup_border_thickness":1,"popup_border_opacity":10,"popup_corner_radius":22,"popup_shadow_opacity":10,"popup_shadow_horizontal_offset":10,"popup_shadow_vertical_offset":12,"popup_shadow_blur":20,"drawer_border_thickness":1,"drawer_border_opacity":10,"drawer_shadow_opacity":0,"drawer_shadow_horizontal_offset":0,"drawer_shadow_vertical_offset":4,"drawer_shadow_blur":5,"badge_position":"top left","badge_corner_radius":20,"sale_badge_color_scheme":"scheme-55dd02ca-d8dd-49d8-bc75-65fb96cf4bd7","sold_out_badge_color_scheme":"scheme-3","brand_headline":"<em>Our Story<\/em>","brand_description":"<p>Solar Light Depot was founded in 2018 to bring industrial quality solar technology to the public at affordable prices, helping both homeowners, and the planet.<\/p>","brand_image_width":100,"social_facebook_link":"","social_instagram_link":"","social_youtube_link":"","social_tiktok_link":"","social_twitter_link":"","social_snapchat_link":"","social_pinterest_link":"","social_tumblr_link":"","social_vimeo_link":"","predictive_search_enabled":true,"predictive_search_show_vendor":false,"predictive_search_show_price":true,"currency_code_enabled":true,"cart_type":"drawer","show_vendor":false,"show_cart_note":false,"cart_drawer_collection":"","cart_color_scheme":"scheme-1","checkout_logo_image":"shopify:\/\/shop_images\/Copy_of_Untitled_Facebook_Post_800_x_600_px_800_x_800_px_2000_x_400_px.png","checkout_logo_size":"large","checkout_accent_color":"#f6982c","checkout_button_color":"#f6982c","sections":{"main-password-header":{"type":"main-password-header","settings":{"color_scheme":"scheme-1"}},"main-password-footer":{"type":"main-password-footer","settings":{"color_scheme":"scheme-1"}}},"content_for_index":[],"blocks":{"2118589882331710876":{"type":"shopify:\/\/apps\/essential-trust-badges\/blocks\/app-embed\/0ff65b25-07e1-408e-950f-f54dd3d1751b","disabled":false,"settings":{}},"14060646107696862457":{"type":"shopify:\/\/apps\/judge-me-reviews\/blocks\/judgeme_core\/61ccd3b1-a9f2-4160-9fe9-4fec8413e5d8","disabled":false,"settings":{}},"12120936241911852800":{"type":"shopify:\/\/apps\/judge-me-reviews\/blocks\/reviews_tab\/61ccd3b1-a9f2-4160-9fe9-4fec8413e5d8","disabled":true,"settings":{"position":"right"}},"14327677521557774844":{"type":"shopify:\/\/apps\/simprosys-google-shopping-feed\/blocks\/core_settings_block\/1f0b859e-9fa6-4007-97e8-4513aff5ff3b","disabled":false,"settings":{}},"855628211100114053":{"type":"shopify:\/\/apps\/klaviyo-email-marketing-sms\/blocks\/klaviyo-onsite-embed\/2632fe16-c075-4321-a88b-50b567f42507","disabled":false,"settings":{}},"10641372206048101839":{"type":"shopify:\/\/apps\/rebuy-personalization-engine\/blocks\/rebuy-global-embed\/a26ae9b9-933b-40bf-bbc6-bf1220bbc4dc","disabled":false,"settings":{}}},"color_schemes":{"scheme-1":{"settings":{"background":"#ffffff","background_gradient":"linear-gradient(180deg, rgba(255, 255, 255, 1) 100%, rgba(241, 235, 226, 1) 100%)","text":"#000000","button":"#f6982c","button_label":"#ffffff","secondary_button_label":"#2e2a39","shadow":"#2e2a39"}},"scheme-2":{"settings":{"background":"#edffa7","background_gradient":"radial-gradient(rgba(255, 229, 229, 1), rgba(255, 224, 218, 1) 25%, rgba(215, 255, 137, 1) 100%)","text":"#2e2a39","button":"#2e2a39","button_label":"#edffa7","secondary_button_label":"#2e2a39","shadow":"#2e2a39"}},"scheme-3":{"settings":{"background":"#000000","background_gradient":"","text":"#ffffff","button":"#f6982c","button_label":"#ffffff","secondary_button_label":"#000000","shadow":"#000000"}},"scheme-4":{"settings":{"background":"#9b046f","background_gradient":"","text":"#fdfbf7","button":"#fdfbf7","button_label":"#9b046f","secondary_button_label":"#fdfbf7","shadow":"#2e2a39"}},"scheme-5":{"settings":{"background":"#5e3653","background_gradient":"linear-gradient(320deg, rgba(134, 16, 106, 1), rgba(94, 54, 83, 1) 100%)","text":"#fdfbf7","button":"#fdfbf7","button_label":"#5e3653","secondary_button_label":"#fdfbf7","shadow":"#2e2a39"}},"scheme-c051e8ed-f169-47a5-9086-5869514931c9":{"settings":{"background":"#ffffff","background_gradient":"linear-gradient(180deg, rgba(14, 41, 3, 1), rgba(241, 235, 226, 1) 69%)","text":"#2e2a39","button":"#9b046f","button_label":"#fdfbf7","secondary_button_label":"#2e2a39","shadow":"#2e2a39"}},"scheme-58d66c8a-27bb-4268-bd28-521d561b2ac8":{"settings":{"background":"#ffffff","background_gradient":"linear-gradient(107deg, rgba(246, 152, 44, 1) 100%, rgba(241, 235, 226, 1) 100%)","text":"#ffffff","button":"#f6982c","button_label":"#fdfbf7","secondary_button_label":"#2e2a39","shadow":"#2e2a39"}},"scheme-f9e21003-64ac-4857-9f32-a726c4136266":{"settings":{"background":"#f6982c","background_gradient":"linear-gradient(180deg, rgba(255, 255, 255, 1), rgba(241, 235, 226, 1) 100%)","text":"#2e2a39","button":"#f6982c","button_label":"#ffffff","secondary_button_label":"#ffffff","shadow":"#2e2a39"}},"scheme-55dd02ca-d8dd-49d8-bc75-65fb96cf4bd7":{"settings":{"background":"#dd1d1d","background_gradient":"linear-gradient(180deg, rgba(255, 255, 255, 1), rgba(241, 235, 226, 1) 100%)","text":"#ffffff","button":"#dd1d1d","button_label":"#fdfbf7","secondary_button_label":"#dd1d1d","shadow":"#2e2a39"}}}},"presets":{"Default":{"logo_width":70,"color_schemes":{"scheme-1":{"settings":{"background":"#FDFBF7","background_gradient":"linear-gradient(180deg, rgba(240, 244, 236, 1), rgba(241, 235, 226, 1) 100%)","text":"#2E2A39","button":"#9B046F","button_label":"#FDFBF7","secondary_button_label":"#2E2A39","shadow":"#2E2A39"}},"scheme-2":{"settings":{"background":"#EDFFA7","background_gradient":"radial-gradient(rgba(255, 229, 229, 1), rgba(255, 224, 218, 1) 25%, rgba(215, 255, 137, 1) 100%)","text":"#2E2A39","button":"#2E2A39","button_label":"#EDFFA7","secondary_button_label":"#2E2A39","shadow":"#2E2A39"}},"scheme-3":{"settings":{"background":"#2E2A39","background_gradient":"","text":"#FDFBF7","button":"#FDFBF7","button_label":"#2E2A39","secondary_button_label":"#FDFBF7","shadow":"#2E2A39"}},"scheme-4":{"settings":{"background":"#9B046F","background_gradient":"","text":"#FDFBF7","button":"#FDFBF7","button_label":"#9B046F","secondary_button_label":"#FDFBF7","shadow":"#2E2A39"}},"scheme-5":{"settings":{"background":"#5E3653","background_gradient":"linear-gradient(320deg, rgba(134, 16, 106, 1), rgba(94, 54, 83, 1) 100%)","text":"#FDFBF7","button":"#FDFBF7","button_label":"#5E3653","secondary_button_label":"#FDFBF7","shadow":"#2E2A39"}}},"type_header_font":"harmonia_sans_n6","heading_scale":130,"type_body_font":"harmonia_sans_n4","body_scale":100,"page_width":1200,"spacing_sections":36,"spacing_grid_horizontal":40,"spacing_grid_vertical":40,"animations_reveal_on_scroll":true,"animations_hover_elements":"none","buttons_border_thickness":1,"buttons_border_opacity":55,"buttons_radius":10,"buttons_shadow_opacity":0,"buttons_shadow_horizontal_offset":0,"buttons_shadow_vertical_offset":4,"buttons_shadow_blur":5,"variant_pills_border_thickness":0,"variant_pills_border_opacity":10,"variant_pills_radius":10,"variant_pills_shadow_opacity":0,"variant_pills_shadow_horizontal_offset":0,"variant_pills_shadow_vertical_offset":4,"variant_pills_shadow_blur":5,"inputs_border_thickness":1,"inputs_border_opacity":55,"inputs_radius":10,"inputs_shadow_opacity":0,"inputs_shadow_horizontal_offset":0,"inputs_shadow_vertical_offset":4,"inputs_shadow_blur":5,"card_style":"card","card_image_padding":0,"card_text_alignment":"center","card_color_scheme":"scheme-1","card_border_thickness":0,"card_border_opacity":10,"card_corner_radius":12,"card_shadow_opacity":5,"card_shadow_horizontal_offset":10,"card_shadow_vertical_offset":10,"card_shadow_blur":35,"collection_card_style":"card","collection_card_image_padding":0,"collection_card_text_alignment":"center","collection_card_color_scheme":"scheme-1","collection_card_border_thickness":0,"collection_card_border_opacity":10,"collection_card_corner_radius":12,"collection_card_shadow_opacity":5,"collection_card_shadow_horizontal_offset":10,"collection_card_shadow_vertical_offset":10,"collection_card_shadow_blur":35,"blog_card_style":"card","blog_card_image_padding":0,"blog_card_text_alignment":"center","blog_card_color_scheme":"scheme-1","blog_card_border_thickness":0,"blog_card_border_opacity":10,"blog_card_corner_radius":12,"blog_card_shadow_opacity":5,"blog_card_shadow_horizontal_offset":10,"blog_card_shadow_vertical_offset":10,"blog_card_shadow_blur":35,"text_boxes_border_thickness":0,"text_boxes_border_opacity":10,"text_boxes_radius":24,"text_boxes_shadow_opacity":0,"text_boxes_shadow_horizontal_offset":10,"text_boxes_shadow_vertical_offset":12,"text_boxes_shadow_blur":20,"media_border_thickness":0,"media_border_opacity":10,"media_radius":12,"media_shadow_opacity":10,"media_shadow_horizontal_offset":10,"media_shadow_vertical_offset":12,"media_shadow_blur":20,"popup_border_thickness":1,"popup_border_opacity":10,"popup_corner_radius":22,"popup_shadow_opacity":10,"popup_shadow_horizontal_offset":10,"popup_shadow_vertical_offset":12,"popup_shadow_blur":20,"drawer_border_thickness":1,"drawer_border_opacity":10,"drawer_shadow_opacity":0,"drawer_shadow_horizontal_offset":0,"drawer_shadow_vertical_offset":4,"drawer_shadow_blur":5,"badge_position":"bottom left","badge_corner_radius":20,"sale_badge_color_scheme":"scheme-5","sold_out_badge_color_scheme":"scheme-3","brand_headline":"","brand_description":"<p><\/p>","brand_image_width":"100","social_twitter_link":"","social_facebook_link":"","social_pinterest_link":"","social_instagram_link":"","social_tiktok_link":"","social_tumblr_link":"","social_snapchat_link":"","social_youtube_link":"","social_vimeo_link":"","predictive_search_enabled":true,"predictive_search_show_vendor":false,"predictive_search_show_price":true,"currency_code_enabled":true,"cart_type":"notification","show_vendor":false,"show_cart_note":true,"cart_drawer_collection":"","cart_color_scheme":"scheme-1","sections":{"main-password-header":{"type":"main-password-header","settings":{"color_scheme":"scheme-1"}},"main-password-footer":{"type":"main-password-footer","settings":{"color_scheme":"scheme-1"}}}}}}