{"current":{"logo":"shopify:\/\/shop_images\/theese_logo_sm.webp","logo_width":170,"favicon":"shopify:\/\/shop_images\/favicon-32x32.png","type_header_font":"assistant_n4","heading_scale":100,"type_body_font":"assistant_n4","body_scale":100,"page_width":1200,"spacing_sections":0,"spacing_grid_horizontal":24,"spacing_grid_vertical":40,"animations_reveal_on_scroll":true,"animations_hover_elements":"none","buttons_border_thickness":0,"buttons_border_opacity":100,"buttons_radius":26,"buttons_shadow_opacity":0,"buttons_shadow_horizontal_offset":0,"buttons_shadow_vertical_offset":4,"buttons_shadow_blur":5,"variant_pills_border_thickness":1,"variant_pills_border_opacity":60,"variant_pills_radius":2,"variant_pills_shadow_opacity":0,"variant_pills_shadow_horizontal_offset":0,"variant_pills_shadow_vertical_offset":6,"variant_pills_shadow_blur":5,"inputs_border_thickness":1,"inputs_border_opacity":55,"inputs_radius":0,"inputs_shadow_opacity":0,"inputs_shadow_horizontal_offset":0,"inputs_shadow_vertical_offset":4,"inputs_shadow_blur":5,"card_style":"standard","card_image_padding":0,"card_text_alignment":"left","card_color_scheme":"background-2","card_border_thickness":0,"card_border_opacity":10,"card_corner_radius":0,"card_shadow_opacity":0,"card_shadow_horizontal_offset":0,"card_shadow_vertical_offset":4,"card_shadow_blur":5,"collection_card_style":"standard","collection_card_image_padding":0,"collection_card_text_alignment":"left","collection_card_color_scheme":"background-2","collection_card_border_thickness":0,"collection_card_border_opacity":10,"collection_card_corner_radius":0,"collection_card_shadow_opacity":0,"collection_card_shadow_horizontal_offset":0,"collection_card_shadow_vertical_offset":4,"collection_card_shadow_blur":5,"blog_card_style":"standard","blog_card_image_padding":0,"blog_card_text_alignment":"left","blog_card_color_scheme":"background-2","blog_card_border_thickness":0,"blog_card_border_opacity":10,"blog_card_corner_radius":0,"blog_card_shadow_opacity":0,"blog_card_shadow_horizontal_offset":0,"blog_card_shadow_vertical_offset":4,"blog_card_shadow_blur":5,"text_boxes_border_thickness":0,"text_boxes_border_opacity":10,"text_boxes_radius":0,"text_boxes_shadow_opacity":0,"text_boxes_shadow_horizontal_offset":0,"text_boxes_shadow_vertical_offset":4,"text_boxes_shadow_blur":5,"media_border_thickness":0,"media_border_opacity":5,"media_radius":0,"media_shadow_opacity":0,"media_shadow_horizontal_offset":0,"media_shadow_vertical_offset":4,"media_shadow_blur":5,"popup_border_thickness":1,"popup_border_opacity":10,"popup_corner_radius":0,"popup_shadow_opacity":5,"popup_shadow_horizontal_offset":0,"popup_shadow_vertical_offset":4,"popup_shadow_blur":5,"drawer_border_thickness":1,"drawer_border_opacity":10,"drawer_shadow_opacity":0,"drawer_shadow_horizontal_offset":0,"drawer_shadow_vertical_offset":4,"drawer_shadow_blur":5,"badge_position":"bottom left","badge_corner_radius":0,"sale_badge_color_scheme":"background-2","sold_out_badge_color_scheme":"inverse","brand_headline":"Dry Wear For Feet","brand_description":"<p><\/p>","brand_image_width":100,"social_facebook_link":"https:\/\/facebook.com\/weartheese","social_instagram_link":"https:\/\/instagram.com\/weartheese","social_youtube_link":"","social_tiktok_link":"https:\/\/tiktok.com\/@weartheese","social_twitter_link":"","social_snapchat_link":"","social_pinterest_link":"","social_tumblr_link":"","social_vimeo_link":"","predictive_search_enabled":true,"predictive_search_show_vendor":false,"predictive_search_show_price":false,"poptitle":"","popsubtitle":"THEESE fit true-to-size, standard width.\n\nIf you fall between sizes (half-sized), we recommend sizing up for the best fit.","page_man":"men-size-chart","tabtitle01":"Men","page_women":"women-size-chart","tabtitle02":"Women","currency_code_enabled":true,"cart_type":"drawer","show_vendor":false,"show_cart_note":false,"cart_drawer_collection":"","cart_color_scheme":"background-1","color_block_bg":"#03302d","color_block_txt":"#ffffff","collectio_hide":false,"pdp_hide":true,"cart_hide":true,"cart_c_hide":true,"checkout_logo_image":"shopify:\/\/shop_images\/THEESE_Logo_Tagline_COLOR_CMYK_23-02-22.png","checkout_logo_position":"center","checkout_logo_size":"small","checkout_input_background_color_mode":"white","checkout_accent_color":"#03302d","checkout_button_color":"#ffb81c","checkout_layout":"onepage","size_tabel":true,"swatchColors":"Black:#000000\nWhite:#f5f5f5\nBlue:#005eff\nRed:#c9002c\nPink:#ffd5e6\nBrown:#a2896b\nOlive:#808000\nPurple:#dac6ef\nGrey:#e2e2e7\nBeige:#d8c7af\nFS Black: fs-black.jpg\nViolet: fs-blue.jpg\nGray: vintage-white.jpg\nFS White: fs-white.jpg","sections":{"main-password-header":{"type":"main-password-header","settings":{"color_scheme":"background-1"}},"main-password-footer":{"type":"main-password-footer","settings":{"color_scheme":"background-1"}},"dicount-block":{"type":"dicount-block","settings":{"color_block_bg":"#03302d","color_block_txt":"#ffffff","collectio_hide":false,"offer_save":true,"pdp_hide":false,"cart_hide":true,"cart_c_hide":true}}},"content_for_index":[],"blocks":{"855628211100114053":{"type":"shopify:\/\/apps\/klaviyo-email-marketing-sms\/blocks\/klaviyo-onsite-embed\/2632fe16-c075-4321-a88b-50b567f42507","disabled":false,"settings":{}},"5059203847231188605":{"type":"shopify:\/\/apps\/smart-product-filter-search\/blocks\/app-embed\/5cc1944c-3014-4a2a-af40-7d65abc0ef73","disabled":false,"settings":{"productGridSelector":"","useCustomQuickviewTemplate":false,"customJs":"","customCss":"","customProductTemplateLoader":"{%- capture productTemplate -%}{% render 'globo.filter.product', themeTranslation: shop.metafields.globoFilter.themeTranslation.value[request.locale.iso_code] %}{%- endcapture -%}{%- unless productTemplate contains 'Liquid error' -%}<script id=\"gspfProduct\" type=\"template\/html\">{{- productTemplate | replace: \"script>\", \"scripttag>\" -}}<\/script>{%- endunless -%}","customTreeTemplateLoader":"{%- capture treeTemplate -%}{% render 'globo.filter.tree' %}{%- endcapture -%}{%- unless treeTemplate contains 'Liquid error' -%}<script id=\"gspfFilterTree\" type=\"template\/html\">{{- treeTemplate | replace: \"script>\", \"scripttag>\" -}}<\/script>{%- endunless -%}","customSortTemplateLoader":"{%- capture sortTemplate -%}{% render 'globo.filter.sort' %}{%- endcapture -%}{%- unless sortTemplate contains 'Liquid error' -%}<script id=\"gspfFilterSort\" type=\"template\/html\">{{- sortTemplate | replace: \"script>\", \"scripttag>\" -}}<\/script>{%- endunless -%}","customSearchTemplateLoader":"{%- capture searchTemplate -%}{% render 'globo.filter.search' %}{%- endcapture -%}{%- unless searchTemplate contains 'Liquid error' -%}<script id=\"gspfSearchResult\" type=\"template\/html\">{{- searchTemplate | replace: \"script>\", \"scripttag>\" -}}<\/script>{%- endunless -%}","customPaginationTemplateLoader":"{%- capture paginationTemplate -%}{% render 'globo.filter.pagination' %}{%- endcapture -%}{%- unless paginationTemplate contains 'Liquid error' -%}<script id=\"gspfPagination\" type=\"template\/html\">{{- paginationTemplate | replace: \"script>\", \"scripttag>\" -}}<\/script>{%- endunless -%}","customYMMTemplateLoader":"{%- capture YMMTemplate -%}{% render 'globo.filter.form' %}{%- endcapture -%}{%- unless YMMTemplate contains 'Liquid error' -%}<script id=\"gspfForm\" type=\"template\/html\">{{- YMMTemplate | replace: \"script>\", \"scripttag>\" -}}<\/script>{%- endunless -%}"}},"back-in-stock-restock-alerts-4bb73be2-b7c2-4870-949f-c528145452a3":{"type":"shopify:\/\/apps\/back-in-stock-restock-alerts\/blocks\/main\/4bb73be2-b7c2-4870-949f-c528145452a3","disabled":false,"settings":{}},"7147999719060634790":{"type":"shopify:\/\/apps\/gsc-countdown-timer\/blocks\/countdown-bar\/58dc5b1b-43d2-4209-b1f3-52aff31643ed","disabled":false,"settings":{}},"11532412952436166569":{"type":"shopify:\/\/apps\/loox-reviews\/blocks\/loox-inject\/5c3b337f-fd14-4df5-b1d6-80ec13e6e28e","disabled":false,"settings":{}}},"color_schemes":{"background-1":{"settings":{"background":"#ffffff","background_gradient":"","text":"#03302d","button":"#121212","button_label":"#ffffff","secondary_button_label":"#121212","shadow":"#121212"}},"background-2":{"settings":{"background":"#f5f5f5","background_gradient":"linear-gradient(180deg, rgba(245, 245, 245, 0.5), rgba(243, 243, 243, 0.5) 50%)","text":"#03302d","button":"#121212","button_label":"#f3f3f3","secondary_button_label":"#121212","shadow":"#121212"}},"inverse":{"settings":{"background":"#03302d","background_gradient":"","text":"#ffffff","button":"#ffb81c","button_label":"#121212","secondary_button_label":"#ffffff","shadow":"#121212"}},"accent-1":{"settings":{"background":"#121212","background_gradient":"","text":"#ffffff","button":"#ffffff","button_label":"#121212","secondary_button_label":"#ffffff","shadow":"#121212"}},"accent-2":{"settings":{"background":"#334fb4","background_gradient":"","text":"#ffffff","button":"#ffffff","button_label":"#334fb4","secondary_button_label":"#ffffff","shadow":"#121212"}},"scheme-47115dea-f6a5-447e-af6d-8dac2c79f5aa":{"settings":{"background":"#fafafa","background_gradient":"","text":"#121212","button":"#121212","button_label":"#ffffff","secondary_button_label":"#121212","shadow":"#121212"}},"scheme-ae78d2c3-0e6c-40b5-9c53-4e55e8710738":{"settings":{"background":"#03302d","background_gradient":"","text":"#ffb81c","button":"#fcb316","button_label":"#ffffff","secondary_button_label":"#ffffff","shadow":"#121212"}},"scheme-506cfe82-0541-43b7-a171-c09c2ea6a427":{"settings":{"background":"#e4e9e8","background_gradient":"","text":"#03302d","button":"#ffffff","button_label":"#030101","secondary_button_label":"#ffffff","shadow":"#ffffff"}},"scheme-e24c21f4-574f-44ce-9b14-7986368e0fd3":{"settings":{"background":"#03302d","background_gradient":"","text":"#ffffff","button":"#121212","button_label":"#ffffff","secondary_button_label":"#121212","shadow":"#121212"}},"scheme-02e86878-eeb1-4cdf-a0f5-bfd2445dce1d":{"settings":{"background":"#ffffff","background_gradient":"","text":"#03302d","button":"#121212","button_label":"#ffffff","secondary_button_label":"#121212","shadow":"#121212"}},"scheme-2af00c36-f6c5-468a-8097-6e434044d715":{"settings":{"background":"#ffffff","background_gradient":"","text":"#03302d","button":"#03302d","button_label":"#ffffff","secondary_button_label":"#121212","shadow":"#121212"}},"scheme-94a9fa4b-2e38-4bed-9ec5-78d0b3d619ac":{"settings":{"background":"#ffffff","background_gradient":"","text":"#121212","button":"#121212","button_label":"#ffffff","secondary_button_label":"#121212","shadow":"#121212"}},"scheme-92de3cf8-daad-4813-82b3-0900b456702e":{"settings":{"background":"#ffffff","background_gradient":"","text":"#121212","button":"#121212","button_label":"#ffffff","secondary_button_label":"#121212","shadow":"#121212"}},"scheme-4cac5e43-317a-4ff8-a1fa-8b065ceb3870":{"settings":{"background":"#e4e9e8","background_gradient":"","text":"#000000","button":"#fcb316","button_label":"#000000","secondary_button_label":"#fcb316","shadow":"#fcb316"}},"scheme-d00a6693-efa0-45b2-b265-2ad4044531fc":{"settings":{"background":"#ffffff","background_gradient":"","text":"#000000","button":"#ffb81c","button_label":"#000000","secondary_button_label":"#ffffff","shadow":"#ffffff"}},"scheme-22254822-dc08-4490-bf4b-e62eb856249b":{"settings":{"background":"#ffffff","background_gradient":"","text":"#ffffff","button":"#ffb81c","button_label":"#121212","secondary_button_label":"#ffb81c","shadow":"#121212"}}}},"presets":{"Default":{"logo_width":90,"color_schemes":{"background-1":{"settings":{"background":"#FFFFFF","background_gradient":"","text":"#121212","button":"#121212","button_label":"#FFFFFF","secondary_button_label":"#121212","shadow":"#121212"}},"background-2":{"settings":{"background":"#F3F3F3","background_gradient":"","text":"#121212","button":"#121212","button_label":"#F3F3F3","secondary_button_label":"#121212","shadow":"#121212"}},"inverse":{"settings":{"background":"#242833","background_gradient":"","text":"#FFFFFF","button":"#FFFFFF","button_label":"#000000","secondary_button_label":"#FFFFFF","shadow":"#121212"}},"accent-1":{"settings":{"background":"#121212","background_gradient":"","text":"#FFFFFF","button":"#FFFFFF","button_label":"#121212","secondary_button_label":"#FFFFFF","shadow":"#121212"}},"accent-2":{"settings":{"background":"#334FB4","background_gradient":"","text":"#FFFFFF","button":"#FFFFFF","button_label":"#334FB4","secondary_button_label":"#FFFFFF","shadow":"#121212"}}},"type_header_font":"assistant_n4","heading_scale":100,"type_body_font":"assistant_n4","body_scale":100,"page_width":1200,"spacing_sections":0,"spacing_grid_horizontal":8,"spacing_grid_vertical":8,"animations_reveal_on_scroll":true,"animations_hover_elements":"none","buttons_border_thickness":1,"buttons_border_opacity":100,"buttons_radius":0,"buttons_shadow_opacity":0,"buttons_shadow_horizontal_offset":0,"buttons_shadow_vertical_offset":4,"buttons_shadow_blur":5,"variant_pills_border_thickness":1,"variant_pills_border_opacity":55,"variant_pills_radius":40,"variant_pills_shadow_opacity":0,"variant_pills_shadow_horizontal_offset":0,"variant_pills_shadow_vertical_offset":4,"variant_pills_shadow_blur":5,"inputs_border_thickness":1,"inputs_border_opacity":55,"inputs_radius":0,"inputs_shadow_opacity":0,"inputs_shadow_horizontal_offset":0,"inputs_shadow_vertical_offset":4,"inputs_shadow_blur":5,"card_style":"standard","card_image_padding":0,"card_text_alignment":"left","card_color_scheme":"background-2","card_border_thickness":0,"card_border_opacity":10,"card_corner_radius":0,"card_shadow_opacity":0,"card_shadow_horizontal_offset":0,"card_shadow_vertical_offset":4,"card_shadow_blur":5,"collection_card_style":"standard","collection_card_image_padding":0,"collection_card_text_alignment":"left","collection_card_color_scheme":"background-2","collection_card_border_thickness":0,"collection_card_border_opacity":10,"collection_card_corner_radius":0,"collection_card_shadow_opacity":0,"collection_card_shadow_horizontal_offset":0,"collection_card_shadow_vertical_offset":4,"collection_card_shadow_blur":5,"blog_card_style":"standard","blog_card_image_padding":0,"blog_card_text_alignment":"left","blog_card_color_scheme":"background-2","blog_card_border_thickness":0,"blog_card_border_opacity":10,"blog_card_corner_radius":0,"blog_card_shadow_opacity":0,"blog_card_shadow_horizontal_offset":0,"blog_card_shadow_vertical_offset":4,"blog_card_shadow_blur":5,"text_boxes_border_thickness":0,"text_boxes_border_opacity":10,"text_boxes_radius":0,"text_boxes_shadow_opacity":0,"text_boxes_shadow_horizontal_offset":0,"text_boxes_shadow_vertical_offset":4,"text_boxes_shadow_blur":5,"media_border_thickness":1,"media_border_opacity":5,"media_radius":0,"media_shadow_opacity":0,"media_shadow_horizontal_offset":0,"media_shadow_vertical_offset":4,"media_shadow_blur":5,"popup_border_thickness":1,"popup_border_opacity":10,"popup_corner_radius":0,"popup_shadow_opacity":5,"popup_shadow_horizontal_offset":0,"popup_shadow_vertical_offset":4,"popup_shadow_blur":5,"drawer_border_thickness":1,"drawer_border_opacity":10,"drawer_shadow_opacity":0,"drawer_shadow_horizontal_offset":0,"drawer_shadow_vertical_offset":4,"drawer_shadow_blur":5,"badge_position":"bottom left","badge_corner_radius":40,"sale_badge_color_scheme":"accent-2","sold_out_badge_color_scheme":"inverse","brand_headline":"","brand_description":"<p><\/p>","brand_image_width":100,"social_twitter_link":"","social_facebook_link":"","social_pinterest_link":"","social_instagram_link":"","social_tiktok_link":"","social_tumblr_link":"","social_snapchat_link":"","social_youtube_link":"","social_vimeo_link":"","predictive_search_enabled":true,"predictive_search_show_vendor":false,"predictive_search_show_price":false,"currency_code_enabled":true,"cart_type":"notification","show_vendor":false,"show_cart_note":false,"cart_drawer_collection":"","cart_color_scheme":"background-1","sections":{"main-password-header":{"type":"main-password-header","settings":{"color_scheme":"background-1"}},"main-password-footer":{"type":"main-password-footer","settings":{"color_scheme":"background-1"}}}}}}