{"current":{"favicon":"shopify:\/\/shop_images\/Raj3een_Favicon_be2f4cf1-e0e4-456e-8b1b-8ce54a22e585.png","container_width":1200,"container_fluid_width":1420,"container_fluid_offset":65,"type_base_font":"roboto_condensed_n4","use_custom_font_body":true,"custom_body_font":"https:\/\/cdn.shopify.com\/s\/files\/1\/0147\/0962\/0800\/files\/Gordita-Medium.ttf?v=1623637349@500\nhttps:\/\/cdn.shopify.com\/s\/files\/1\/0147\/0962\/0800\/files\/Gordita-Regular.ttf?v=1623637349@400\nhttps:\/\/cdn.shopify.com\/s\/files\/1\/0147\/0962\/0800\/files\/Gordita-Bold.ttf?v=1623637349@700","custom_body_weight":"500","type_base_size":14,"type_base_line_height":26,"type_header_font":"roboto_condensed_n7","use_custom_font_heading":true,"custom_heading_font":"https:\/\/cdn.shopify.com\/s\/files\/1\/0147\/0962\/0800\/files\/Gordita-Medium.ttf?v=1623637349@500\nhttps:\/\/cdn.shopify.com\/s\/files\/1\/0147\/0962\/0800\/files\/Gordita-Regular.ttf?v=1623637349@400\nhttps:\/\/cdn.shopify.com\/s\/files\/1\/0147\/0962\/0800\/files\/Gordita-Bold.ttf?v=1623637349@700","custom_heading_weight":"500","h1_font_size":56,"h2_font_size":40,"type_header_base_size":36,"btn_uppercase_text":true,"btn_base_size":14,"btn_letter_spacing":1,"btn_border_radius":0,"btn_line_height":28,"btn_weight":"500","inputs_border_radius":0,"img_overlay_opacity":20,"spacing_sections":30,"spacing_sections_mobile":0,"animations":"fade-in-up","pcard_layout":"1","pcard_alignment":"left","pcard_image_ratio":"3\/4","pcard_option_name":"Color","show_compare_button":false,"show_review_badge":true,"show_badge_sale":true,"show_vendor":false,"pcard_show_lowest_prices":false,"article_show_date":false,"article_show_excerpt":true,"article_show_button":true,"variant_option_design_default":"color","variant_option_design1":"button","variant_option_design2":"color","variant_option_display_name2":"","variant_option_design3":"color","variant_option_title5":"Style","variant_option_design5":"image","product_colors":"red: #FF6961,\nyellow: #FDDA76,\nblack: #000000,\nblack band: #000000,\nblue: #8DB4D2,\ngreen: #C1E1C1,\npurple: #B19CD9,\nwhite: #FFFFFF,\nbrown: #836953,\nSliver: #C0C0C0,\nlight brown: #B5651D,\ndark turquoise: #23cddc,\norange: #FFB347,\ntan: #E9D1BF,\nviolet: #B490B0,\npink: #FFD1DC,\ngrey: #E0E0E0,\nsky: #96BDC6,\npale leaf: #CCD4BF,\nlight blue: #b1c5d4,\ndark grey: #aca69f,\nbeige: #EBE6DB,\nbeige band: #EED9C4,\ndark blue: #063e66,\ncream: #F1F2E2,\nlight pink: #FBCFCD,\nmint: #bedce3,\ndark gray: #3A3B3C,\nrosy brown: #c4a287,\nlight grey:#D3D3D3,\ncopper: #B87333,\nrose gold: #ECC5C0,\nnight blue: #151B54,\ncoral: #FF7F50,\nlight purple: #C6AEC7,\nivy green: #5b7763,\nsand: #f2d2a9,\npale grey: #878785,\nlead: #6c6b6c,\nheathered cashew: #bdb59f,\ncoca: #c7babd,\nheathered oat: #d3c1aa,\njean blue: #515d6d,\npelican: #e1d6c5,\ntoasted coconut: #9c7b58,\nnavy: #484d5b,\nheathered blue: #3c3c3c,\nheathered green: #534d36,\nheathered grey: #555c62,\nkalamata: #808487,\nslate grey: #484d5b,\ncharcoal: #8b8b8b,\nheathered charcoal: #8b8b8b,\nblack dresss: #000000,\nwhite dress: #ffffff,\npalestine flag color: #008000,\nbrown and gold: #d19c00,\nbrown and red: #d12000,\nblack and green: #009200,\ngold and green: #6def00,\npink and purple: #c865e0,\nblack and red: #920000,\ngreen and red: #056608,\nGold Plated: #FFD700,\nFrench Navy: #022658,\nDark Heather Grey: #4F4F4F,\nAnthracite: #252729,\nCardinal: #c41e3a,\nIrish Green: #00985A,\nAzalea: #F1B2E1,\nCarolina Blue: #56a0d3,\nNatural: #E1D5C9,\nAsh: #AEB1B0,\nCobalt: #0047ab,\nAthletic Heather: #acb1a6,\nRoyal: #4169E1,\nDark Heather: #3F4443,","filter_color1":"Gingham","filter_color2":"flannel","filter_color3":"floral","filter_color4":"Threads Trim","filter_color5":"Balls Trim","filter_color6":"Design 1","filter_color7":"Design 2","filter_color8":"Design 3","filter_color9":"Silver","low_inventory_threshold":10,"inventory_visibility":"low_inventory","show_inventory_count":"low_inventory","share_facebook":true,"share_pinterest":true,"social_twitter_link":"","social_twitter_label":"","social_facebook_link":"https:\/\/www.facebook.com\/pg\/RAJAEENp\/","social_facebook_label":"300k Followers","social_pinterest_link":"https:\/\/www.pinterest.com\/RAJAEEN1\/","social_pinterest_label":"Pinterest","social_instagram_link":"https:\/\/www.instagram.com\/rajaeen1\/","social_instagram_label":"100k Followers","social_snapchat_link":"","social_youtube_link":"","social_tiktok_link":"","discount_code_enable":true,"cart_estimate_shipping":true,"show_delivery_days":true,"wishlist_page":"wishlist","product_compare_page":"product-compare","agree_text":"<p>I agree with the <a href=\"\/policies\/terms-of-service\" target=\"_blank\" title=\"Terms of Service\">Terms & conditions<\/a><\/p>","show_cookie_consent":true,"cookie_design_mode":true,"cookie_consent_placement":"bottom","cookie_consent_theme":"black","instagram_token":"IGQWRQZAmo2M2hvX2RDQy1TamhMbGswME5LLUVnNkVoQ05FdU5XQ08xY3dQN0xXU0xPUW9GOGVoT05NU25VVWxUZA19xdjcwaE85WHVfU2V2LV9UYXBHbDBKM3ZAVTUhIVndKSG5HRG5LckxyM1J1bzNHVjE3c2JEb28ZD","custom_css":".m-topbar a[href*=\"pinterest\"],\n.m-topbar a[href*=\"twitter\"], .m-topbar a[href*=\"snapchat\"], .m-topbar a[href*=\"youtube\"],.m-topbar a[href*=\"tiktok\"]  {\n\tdisplay: none;\n}\nbody .m-product-card__tag-name {\n  font-size: 12px;\n  font-weight: 500;\n  text-transform: capitalize;\n  padding: 4px 10px;\n  border-radius: 40px;\n}\n.m-icon-box--small {\n  border-top: 1px solid rgb(var(--color-border));\n}\n.m-icon-box--small .m-icon-box__heading {\n  line-height: 26px;\n  font-size: 18px;\n  margin-bottom: 6px;\n}\nbody .m-footer--block .social-media-links {\n  gap: 12px;\n  margin: 0;\n  padding: 5px 0;\n}\n\nbody .m-footer--block .social-media-links a {\n  color: #222;\n  width: 48px;\n  height: 48px;\n  padding: 0;\n  display: inline-flex;\n  align-items: center;\n  justify-content: center;\n  border-radius: 50%;\n  background-color: #E9E9E9;\n  transition: all .3s;\n}\n\nbody .m-footer--block .social-media-links a:hover {\n  background-color: #222;\n  color: #fff;\n  box-shadow: 0 0 0 0.2rem #222;\n}\n@media screen and (min-width: 1280px) {\n  .m-custom-collection-list .m-collection-card__image {\n    width: 150px;\n    height: 150px;\n    margin: 0 auto;\n  }\n}","review_app":"judge","currency_code_enabled":false,"enable_page_transition":true,"show_variant_swatch_image":true,"use_theme_currencies":true,"theme_currencies":"USD | EUR | GBP | VND","content_for_index":[],"blocks":{"6868439170666289573":{"type":"shopify:\/\/apps\/foxkit-sales-boost\/blocks\/foxkit-theme-helper\/13f41957-6b79-47c1-99a2-e52431f06fff","disabled":false,"settings":{"enable_ajax_atc":true}},"14060646107696862457":{"type":"shopify:\/\/apps\/judge-me-reviews\/blocks\/judgeme_core\/61ccd3b1-a9f2-4160-9fe9-4fec8413e5d8","disabled":false,"settings":{}},"12120936241911852800":{"type":"shopify:\/\/apps\/judge-me-reviews\/blocks\/reviews_tab\/61ccd3b1-a9f2-4160-9fe9-4fec8413e5d8","disabled":false,"settings":{"position":"right"}},"15683396631634586217":{"type":"shopify:\/\/apps\/inbox\/blocks\/chat\/841fc607-4181-4ad1-842d-e24d7f8bad6b","disabled":false,"settings":{"button_color":"#000000","secondary_color":"#FFFFFF","ternary_color":"#6A6A6A","button_icon":"chat_bubble","button_text":"chat_with_us","button_horizontal_position":"bottom_right","button_vertical_position":"lowest","greeting_message":""}},"246135896087123374":{"type":"shopify:\/\/apps\/1clickpopup\/blocks\/main\/233742b9-16cb-4f75-9de7-3fe92c29fdff","disabled":false,"settings":{}}},"color_schemes":{"default":{"settings":{"background":"#ffffff","background_secondary":"#f5f5f5","background_gradient":"","text":"#222222","subtext":"#666666","heading_text":"#222222","button":"#000000","button_label":"#ffffff","outline_button_label":"#000000","button_hover":"#222222","button_text_hover":"#ffffff","price_sale":"#e84e4e","price_regular":"#000000","form_field":"#ffffff","form_field_label":"#000000","tooltip":"#222222","tooltip_label":"#ffffff","border":"#eeeeee"}},"dark":{"settings":{"background":"#000000","background_secondary":"#f5f5f5","background_gradient":"","text":"#ffffff","subtext":"#ffffff","heading_text":"#ffffff","button":"#ffffff","button_label":"#222222","outline_button_label":"#ffffff","button_hover":"#ffffff","button_text_hover":"#222222","price_sale":"#e84e4e","price_regular":"#ffffff","form_field":"#ffffff","form_field_label":"#222222","tooltip":"#ffffff","tooltip_label":"#222222","border":"#4b4b4b"}},"footer":{"settings":{"background":"#f5f5f5","background_secondary":"#f5f5f5","background_gradient":"","text":"#000000","subtext":"#666666","heading_text":"#222222","button":"#222222","button_label":"#ffffff","outline_button_label":"#222222","button_hover":"#222222","button_text_hover":"#ffffff","price_sale":"#e84e4e","price_regular":"#000000","form_field":"#ffffff","form_field_label":"#000000","tooltip":"#222222","tooltip_label":"#ffffff","border":"#dedede"}},"badge-hot":{"settings":{"background":"#9a84c8","background_secondary":"#f5f5f5","background_gradient":"","text":"#ffffff","subtext":"#ffffff","heading_text":"#ffffff","button":"#ffffff","button_label":"#222222","outline_button_label":"#ffffff","button_hover":"#ffffff","button_text_hover":"#222222","price_sale":"#ffffff","price_regular":"#ffffff","form_field":"#ffffff","form_field_label":"#000000","tooltip":"#ffffff","tooltip_label":"#222222","border":"#dedede"}},"badge-new":{"settings":{"background":"#49a594","background_secondary":"#f5f5f5","background_gradient":"","text":"#ffffff","subtext":"#ffffff","heading_text":"#ffffff","button":"#ffffff","button_label":"#222222","outline_button_label":"#ffffff","button_hover":"#ffffff","button_text_hover":"#222222","price_sale":"#ffffff","price_regular":"#ffffff","form_field":"#ffffff","form_field_label":"#000000","tooltip":"#ffffff","tooltip_label":"#222222","border":"#dedede"}},"badge-sale":{"settings":{"background":"#da3f3f","background_secondary":"#f5f5f5","background_gradient":"","text":"#ffffff","subtext":"#ffffff","heading_text":"#ffffff","button":"#ffffff","button_label":"#222222","outline_button_label":"#ffffff","button_hover":"#ffffff","button_text_hover":"#222222","price_sale":"#ffffff","price_regular":"#ffffff","form_field":"#ffffff","form_field_label":"#000000","tooltip":"#ffffff","tooltip_label":"#222222","border":"#dedede"}},"scheme-cee058e4-58e3-46aa-9af9-219dadc79066":{"settings":{"background":"#f4f4f4","background_secondary":"#f5f5f5","background_gradient":"","text":"#222222","subtext":"#666666","heading_text":"#222222","button":"#000000","button_label":"#ffffff","outline_button_label":"#000000","button_hover":"#222222","button_text_hover":"#ffffff","price_sale":"#e84e4e","price_regular":"#000000","form_field":"#f2f2f2","form_field_label":"#000000","tooltip":"#222222","tooltip_label":"#ffffff","border":"#eeeeee"}},"scheme-09e5b5b4-774c-4b6c-8025-416ced49cc74":{"settings":{"background":"#dff8ef","background_secondary":"#f5f5f5","background_gradient":"","text":"#222222","subtext":"#666666","heading_text":"#222222","button":"#000000","button_label":"#ffffff","outline_button_label":"#000000","button_hover":"#222222","button_text_hover":"#ffffff","price_sale":"#e84e4e","price_regular":"#000000","form_field":"#ffffff","form_field_label":"#000000","tooltip":"#222222","tooltip_label":"#ffffff","border":"#eeeeee"}},"scheme-970aa502-2168-408a-8a85-585f5e9352c0":{"settings":{"background":"#cfddff","background_secondary":"#f5f5f5","background_gradient":"","text":"#222222","subtext":"#666666","heading_text":"#222222","button":"#000000","button_label":"#ffffff","outline_button_label":"#000000","button_hover":"#222222","button_text_hover":"#ffffff","price_sale":"#e84e4e","price_regular":"#000000","form_field":"#ffffff","form_field_label":"#000000","tooltip":"#222222","tooltip_label":"#ffffff","border":"#eeeeee"}}}},"platform_customizations":{"custom_css":[".m-section__subheading,.m-richtext__subtitle {font-weight: 500; font-size: 18px;}",".m-section__header {--m-section-header-spacing-bottom: 40px;}",".m-button--link {--btn-link-border: 1px;}",".sf__page-about .sf__about-block {margin-top: 50px; margin-bottom: 0px;}",".sf__page-about .about__block-heading {margin-bottom: 0px;}",".sf__page-about .sf__about-block.sf__about-block-text-2 {margin-bottom: 50px;}"]}}