{"sections":{"cart-items":{"type":"main-cart-items","settings":{"color_scheme":"scheme-1","padding_top":0,"padding_bottom":24}},"cart-footer":{"type":"main-cart-footer","blocks":{"subtotal":{"type":"subtotal","settings":{}},"buttons":{"type":"buttons","settings":{}}},"block_order":["subtotal","buttons"],"settings":{"color_scheme":"scheme-1","padding_top":20,"padding_bottom":40}},"1712001341ea9df674":{"type":"apps","blocks":{"rebuy_personalization_engine_rebuy_widget_U6yURX":{"type":"shopify:\/\/apps\/rebuy-personalization-engine\/blocks\/rebuy-widget\/a26ae9b9-933b-40bf-bbc6-bf1220bbc4dc","settings":{"enabled":true,"id":"","product_id_enabled":true,"collection_id_enabled":false}}},"block_order":["rebuy_personalization_engine_rebuy_widget_U6yURX"],"settings":{"include_margins":true}}},"order":["cart-items","cart-footer","1712001341ea9df674"]}