{"sections":{"main-collection-banner":{"type":"main-collection-banner","settings":{"show_collection_description":true,"show_collection_image":true,"color_scheme":"scheme-1"}},"main-collection-product-grid":{"type":"main-collection-product-grid","settings":{"products_per_page":20,"columns_desktop":4,"color_scheme":"scheme-1","image_ratio":"square","image_shape":"default","show_secondary_image":true,"show_vendor":false,"show_rating":false,"enable_quick_add":true,"enable_filtering":false,"filter_type":"vertical","enable_sorting":true,"columns_mobile":"2","padding_top":0,"padding_bottom":68}},"1709094426e380e312":{"type":"apps","settings":{"include_margins":true}}},"order":["main-collection-banner","main-collection-product-grid","1709094426e380e312"]}