{"sections":{"slideshow_Hx3k8Y":{"type":"slideshow","blocks":{"slide_H7WPCy":{"type":"slide","settings":{"image":"shopify:\/\/shop_images\/1621495753232_1.jpg","heading":"The Best Solar Lights For Your Home & Garden","heading_size":"h1","subheading":"Make the neighbors jealous with a stunning range of long lasting solar home & garden lights, on sale now!","button_label":"Shop Our Sale","link":"shopify:\/\/collections\/best-sellers","button_style_secondary":false,"box_align":"middle-left","show_text_box":false,"text_alignment":"left","image_overlay_opacity":10,"color_scheme":"scheme-3","text_alignment_mobile":"center"}}},"block_order":["slide_H7WPCy"],"settings":{"layout":"full_bleed","slide_height":"medium","slider_visual":"counter","auto_rotate":false,"change_slides_speed":5,"image_behavior":"none","show_text_below":true,"accessibility_info":"Slideshow about our brand"}},"170907171480d89f9b":{"type":"apps","blocks":{"essential_trust_badges_app_block_Jf4hpe":{"type":"shopify:\/\/apps\/essential-trust-badges\/blocks\/app-block\/0ff65b25-07e1-408e-950f-f54dd3d1751b","settings":{"banner_display":"single","banner_id":"53d9596d-0ea1-404a-b22f-5040bdca2d4f"}}},"block_order":["essential_trust_badges_app_block_Jf4hpe"],"settings":{"include_margins":true}},"featured-collection":{"type":"featured-collection","settings":{"title":"Shop Our Best Sellers","heading_size":"h1","description":"","show_description":false,"description_style":"body","collection":"best-sellers","products_to_show":8,"columns_desktop":4,"full_width":false,"show_view_all":true,"view_all_style":"solid","enable_desktop_slider":false,"color_scheme":"scheme-f9e21003-64ac-4857-9f32-a726c4136266","image_ratio":"adapt","image_shape":"default","show_secondary_image":true,"show_vendor":false,"show_rating":false,"enable_quick_add":true,"columns_mobile":"2","swipe_on_mobile":false,"padding_top":24,"padding_bottom":68}},"170907199125d88a5d":{"type":"apps","blocks":{"judge_me_reviews_review_widget_homepage_X4xGrF":{"type":"shopify:\/\/apps\/judge-me-reviews\/blocks\/review_widget_homepage\/61ccd3b1-a9f2-4160-9fe9-4fec8413e5d8","settings":{"product":"solar-powered-up-down-wall-lamp"}}},"block_order":["judge_me_reviews_review_widget_homepage_X4xGrF"],"settings":{"include_margins":true}},"1709072274dce34544":{"type":"apps","settings":{"include_margins":true}},"collapsible_content_RLhULT":{"type":"collapsible-content","blocks":{"collapsible_row_D4JnPh":{"type":"collapsible_row","settings":{"heading":"Are Your Lights Weather Resistant?","icon":"lightning_bolt","row_content":"<p>Good question! <\/p><p>Yes, our solar lights are designed to withstand various weather conditions, and are all either IPF44 or IPF65 rated, which includes rain, snow, and minor temperature fluctuations, making them perfect for year-round use in the United States. They are built with high-quality materials and weather-resistant finishes to ensure durability and longevity, even in challenging environments.<\/p>","page":""}},"collapsible_row_VMHiTC":{"type":"collapsible_row","settings":{"heading":"How Long Do Your Lights Last At Night?","icon":"stopwatch","row_content":"<p>It Depends!<\/p><p>The duration that our solar lights last each night depends on several factors, including the specific model, battery capacity, and the amount of sunlight received during the day. Generally, our solar lights can illuminate for about 6-8 hours after a full charge. Some models equipped with advanced battery technology and energy-efficient LEDs may last longer, ensuring your outdoor areas remain lit throughout the night.<\/p>","page":""}},"collapsible_row_Upc7jp":{"type":"collapsible_row","settings":{"heading":"How Can I Install & Maintain My Lights?","icon":"silhouette","row_content":"<p>Very Easily!<\/p><p>Installing our solar lights is straightforward and requires no wiring or electrical knowledge. Simply place or stake the lights in a location that receives direct sunlight for optimal charging. For maintenance, we recommend regularly cleaning the solar panels with a damp cloth to remove dust and debris, ensuring maximum efficiency. Also, it's a good idea to check and replace the rechargeable batteries as needed, typically every 1-2 years, to maintain optimal lighting performance.<\/p>","page":""}},"collapsible_row_hARbEm":{"type":"collapsible_row","settings":{"heading":"How Do These Lights Even Work?","icon":"fire","row_content":"<p>Happy to help!<\/p><p>Solar lights work by converting sunlight into electricity during the day through photovoltaic cells. This electricity is then stored in rechargeable batteries within the light. When it gets dark, the stored energy powers the LED bulbs in the light, illuminating your outdoor space. Our solar lights are designed to be self-sufficient, turning on automatically at dusk and off at dawn, providing a hassle-free lighting solution.<\/p>","page":""}}},"block_order":["collapsible_row_D4JnPh","collapsible_row_VMHiTC","collapsible_row_Upc7jp","collapsible_row_hARbEm"],"settings":{"caption":"","heading":"Sunlight Solutions: Your Solar Light FAQs","heading_size":"h1","heading_alignment":"center","layout":"none","color_scheme":"scheme-f9e21003-64ac-4857-9f32-a726c4136266","container_color_scheme":"scheme-f9e21003-64ac-4857-9f32-a726c4136266","open_first_collapsible_row":false,"image_ratio":"adapt","desktop_layout":"image_second","padding_top":36,"padding_bottom":36}}},"order":["slideshow_Hx3k8Y","170907171480d89f9b","featured-collection","170907199125d88a5d","1709072274dce34544","collapsible_content_RLhULT"]}