{"sections":{"main":{"type":"main-product","blocks":{"title":{"type":"title","settings":{}},"judge_me_reviews_preview_badge_693tA3":{"type":"shopify:\/\/apps\/judge-me-reviews\/blocks\/preview_badge\/61ccd3b1-a9f2-4160-9fe9-4fec8413e5d8","settings":{}},"price":{"type":"price","settings":{}},"variant_picker":{"type":"variant_picker","settings":{"picker_type":"dropdown","swatch_shape":"circle"}},"quantity_selector":{"type":"quantity_selector","settings":{}},"buy_buttons":{"type":"buy_buttons","settings":{"show_dynamic_checkout":true,"show_gift_card_recipient":true}},"icon_with_text_RVAKV9":{"type":"icon-with-text","settings":{"layout":"horizontal","icon_1":"truck","heading_1":"Fast Shipping","icon_2":"box","heading_2":"Hassle Free Returns","icon_3":"check_mark","heading_3":"Money Back Promise"}},"description":{"type":"description","settings":{}}},"block_order":["title","judge_me_reviews_preview_badge_693tA3","price","variant_picker","quantity_selector","buy_buttons","icon_with_text_RVAKV9","description"],"settings":{"enable_sticky_info":true,"color_scheme":"scheme-1","media_size":"medium","constrain_to_viewport":true,"media_fit":"contain","gallery_layout":"columns","media_position":"left","image_zoom":"none","mobile_thumbnails":"show","hide_variants":false,"enable_video_looping":false,"padding_top":24,"padding_bottom":24}},"related-products":{"type":"related-products","settings":{"heading":"You May Also Like","heading_size":"h2","products_to_show":4,"columns_desktop":4,"color_scheme":"scheme-f9e21003-64ac-4857-9f32-a726c4136266","image_ratio":"adapt","image_shape":"default","show_secondary_image":true,"show_vendor":false,"show_rating":false,"columns_mobile":"2","padding_top":36,"padding_bottom":68}},"17090739206722c183":{"type":"apps","blocks":{"judge_me_reviews_review_widget_ifxpmD":{"type":"shopify:\/\/apps\/judge-me-reviews\/blocks\/review_widget\/61ccd3b1-a9f2-4160-9fe9-4fec8413e5d8","settings":{}}},"block_order":["judge_me_reviews_review_widget_ifxpmD"],"settings":{"include_margins":true}}},"order":["main","related-products","17090739206722c183"]}