{"sections":{"rich_text_mBMxTa":{"type":"rich-text","blocks":{"heading_BWL79U":{"type":"heading","settings":{"heading":"<h1><strong>The Walkway Blog<\/strong><\/h1>","heading_size":"h1"}},"text_NVDBnk":{"type":"text","settings":{"text":"<p>Trends, insights, and stylish tips on footwear fashion.<\/p>"}}},"block_order":["heading_BWL79U","text_NVDBnk"],"settings":{"desktop_content_position":"center","content_alignment":"center","color_scheme":"","full_width":true,"padding_top":100,"padding_bottom":100}},"main":{"type":"main-blog","disabled":true,"settings":{"layout":"collage","show_image":true,"image_height":"medium","show_date":true,"show_author":false,"padding_top":36,"padding_bottom":36}},"featured_blog_beqHLT":{"type":"featured-blog","settings":{"heading":"","heading_size":"h1","blog":"","post_limit":3,"columns_desktop":3,"color_scheme":"scheme-47115dea-f6a5-447e-af6d-8dac2c79f5aa","show_image":true,"show_date":true,"show_author":false,"show_view_all":true,"padding_top":36,"padding_bottom":36}}},"order":["rich_text_mBMxTa","main","featured_blog_beqHLT"]}