{"sections":{"image_banner_6ad9W8":{"type":"image-banner-collection","blocks":{"heading_QbwdFE":{"type":"heading","settings":{"heading":"<strong>Women's Shoes<\/strong>","heading_size":"h1"}}},"block_order":["heading_QbwdFE"],"settings":{"image":"shopify:\/\/shop_images\/women_collection_header_20240716.jpg","image_overlay_opacity":0,"image_height":"adapt","desktop_content_position":"middle-center","show_text_box":false,"desktop_content_alignment":"center","color_scheme":"accent-2","image_behavior":"none","mobile_content_alignment":"center","stack_images_on_mobile":false,"show_text_below":false,"mainblocks":false}},"rich_text_aAH4bY":{"type":"rich-text","blocks":{"heading_87GjkW":{"type":"heading","disabled":true,"settings":{"heading":"<h1><strong>Collections<\/strong><\/h1>","heading_size":"h1"}}},"block_order":["heading_87GjkW"],"disabled":true,"settings":{"desktop_content_position":"center","content_alignment":"center","color_scheme":"","full_width":true,"padding_top":28,"padding_bottom":4}},"banner":{"type":"main-collection-banner","disabled":true,"settings":{"show_collection_description":true,"show_collection_image":false,"color_scheme":"background-1"}},"product-grid":{"type":"theese-main-collection-grid-full","settings":{"mainblocks_full":true,"mainblocks":true,"products_per_page":50,"columns_desktop":3,"color_scheme":"background-1","image_ratio":"square","image_shape":"default","show_secondary_image":true,"show_vendor":false,"show_rating":true,"enable_quick_add":true,"enable_filtering":true,"filter_type":"horizontal","enable_sorting":true,"columns_mobile":"2","padding_top":36,"padding_bottom":36,"tab_01title":"Women","tab_02title":"Men","toggle_color_bg":"#e4e9e8","toggle_color_tx":"#03302d","toggle_color_bg_a":"#03302d","toggle_color_tx_a":"#ffffff","toggle_color_txt":"14px","quickview":true}},"collection_featured_grid_yPFGUr":{"type":"collection-featured-grid","blocks":{"collection_grid_DRaVpw":{"type":"collection_grid","settings":{"title":"Men","image":"shopify:\/\/shop_images\/2cc986c0-b4de-4e6e-a8f0-a5cc79dc47c4_1920x_b265ea71-4602-4eeb-9b94-8711fbf323b0.webp","link":""}},"collection_grid_4ntpbi":{"type":"collection_grid","settings":{"title":"Women","image":"shopify:\/\/shop_images\/MensShoes_Header.jpg","link":""}},"collection_grid_WDfx66":{"type":"collection_grid","settings":{"title":"Good for all weather","link":""}},"collection_grid_cYHNyF":{"type":"collection_grid","settings":{"title":"Best in the business","link":""}}},"block_order":["collection_grid_DRaVpw","collection_grid_4ntpbi","collection_grid_WDfx66","collection_grid_cYHNyF"],"disabled":true,"settings":{"section_color":"#f5f5f5","collection_color":"#ffffff","title":"Why Weartheese?"}},"custom_featured_collection_bfmkcf":{"type":"custom-featured-collection","disabled":true,"settings":{"title":"Best Sellers","margin_top":30,"margin_bottom":30,"collection":"men","desktop_limit":4,"mobile_limit":2,"show_title":true,"show_price":true}}},"order":["image_banner_6ad9W8","rich_text_aAH4bY","banner","product-grid","collection_featured_grid_yPFGUr","custom_featured_collection_bfmkcf"]}