{"sections":{"banner":{"type":"main-collection-banner","disabled":true,"settings":{"show_collection_description":true,"show_collection_image":false,"color_scheme":"background-1"}},"image_banner_agWfdG":{"type":"image-banner","blocks":{"heading_fRidrH":{"type":"heading","settings":{"heading":"Men's Waterproof Shoes","heading_size":"h1"}}},"block_order":["heading_fRidrH"],"settings":{"image":"shopify:\/\/shop_images\/2000x450-MensShoes_Header.png","image_overlay_opacity":0,"image_height":"adapt","desktop_content_position":"middle-center","show_text_box":false,"desktop_content_alignment":"center","color_scheme":"scheme-ae78d2c3-0e6c-40b5-9c53-4e55e8710738","image_behavior":"none","mobile_content_alignment":"center","stack_images_on_mobile":true,"show_text_below":false}},"product-grid":{"type":"main-collection-product-grid","blocks":{"story_card_JGH3L6":{"type":"story_card","settings":{"position":1,"title":"Weather the Storm","description":"Thunder-inspired, water-repellent wool Mizzles for keeping dry.","background_image":"shopify:\/\/shop_images\/story1.jpg","button_label_1":"SHOP MEN","button_link_1":"","button_label_2":"SHOP WOMEN","button_link_2":""}},"story_card_xjt346":{"type":"story_card","settings":{"position":4,"title":"The Shade of Things To Come","description":"New colors in the Tree Dasher 2 made for celebrating new beginnings.","background_image":"shopify:\/\/shop_images\/story2.jpg","button_label_1":"SHOP MEN","button_link_1":"","button_label_2":"SHOP WOMEN","button_link_2":""}}},"block_order":["story_card_JGH3L6","story_card_xjt346"],"settings":{"products_per_page":8,"columns_desktop":3,"color_scheme":"background-1","image_ratio":"adapt","image_shape":"default","show_secondary_image":false,"show_vendor":false,"show_rating":false,"enable_quick_add":false,"enable_filtering":true,"filter_type":"vertical","enable_sorting":false,"columns_mobile":"2","padding_top":36,"padding_bottom":36}},"custom_featured_collection_DjyQpP":{"type":"custom-featured-collection","settings":{"title":"Best of Weartheese","margin_top":40,"margin_bottom":40,"collection":"all","desktop_limit":4,"mobile_limit":2,"show_title":true,"show_price":true}},"collection_featured_grid_ndLDAB":{"type":"collection-featured-grid","settings":{"section_color":"#f5f5f5","collection_color":"#ffffff"}},"collection_description_GNaiQk":{"type":"collection-description","settings":{}},"collection_collapsible_section_c8HkBC":{"type":"collection-collapsible-section","blocks":{"collapsible_row_pb66KC":{"type":"collapsible_row","settings":{"heading":"HOW LONG SHOULD EVERYDAY SHOES LAST?","icon":"none","row_content":"<p>As a general rule of thumb, everyday shoes should be replaced every 9-12 months or when they start showing signs of wear and tear.<\/p><p><br\/>Because we want you to wear your Allbirds for a long time and reduce the waste that comes with replacing shoes needlessly, replacing the insoles can extend the life of the shoe and keep them feeling cushy and comfortable. Try Allbirds’ <a href=\"https:\/\/www.allbirds.com\/collections\/mens-insoles\">premium, high-cushion insoles<\/a>, lined with our Merino wool. If your laces are giving out on you, you can also pick up new replacement laces, which are made with post-consumer plastic bottles. (One pair of shoelaces equals 1 recycled water bottle!) <a href=\"https:\/\/www.allbirds.com\/pages\/how-to-wash-running-shoes\">Learn more about proper care for your Allbirds shoes here.<\/a><\/p>","page":""}},"collapsible_row_hJEWCi":{"type":"collapsible_row","settings":{"heading":"HOW OFTEN SHOULD YOU BUY NEW WALKING SHOES?","icon":"none","row_content":"<p>If you spend 30 minutes a day walking — which averages to around 3-4 hours weekly — it's advisable to replace your shoes every 9-12 months. On the other hand, if you walk for 60 minutes daily or roughly 7 hours per week, it's recommended to change your shoes more often.<\/p>","page":""}},"collapsible_row_VywLpj":{"type":"collapsible_row","settings":{"heading":"IS IT BETTER TO BUY SHOES BIGGER OR SMALLER?","icon":"none","row_content":"<p>There should be roughly half an inch of space between your longest toe and the shoe's front. Going for a shoe that is slightly bigger than your foot allows for improved circulation and reduces swelling. Plus, no one wants that pinched feeling on their toes!<\/p><p>If one foot is somewhat larger than the other, go with the larger size, and always take into account the type of socks you intend to wear with your shoes. <a href=\"https:\/\/www.allbirds.com\/pages\/size-guide\">See Size Chart<\/a><\/p>","page":""}}},"block_order":["collapsible_row_pb66KC","collapsible_row_hJEWCi","collapsible_row_VywLpj"],"settings":{"caption":"","heading":"","heading_size":"h1","heading_alignment":"center","layout":"none","color_scheme":"","container_color_scheme":"","open_first_collapsible_row":false,"image_ratio":"adapt","desktop_layout":"image_second","padding_top":56,"padding_bottom":56}},"approach_section_rzHRRH":{"type":"approach-section","blocks":{"approach_block_jLMjCQ":{"type":"approach_block","settings":{"title":"Wear-All-Day Comfort","description":"Lightweight, bouncy, and wildly comfortable, Weartheese shoes make any outing feel effortless. Slip in, lace up, or slide them on and enjoy the comfy support.","button_label":"Learn More","link":""}},"approach_block_gHwUJK":{"type":"approach_block","settings":{"title":"Sustainability In Every Step","description":"From materials to transport, we’re working to reduce our carbon footprint to near zero. Holding ourselves accountable and striving for climate goals isn’t a 30-year goal—it’s now.","button_label":"Learn More","link":""}},"approach_block_eaTjUU":{"type":"approach_block","settings":{"title":"Materials From The Earth","description":"We replace petroleum-based synthetics with natural alternatives wherever we can. Like using wool, tree fiber, and sugar cane. They’re soft, breathable, and better for the planet—win, win, win.","button_label":"Learn More","link":""}}},"block_order":["approach_block_jLMjCQ","approach_block_gHwUJK","approach_block_eaTjUU"],"settings":{"title":"The Weartheese Approach"}}},"order":["banner","image_banner_agWfdG","product-grid","custom_featured_collection_DjyQpP","collection_featured_grid_ndLDAB","collection_description_GNaiQk","collection_collapsible_section_c8HkBC","approach_section_rzHRRH"]}