{"sections":{"image_banner":{"type":"image-banner","blocks":{"heading":{"type":"heading","settings":{"heading":"<strong>The Ultimate Waterproof Shoe -|Stay Comfy and Dry|All Day Long<\/strong>","heading_size":"h2"}},"text_rAnpWi":{"type":"text","settings":{"text":"","text_style":"body"}},"buttons_3QiA6t":{"type":"buttons","settings":{"button_label_1":"Shop Men","button_link_1":"shopify:\/\/collections\/men","button_style_secondary_1":false,"button_label_2":"Shop Women","button_link_2":"shopify:\/\/collections\/women","button_style_secondary_2":false}}},"block_order":["heading","text_rAnpWi","buttons_3QiA6t"],"custom_css":[".banner__text.subtitle p {color: #ffffff; font-weight: 600;}",".button {background: #ffb824; border-radius: 45px !important; padding-left: 32px; padding-right: 32px;}",".button:hover {background: #f2f2f2; text-decoration: underline;}",".button::after,.button::before {display: none;}","@media (max-width: 767px) {.banner__content {min-height: 550px !important; align-items: end; } .banner__heading {font-size: 30px; }}"],"settings":{"image":"shopify:\/\/shop_images\/white-purpose-header2.jpg","video":"shopify:\/\/files\/videos\/THEESE_LANDSCAPE_16x9.mp4","video_show":true,"image_overlay_opacity":10,"image_height":"medium","desktop_content_position":"bottom-left","show_text_box":false,"desktop_content_alignment":"left","color_scheme":"inverse","image_behavior":"none","mobile_content_alignment":"left","stack_images_on_mobile":false,"show_text_below":false}},"desktop_mobile_banner_Hj8qkC":{"type":"Desktop-mobile-banner","blocks":{"heading_LKjV8d":{"type":"heading","settings":{"heading":"<strong>The Ultimate Waterproof Shoe -|Stay Comfy and Dry|All Day Long<\/strong>","heading_size":"h1"}},"text_FyY3FG":{"type":"text","disabled":true,"settings":{"text":"Give customers details about the banner image(s) or content on the template.","text_style":"body"}},"buttons_V7UwQz":{"type":"buttons","settings":{"button_label_1":"Shop Men","button_link_1":"shopify:\/\/collections\/men","button_style_secondary_1":false,"button_label_2":"Shop Women","button_link_2":"shopify:\/\/collections\/women","button_style_secondary_2":false}}},"block_order":["heading_LKjV8d","text_FyY3FG","buttons_V7UwQz"],"disabled":true,"custom_css":[".banner__text.subtitle p {color: #ffffff; font-weight: 600;}",".button {background: #ffb824; border-radius: 45px !important; padding-left: 32px; padding-right: 32px;}",".button:hover {background: #f2f2f2; text-decoration: underline;}",".button::after,.button::before {display: none;}","@media (min-width: 768px) {.banner__heading {text-align: left; }}","@media (max-width: 767px) {.banner__content {min-height: 400px !important; align-items: end; } .banner__heading {font-size: 26px; line-height: 1.3; }}"],"settings":{"image":"shopify:\/\/shop_images\/MOBILE_Active_Summer.jpg","image_2":"shopify:\/\/shop_images\/MOBILE_Active_Summer.jpg","image_overlay_opacity":0,"image_height":"adapt","desktop_content_position":"bottom-left","show_text_box":false,"desktop_content_alignment":"left","color_scheme":"scheme-22254822-dc08-4490-bf4b-e62eb856249b","image_behavior":"none","mobile_content_alignment":"center","stack_images_on_mobile":false,"show_text_below":false}},"multicolumn_7j489H":{"type":"multicolumn","blocks":{"column_y7PPxa":{"type":"column","settings":{"image":"shopify:\/\/shop_images\/icon_fully_waterproof.webp","title":"","text":"<h4><strong>Fully<br\/>Waterproof<\/strong><\/h4>","link_label":"","link":""}},"column_HGKYxN":{"type":"column","settings":{"image":"shopify:\/\/shop_images\/icon_comfortable_2x_notext_89ccebf8-d189-4e6b-a00f-cc5c7e472cea.png","title":"","text":"<h4><strong>All-day<br\/>Comfort<\/strong><\/h4>","link_label":"","link":""}},"column_ptktNN":{"type":"column","settings":{"image":"shopify:\/\/shop_images\/icon_heel_support_2x_no_text.png","title":"","text":"<h4><strong>Heel<br\/>Support<\/strong><\/h4>","link_label":"","link":""}},"column_dFyWcE":{"type":"column","settings":{"image":"shopify:\/\/shop_images\/shoe.webp","title":"","text":"<h4><strong>The Shoe for<br\/>All Seasons<\/strong><\/h4>","link_label":"","link":""}}},"block_order":["column_y7PPxa","column_HGKYxN","column_ptktNN","column_dFyWcE"],"custom_css":[],"settings":{"title":"","heading_size":"h2","image_width":"third","image_ratio":"adapt","columns_desktop":4,"column_alignment":"center","background_style":"none","button_label":"","button_link":"","color_scheme":"scheme-ae78d2c3-0e6c-40b5-9c53-4e55e8710738","columns_mobile":"2","swipe_on_mobile":false,"padding_top":36,"padding_bottom":36,"class":""}},"multicolumn_slider_FFLWyy":{"type":"multicolumn-slider","blocks":{"column_hhbjkB":{"type":"column","settings":{"title":"<strong>★★★★★<\/strong>","text":"<h3>Love Theese shoes! They are very comfortable, more so than other waterproof brands I’ve tried. Customer service was helpful in confirming my size, they shipped and arrived quickly. Looking forward to enjoying Theese shoes when the Vancouver rain comes!<br\/><br\/><strong>Laura M.<\/strong><\/h3>","link_label":"","link":"shopify:\/\/pages\/reviews-and-testimonials"}},"column_emJKAf":{"type":"column","settings":{"title":"<strong>★★★★★<\/strong>","text":"<h3>I don’t need to remember to wear rainboots and just wear this everyday. If it rain, it rains and I know my feet stays dry. I forget to bring my umbrella though.<br\/><br\/><strong>Celeste H.<\/strong><\/h3><h3><\/h3>","link_label":"","link":"shopify:\/\/pages\/reviews-and-testimonials"}},"column_Mjjwjh":{"type":"column","settings":{"title":"<strong>★★★★★<\/strong>","text":"<h3>\"Trying them on for the first time, this waterproof sneaker literally felt like I was walking on clouds! The cushioning is so soft and responsive yet still supportive.\"<br\/><br\/><strong>Gerald L.<\/strong><\/h3>","link_label":"","link":"shopify:\/\/pages\/reviews-and-testimonials"}},"column_gwPe6N":{"type":"column","settings":{"title":"<strong>★★★★★<\/strong>","text":"<h3>\"Theese are fantastic. I took them on a Seattle weekend visit, and of course it poured with rain all day - no problem, though!  I wore them all the time, my feet were 100% dry, and - Wow! so comfortable.\"<br\/><br\/><strong>Rich B.<\/strong><\/h3>","link_label":"","link":"shopify:\/\/pages\/reviews-and-testimonials"}},"column_mJKxQf":{"type":"column","settings":{"title":"<strong>★★★★★<\/strong>","text":"<h3>These shoes are incredible! They're super stylish, comfy right out of the box, and they look as sleek. Most of all, they're completely waterproof! I've tried them out in the rain and wet grass, and they really hold up. My socks stay dry, and I don't have to wear clunky rain boots. I'm really impressed.<br\/><br\/><strong>Marcella V.<\/strong><\/h3>","link_label":"","link":"shopify:\/\/pages\/reviews-and-testimonials"}},"column_a8L8r4":{"type":"column","settings":{"title":"<strong>★★★★★<\/strong>","text":"<h3>Love Theese - they're so comfy and go with everything. Don't have to stress about the rain anymore, they keep my feet comfy and dry no matter what. Total lifesaver!<br\/><br\/><strong>Abigail M.<\/strong><\/h3>","link_label":"","link":"shopify:\/\/pages\/reviews-and-testimonials"}}},"block_order":["column_hhbjkB","column_emJKAf","column_Mjjwjh","column_gwPe6N","column_mJKxQf","column_a8L8r4"],"custom_css":[".multicolumn-card {text-align: center;}",".multicolumn-card__info {padding: 0;}",".multicolumn-list__item {padding: 0 25px;}",".mySwiper {padding: 0 20px;}",".mySwiper .swiper-slide {padding: 40px 0;}","@media screen and (max-width: 749px) {.mySwiper {padding: 0 4px; }}",".inline-richtext {color: orange;}"],"settings":{"title":"","heading_size":"h1","image_width":"full","image_ratio":"adapt","columns_desktop":1,"column_alignment":"left","background_style":"none","button_label":"","button_link":"","color_scheme":"background-1","columns_mobile":"1","slider_loop":true,"slider_autoplay":true,"slider_arrow":true,"slider_dots":true,"padding_top":36,"padding_bottom":36}},"image_with_text_3nDCjC":{"type":"image-with-text","blocks":{"heading_Gq6BjQ":{"type":"heading","settings":{"heading":"100% Waterproof","heading2":"All Day Comfort","heading3":"Incredibly Lightweight","heading4":"All Season Fun","heading_size":"h2"}},"text_mqgYCw":{"type":"text","settings":{"text":"<p>Wind, rain, sand, mud has found their match!<\/p>","text2":"<p>Our cushioned midsole and AirCushion liner will keep you cozy all day long<\/p>","text3":"<p>Featherlight feel without compromising durability. All the bounce and resilience without the weight.<\/p>","text4":"<p>Ready, whenever wherever you are. Take them for a stroll--sunny, rainy, chilly, or breezy!<\/p>","text_style":"body"}}},"block_order":["heading_Gq6BjQ","text_mqgYCw"],"disabled":true,"custom_css":["@media screen and (max-width: 749px) {.image-with-text__media {display: none; }}"],"settings":{"image":"shopify:\/\/shop_images\/RM-00843-crop.jpg","featureheading":"Features","featureheading2":"","icon":"shopify:\/\/shop_images\/umbrella.png","icon2":"shopify:\/\/shop_images\/smiley.png","icon3":"shopify:\/\/shop_images\/leaf-fall.png","icon4":"shopify:\/\/shop_images\/leaves.png","iconwidth":50,"iconheight":50,"height":"medium","desktop_image_width":"medium","layout":"text_first","desktop_content_position":"top","desktop_content_alignment":"left","content_layout":"no-overlap","section_color_scheme":"background-1","color_scheme":"background-1","image_behavior":"none","mobile_content_alignment":"center","padding_top":36,"padding_bottom":36}},"rich_text_e7AWmb":{"type":"rich-text","blocks":{"heading_W6a9DD":{"type":"heading","settings":{"heading":"<h2><strong>Why THEESE?<\/strong><\/h2>","heading_size":"hxl"}},"heading_YnMTEr":{"type":"heading","disabled":true,"settings":{"heading":"<p>Features<\/p>","heading_size":"h1"}}},"block_order":["heading_W6a9DD","heading_YnMTEr"],"custom_css":["h2 {font-size: 36px;}"],"settings":{"desktop_content_position":"center","content_alignment":"center","color_scheme":"scheme-506cfe82-0541-43b7-a171-c09c2ea6a427","full_width":true,"padding_top":20,"padding_bottom":28}},"multirow_jK78Hc":{"type":"multirow","blocks":{"row_kYjzbU":{"type":"row","settings":{"image":"shopify:\/\/shop_images\/FL5A9783_sm.jpg","caption":"Permanent & Durable","heading":"<strong>Superior Waterproof<\/strong>","text":"<p>Our shoes are uniquely constructed to eliminate vulnerable holes and seams, ensuring<strong> 100% waterproof integrity <\/strong>and durability. Goodbye wet socks, hello dry comfort!<\/p>","button_label":"Explore Technology","button_link":"shopify:\/\/pages\/technology"}},"row_TywPnM":{"type":"row","settings":{"image":"shopify:\/\/shop_images\/unmatched_comfort.png","caption":"Lightweight Cushion","heading":"<strong>Unmatched Comfort<\/strong>","text":"<p>Ultra lightweight midsole provides exceptional bounce, cushioning, and shock absorption, ensuring <strong>all-day comfort<\/strong> that feels light years ahead.<\/p>","button_label":"Explore Technology","button_link":"shopify:\/\/pages\/technology"}},"row_rqige8":{"type":"row","settings":{"image":"shopify:\/\/shop_images\/confident_steps_expanded_left.png","caption":"Support & Custom Comfort","heading":"<strong>Heel & Ankle Stability<\/strong>","text":"<p>Shoes mold to your feet, providing <strong>excellent ankle and heel support, <\/strong>keeping your feet stable and secure with every step.<\/p>","button_label":"Explore Technology","button_link":"shopify:\/\/pages\/technology"}}},"block_order":["row_kYjzbU","row_TywPnM","row_rqige8"],"custom_css":[".button {background-color: #ffb824; font-weight: 700;}"],"settings":{"image_height":"medium","desktop_image_width":"medium","heading_size":"h1","text_style":"body","button_style":"primary","desktop_content_position":"middle","desktop_content_alignment":"left","image_layout":"alternate-left","section_color_scheme":"scheme-506cfe82-0541-43b7-a171-c09c2ea6a427","row_color_scheme":"scheme-506cfe82-0541-43b7-a171-c09c2ea6a427","mobile_content_alignment":"left","padding_top":0,"padding_bottom":36}},"multicolumn_tabchange_hXgxaJ":{"type":"multi-column-tab","blocks":{"column_xwkAKV":{"type":"column","settings":{"image":"shopify:\/\/shop_images\/FL5A0829_2_sm.jpg","title":"","text":"","link_label":"Shop Men","link":"https:\/\/weartheese.com\/products\/men-purpose?variant=48641896841519","link_label1":"Shop Women","link1":"https:\/\/weartheese.com\/products\/women-purpose?variant=48641898676527"}},"column_BebkYw":{"type":"column","settings":{"image":"shopify:\/\/shop_images\/FL5A0991_sm.jpg","title":"","text":"","link_label":"Shop Men","link":"https:\/\/weartheese.com\/products\/men-purpose?variant=48641896349999","link_label1":"Shop Women","link1":"https:\/\/weartheese.com\/products\/women-purpose?variant=48641898217775"}},"column_wpgjV9":{"type":"column","settings":{"image":"shopify:\/\/shop_images\/Purpose_Royal_Blue_8_Lifestyle.jpg","title":"","text":"","link_label":"Shop Men","link":"https:\/\/weartheese.com\/products\/men-purpose?variant=48641897070895","link_label1":"Shop Women","link1":"https:\/\/weartheese.com\/products\/women-purpose?variant=48641898905903"}},"column_FQraUz":{"type":"column","settings":{"image":"shopify:\/\/shop_images\/RM-01137-crop.jpg","title":"","text":"","link_label":"Shop Men","link":"https:\/\/weartheese.com\/products\/men-flowstate?variant=48641897300271","link_label1":"Shop Women","link1":"https:\/\/weartheese.com\/products\/women-flowstate?variant=48641899135279"}},"column_GL4RVc":{"type":"column","settings":{"image":"shopify:\/\/shop_images\/FL5A1124_sm.jpg","title":"","text":"","link_label":"Shop Men","link":"https:\/\/weartheese.com\/products\/men-flowstate?variant=48641897529647","link_label1":"Shop Women","link1":"https:\/\/weartheese.com\/products\/women-flowstate?variant=48641899397423"}},"column_iW6xVY":{"type":"column","settings":{"image":"shopify:\/\/shop_images\/RM-00725_sm.jpg","title":"","text":"","link_label":"Shop Men","link":"https:\/\/weartheese.com\/products\/men-flowstate?variant=48641897988399","link_label1":"Shop Women","link1":"https:\/\/weartheese.com\/products\/women-flowstate?variant=48641899921711"}},"column_KWEDFx":{"type":"column","settings":{"image":"shopify:\/\/shop_images\/RM-02271_sm.jpg","title":"","text":"","link_label":"Shop Men","link":"https:\/\/weartheese.com\/products\/men-purpose?variant=48641896612143","link_label1":"Shop Women","link1":"https:\/\/weartheese.com\/products\/women-purpose?variant=48641898447151"}},"column_KNCpde":{"type":"column","settings":{"image":"shopify:\/\/shop_images\/FL5A0921_sm.jpg","title":"","text":"","link_label":"Shop Men","link":"https:\/\/weartheese.com\/products\/men-flowstate?variant=48641897529647","link_label1":"Shop Women","link1":"https:\/\/weartheese.com\/products\/women-flowstate?variant=48641899430191"}},"column_NQpkFK":{"type":"column","settings":{"image":"shopify:\/\/shop_images\/RM-00468.jpg","title":"","text":"","link_label":"Shop Men","link":"https:\/\/weartheese.com\/products\/men-purpose?variant=48641896349999","link_label1":"Shop Women","link1":"https:\/\/weartheese.com\/products\/women-purpose?variant=48641898905903"}}},"block_order":["column_xwkAKV","column_BebkYw","column_wpgjV9","column_FQraUz","column_GL4RVc","column_iW6xVY","column_KWEDFx","column_KNCpde","column_NQpkFK"],"custom_css":[".btn-container a span.icon-wrap {display: none;}",".slider-buttons {display: none;}","@media (min-width: 750px) {.multicolumn-card__info {padding: 0 !important; }}"],"settings":{"title1":"THEESE","title2":"are for this.","heading_size":"h1","title_color1":"#03302d","title_color2":"#ffb824","image_width":"full","image_ratio":"square","columns_desktop":3,"column_alignment":"left","background_style":"primary","button_label":"","button_link":"","color_scheme":"scheme-2af00c36-f6c5-468a-8097-6e434044d715","columns_mobile":"1","swipe_on_mobile":true,"padding_top":36,"padding_bottom":56,"class":"multicolumn__tabs"}},"video_tTpLkg":{"type":"video","custom_css":[],"settings":{"heading":"<strong>THEESE in the Spotlight<\/strong>","heading_size":"h1","enable_video_looping":false,"video":"shopify:\/\/files\/videos\/THEESE001_Edit02_LANDSCAPE_THEESELaunch_UGC_180324_1.mp4","video_url":"https:\/\/www.youtube.com\/watch?v=_9VUPq3SxOc","description":"THEESE Interview","full_width":true,"color_scheme":"scheme-506cfe82-0541-43b7-a171-c09c2ea6a427","padding_top":36,"padding_bottom":36}},"rich_text_efnJmD":{"type":"rich-text","blocks":{"heading_dXJM3a":{"type":"heading","settings":{"heading":"<h1><strong>100% Waterproof Shoes<\/strong><\/h1>","heading_size":"h1"}}},"block_order":["heading_dXJM3a"],"settings":{"desktop_content_position":"center","content_alignment":"center","color_scheme":"background-2","full_width":true,"padding_top":8,"padding_bottom":0}},"advanced_multicolumn_M6eXY8":{"type":"advanced-multicolumn","blocks":{"column_TEmGCE":{"type":"column","settings":{"image":"shopify:\/\/shop_images\/img1.jpg","title1":"Find your","title2":"Flow State","text":"","link_label":"Shop Now","link":"https:\/\/weartheese.com\/products\/men-flowstate?variant=48641897300271"}},"column_dgCBVe":{"type":"column","settings":{"image":"shopify:\/\/shop_images\/img2.jpg","title1":"Live with","title2":"Purpose","text":"","link_label":"Shop Now","link":"https:\/\/weartheese.com\/products\/women-purpose?variant=48641898447151"}}},"block_order":["column_TEmGCE","column_dgCBVe"],"custom_css":["@media (min-width: 992px) {.multicolumn-list.grid {--grid-desktop-horizontal-spacing: 45px; }}"],"settings":{"title1":"","title2":"","heading_size":"h1","title_color1":"#03302d","title_color2":"#ffb824","image_width":"full","image_ratio":"adapt","columns_desktop":2,"title_color3":"#03302d","title_color4":"#ffb824","heading_size2":"h2","title_position":"top","title_font":"body","font_weight":"700","btn_style":"btn2","column_alignment":"center","background_style":"primary","column_bg":"#ffffff","button_label":"","button_link":"","color_scheme":"background-2","columns_mobile":"1","swipe_on_mobile":false,"padding_top":48,"padding_bottom":48}},"featured_blog_wkRKER":{"type":"featured-blog","disabled":true,"settings":{"heading":"Explore The World With THEESE","heading_size":"h1","blog":"the-walkway","post_limit":3,"columns_desktop":3,"color_scheme":"","show_image":true,"show_date":false,"show_author":false,"show_view_all":true,"padding_top":36,"padding_bottom":36}},"171298584275003f1d":{"type":"apps","blocks":{"junip_product_reviews_ugc_junip_review_carousel_T4WVMm":{"type":"shopify:\/\/apps\/junip-product-reviews-ugc\/blocks\/junip-review-carousel\/dc14f5a8-ed15-41b1-ad08-cfba23f9789b","settings":{"reviewsType":"product_reviews","product":"","showSummary":true,"title":"What about THEESE?","paddingTop":25,"paddingBottom":25,"containerClass":""}}},"block_order":["junip_product_reviews_ugc_junip_review_carousel_T4WVMm"],"disabled":true,"settings":{"include_margins":true}},"multi_column_tab_VTwgLY":{"type":"multi-column-tab","blocks":{"column_DLNAxj":{"type":"column","settings":{"image":"shopify:\/\/shop_images\/RM-01122_cr.jpg","title":"Who are THEESE?","text":"<p>The best waterproof shoes made by THEESE folks. How it all began and what we stand for.<\/p>","link_label":"About THEESE","link":"shopify:\/\/pages\/about","link_label1":"","link1":""}},"column_MbpDCF":{"type":"column","settings":{"image":"shopify:\/\/shop_images\/RM-01036.jpg","title":"Signature Technologies","text":"<p>Four signature technologies deliver pillowy softness and permanent waterproofing in every shoe. <strong>Our innovations deliver waterproof protection & comfort in motion.<\/strong><\/p>","link_label":"Explore Technology","link":"shopify:\/\/pages\/technology","link_label1":"","link1":""}},"column_iVMm4i":{"type":"column","settings":{"image":"shopify:\/\/shop_images\/2cc986c0-b4de-4e6e-a8f0-a5cc79dc47c4_1920x_b265ea71-4602-4eeb-9b94-8711fbf323b0.webp","title":"Eco-conscious Materials","text":"<p>Embrace the green life without compromising on style or quality with our products crafted from repurposed and recycled materials. Sustainable never looked so good! ♻️<\/p>","link_label":"Learn more","link":"shopify:\/\/pages\/about","link_label1":"","link1":""}}},"block_order":["column_DLNAxj","column_MbpDCF","column_iVMm4i"],"custom_css":[".multicolumn-card__info .icon-wrap {display: none;}"],"settings":{"title1":"Explore THEESE","title2":"","heading_size":"h1","title_color1":"#03302d","title_color2":"#ffb824","image_width":"full","image_ratio":"adapt","columns_desktop":3,"column_alignment":"left","background_style":"primary","button_label":"","button_link":"","color_scheme":"scheme-506cfe82-0541-43b7-a171-c09c2ea6a427","columns_mobile":"1","swipe_on_mobile":true,"padding_top":36,"padding_bottom":36,"class":"exploreWorld"}},"multicolumn_slider_JDNRpx":{"type":"multicolumn-slider","blocks":{"column_B6hffp":{"type":"column","settings":{"image":"shopify:\/\/shop_images\/Smartshoe_Digitsole_wearable-technology_dezeen_936_3_1920x_8fecd71b-a1f4-4b1b-8bde-856e6360925f.webp","title":"Our Technology","text":"<p>Pair text with an image to focus on your chosen product, collection, or blog post. Add details on availability, style, or even provide a review.<\/p>","link_label":"Read More","link":""}},"column_LURQtB":{"type":"column","settings":{"image":"shopify:\/\/shop_images\/Sustainable-Shoe-Brands_1920x_67ea5d21-a6a8-40a3-8218-d90517617c9b.webp","title":"Sustainability","text":"<p>Pair text with an image to focus on your chosen product, collection, or blog post. Add details on availability, style, or even provide a review.<\/p>","link_label":"Read More","link":""}},"column_BGLKzp":{"type":"column","settings":{"image":"shopify:\/\/shop_images\/2cc986c0-b4de-4e6e-a8f0-a5cc79dc47c4_1920x_b265ea71-4602-4eeb-9b94-8711fbf323b0.webp","title":"Sustainability","text":"<p>Pair text with an image to focus on your chosen product, collection, or blog post. Add details on availability, style, or even provide a review.<\/p>","link_label":"Read More","link":""}}},"block_order":["column_B6hffp","column_LURQtB","column_BGLKzp"],"disabled":true,"custom_css":[],"settings":{"title":"<strong>Explore The World With THEESE<\/strong>","heading_size":"h1","image_width":"full","image_ratio":"adapt","columns_desktop":3,"column_alignment":"left","background_style":"none","button_label":"","button_link":"","color_scheme":"","columns_mobile":"1","slider_loop":true,"slider_autoplay":false,"slider_arrow":false,"slider_dots":false,"padding_top":36,"padding_bottom":36}},"collection_list_74EzcY":{"type":"collection-list","blocks":{"featured_collection_3WJFQY":{"type":"featured_collection","disabled":true,"settings":{"collection":"men"}},"featured_collection_i7j96X":{"type":"featured_collection","disabled":true,"settings":{"collection":"women"}},"featured_collection_JDzLGz":{"type":"featured_collection","settings":{"collection":"active-shoes-men"}},"featured_collection_LXgfCm":{"type":"featured_collection","settings":{"collection":"high-tops-men"}},"featured_collection_6Bx8NH":{"type":"featured_collection","settings":{"collection":"sale-shoes-men"}}},"block_order":["featured_collection_3WJFQY","featured_collection_i7j96X","featured_collection_JDzLGz","featured_collection_LXgfCm","featured_collection_6Bx8NH"],"disabled":true,"settings":{"title":"<strong>THEESE around the world<\/strong>","heading_size":"h1","image_ratio":"square","columns_desktop":3,"color_scheme":"","show_view_all":false,"columns_mobile":"1","swipe_on_mobile":true,"padding_top":36,"padding_bottom":36}},"image_with_text_BDgReg":{"type":"image-with-text","blocks":{"heading_XaHjmA":{"type":"heading","settings":{"heading":"Free Standard Shipping on Orders Over $125","heading2":"Image with text","heading3":"Image with text","heading4":"Image with text","heading_size":"h2"}},"text_CAkmjK":{"type":"text","settings":{"text":"<p>Pair text with an image to focus on your chosen product<\/p>","text2":"<p>Pair text with an image to focus on your chosen product<\/p>","text3":"<p>Pair text with an image to focus on your chosen product<\/p>","text4":"<p>Pair text with an image to focus on your chosen product<\/p>","text_style":"body"}}},"block_order":["heading_XaHjmA","text_CAkmjK"],"disabled":true,"custom_css":[],"settings":{"image":"shopify:\/\/shop_images\/FL5A0862.jpg","featureheading":"Explore More.","featureheading2":"Worry Less.","icon":"shopify:\/\/shop_images\/exchange_1.png","icon2":"shopify:\/\/shop_images\/warranty_1.png","icon3":"shopify:\/\/shop_images\/support_1.png","icon4":"shopify:\/\/shop_images\/right-icon.png","iconwidth":37,"iconheight":33,"height":"medium","desktop_image_width":"medium","layout":"text_first","desktop_content_position":"top","desktop_content_alignment":"left","content_layout":"no-overlap","section_color_scheme":"","color_scheme":"","image_behavior":"none","mobile_content_alignment":"left","padding_top":36,"padding_bottom":36}},"multicolumn_Ra3fzd":{"type":"multicolumn","blocks":{"column_g947p7":{"type":"column","settings":{"image":"shopify:\/\/shop_images\/exchange_1.png","title":"<strong>FREE EXCHANGES<\/strong>","text":"<p>Wrong size? Hassle-free exchanges within 30 days on unworn products.<\/p>","link_label":"Learn More","link":"shopify:\/\/pages\/returns-and-exchanges"}},"column_GPKQER":{"type":"column","settings":{"image":"shopify:\/\/shop_images\/warranty_1.png","title":"<strong>PUDDLE PROOF PROMISE<\/strong>","text":"<p>THEESE are covered by a 365-day warranty! <\/p>","link_label":"Learn More","link":"shopify:\/\/pages\/warranty"}},"column_6ETwm9":{"type":"column","settings":{"image":"shopify:\/\/shop_images\/support_1.png","title":"<strong>FAQ<\/strong>","text":"<p>Got questions? We've got answers! <\/p>","link_label":"Learn More","link":"shopify:\/\/pages\/faq"}}},"block_order":["column_g947p7","column_GPKQER","column_6ETwm9"],"custom_css":[],"settings":{"title":"","heading_size":"h1","image_width":"third","image_ratio":"adapt","columns_desktop":3,"column_alignment":"center","background_style":"none","button_label":"","button_link":"","color_scheme":"background-1","columns_mobile":"1","swipe_on_mobile":false,"padding_top":44,"padding_bottom":44,"class":"footer_action"}},"newsletter_KWNaYy":{"type":"newsletter","blocks":{"heading_Pc8mXU":{"type":"heading","settings":{"heading":"Subscribe to our emails","heading_size":"h1"}},"paragraph_HXUePb":{"type":"paragraph","settings":{"text":"<p>Be the first to know about new collections and exclusive offers.<\/p>"}},"email_form_bDqUJ3":{"type":"email_form","settings":{}}},"block_order":["heading_Pc8mXU","paragraph_HXUePb","email_form_bDqUJ3"],"disabled":true,"custom_css":[".newsletter__subheading {display: block;}"],"settings":{"color_scheme":"inverse","full_width":true,"padding_top":40,"padding_bottom":52}}},"order":["image_banner","desktop_mobile_banner_Hj8qkC","multicolumn_7j489H","multicolumn_slider_FFLWyy","image_with_text_3nDCjC","rich_text_e7AWmb","multirow_jK78Hc","multicolumn_tabchange_hXgxaJ","video_tTpLkg","rich_text_efnJmD","advanced_multicolumn_M6eXY8","featured_blog_wkRKER","171298584275003f1d","multi_column_tab_VTwgLY","multicolumn_slider_JDNRpx","collection_list_74EzcY","image_with_text_BDgReg","multicolumn_Ra3fzd","newsletter_KWNaYy"]}