{"sections":{"main":{"type":"main-page","settings":{"padding_top":28,"padding_bottom":28}},"1714079538faab457e":{"type":"apps","blocks":{"junip_product_reviews_ugc_junip_reviews_pCgjfy":{"type":"shopify:\/\/apps\/junip-product-reviews-ugc\/blocks\/junip-reviews\/dc14f5a8-ed15-41b1-ad08-cfba23f9789b","settings":{"layout":"list","reviewsType":"all","showSummary":true,"reviewsCount":10,"containerClass":""}}},"block_order":["junip_product_reviews_ugc_junip_reviews_pCgjfy"],"settings":{"include_margins":true}}},"order":["main","1714079538faab457e"]}