{"sections":{"rich_text_7F4AJT":{"type":"rich-text","blocks":{"heading_UfeaYQ":{"type":"heading","settings":{"heading":"<h1><strong>Shipping and Order Processing<\/strong><\/h1>","heading_size":"h1"}}},"block_order":["heading_UfeaYQ"],"settings":{"desktop_content_position":"center","content_alignment":"center","color_scheme":"scheme-e24c21f4-574f-44ce-9b14-7986368e0fd3","full_width":true,"padding_top":40,"padding_bottom":52}},"main":{"type":"main-page","disabled":true,"settings":{"padding_top":36,"padding_bottom":36}},"rich_text_8Lq6Gr":{"type":"rich-text","blocks":{"text_VVwU9M":{"type":"text","settings":{"text":"<h2>Standard Shipping Times<\/h2><p><strong>Canada:<\/strong><\/p><p>Free Standard Shipping: 5 to 10 business days<br\/>Express Shipping: 2 to 4 business days<\/p><p><strong>United States:<\/strong><\/p><p>Free Standard Shipping: 5 to 10 business days<br\/>Express Shipping: 3 to 5 business days<\/p><p>Our time estimates are based on business days. So weekends and holidays don't count! <\/p><p>For all our American and Canadian customers - once your order ships, you don't have to worry about any extra customs fees or duties.<br\/><\/p><h2>Order Status and Tracking<\/h2><h4><strong>Processing Times<\/strong><\/h4><p>It may take up to 3 days for your order to process. We're working to get your items packaged up as quickly as possible. We know waiting can be difficult, but rest assured we're rushing to get your order out soon!<\/p><h4><strong>\"Shipped\"<\/strong><\/h4><p>Don't stress if you see \"Shipped\" for a while after we've handed your package to the delivery folks. It just takes them a few days to get it scanned into their system. But it's already on its way to you!<\/p><h4><strong>Track Your Order<\/strong><\/h4><p><a href=\"https:\/\/weartheese.com\/a\/orderstatus\">Click here<\/a> to check the current status of your package and where it is in the delivery process.<\/p><p>Once you get that tracking number, you can really keep tabs of your package's every move with constant updates! It'll even tell you the estimated delivery day.<\/p><h4><strong>Can't Find Your Order?<\/strong><\/h4><p>Make sure your info is correct and if it still cannot be located, reach out to our customer care crew. They'll get to the bottom of this!<\/p><h4><strong>My Package Shows Delivered, but I Can't Find It. What Do I Do?<\/strong><\/h4><ul><li>Check around bushes and patio furniture. We sometimes hide packages from thieves!<\/li><li>Ask your neighbors if they accidentally got your goods. It happens!<\/li><li>Swing by your front office or lobby. They may have taken it for safekeeping.<\/li><li>If it's still missing, let our customer service team know ASAP. We'll figure this out!<\/li><\/ul><h6><\/h6><p>Email Us: <a href=\"mailto:support@weartheese.com?subject=Shipping%20question\" title=\"mailto:support@weartheese.com?subject=Shipping%20question\"><strong>support@weartheese.com<\/strong><\/a><\/p>"}}},"block_order":["text_VVwU9M"],"settings":{"desktop_content_position":"center","content_alignment":"left","color_scheme":"scheme-4cac5e43-317a-4ff8-a1fa-8b065ceb3870","full_width":true,"padding_top":40,"padding_bottom":52}}},"order":["rich_text_7F4AJT","main","rich_text_8Lq6Gr"]}