{"sections":{"main":{"type":"main-page","disabled":true,"custom_css":["section {background: #03302d;}"],"settings":{"padding_top":28,"padding_bottom":28}},"rich_text_eHUBbg":{"type":"rich-text","blocks":{"heading_3JqGGH":{"type":"heading","settings":{"heading":"<h1><strong>Size Guide<\/strong><\/h1>","heading_size":"hxl"}}},"block_order":["heading_3JqGGH"],"custom_css":["h1 {font-size: 52px;}"],"settings":{"desktop_content_position":"center","content_alignment":"center","color_scheme":"scheme-e24c21f4-574f-44ce-9b14-7986368e0fd3","full_width":true,"padding_top":44,"padding_bottom":64}},"rich_text_arPMmx":{"type":"rich-text","blocks":{"heading_4jntnn":{"type":"heading","settings":{"heading":"<h2><strong>Find Your Fit<\/strong><\/h2>","heading_size":"h2"}},"text_3yzzPB":{"type":"text","settings":{"text":"<p><strong>THEESE <\/strong>fit true-to-size and are only available in full sizes. Thanks to our waterproof stretch material, our shoes mould and form to your feet. You can order your regular full size as with other brands. If you’re in between sizes (i.e., half-sizes), <em><strong>size up <\/strong><\/em><em>for the best fit<\/em>.<\/p>"}}},"block_order":["heading_4jntnn","text_3yzzPB"],"custom_css":[".rich-text__heading {font-size: 38px; line-height: 1.4; letter-spacing: 0px; color: #0c0c0c; font-family: nimbus-sans, sans-serif; font-weight: 700 !important; font-style: normal; text-transform: none;}","h2 {font-size: 33px;}",".rich-text__text {color: #0a0a0a; font-family: bookmania, serif; font-size: 15px; font-weight: 400; line-height: 1.45; font-style: normal; padding: 0; word-wrap: break-word;}"],"settings":{"desktop_content_position":"center","content_alignment":"left","color_scheme":"","full_width":true,"padding_top":40,"padding_bottom":0}},"rich_text_jRKcVg":{"type":"rich-text","blocks":{"heading_KV4q3T":{"type":"heading","settings":{"heading":"<h2><strong>Men and Women Size Width Difference<\/strong><\/h2>","heading_size":"h2"}},"text_fjKBDU":{"type":"text","settings":{"text":"<p>Some men’s and women’s sizing options (e.g., <strong>M7\/W8<\/strong>)  have the same length measurements. The only difference is that women’s widths are crafted approximately <em>2 mm narrower<\/em>. <br\/><br\/>Those with particularly narrow or wide feet may want to explore sizing options in the opposite sex category for the best fit. For example:<\/p><ul><li>Women with wide feet wearing <strong>Women' Size 9<\/strong> can consider a <strong>Men's Size 8<\/strong>.<\/li><li>Men with narrow feet wearing <strong>Men's Size 9<\/strong>, can consider a <strong>Women's Size 10<\/strong>.<\/li><\/ul>"}}},"block_order":["heading_KV4q3T","text_fjKBDU"],"custom_css":[".rich-text__heading {font-size: 38px; line-height: 1.4; letter-spacing: 0px; color: #0c0c0c; font-family: nimbus-sans, sans-serif; font-weight: 700 !important; font-style: normal; text-transform: none;}","h2 {font-size: 33px;}",".rich-text__text {color: #0a0a0a; font-family: bookmania, serif; font-size: 15px; font-weight: 400; line-height: 1.45; font-style: normal; padding: 0; word-wrap: break-word;}"],"settings":{"desktop_content_position":"center","content_alignment":"left","color_scheme":"","full_width":true,"padding_top":32,"padding_bottom":0}},"custom_liquid_qJzC4r":{"type":"custom-liquid","custom_css":[".tab {display: inline-block;}"],"settings":{"custom_liquid":"{% render 'sizetable' %}","color_scheme":"","padding_top":40,"padding_bottom":52}},"rich_text_pG3DPi":{"type":"rich-text","blocks":{"heading_kVQAAf":{"type":"heading","settings":{"heading":"<h2><strong>Measure Your Size Like a Boss<\/strong><\/h2>","heading_size":"h2"}},"text_RPXmfA":{"type":"text","settings":{"text":"<p>Pro Tip: Measure your feet at the end of the day because that’s when they’re a little bigger. Wear the socks you’d wear with your new THEESE.<\/p>"}}},"block_order":["heading_kVQAAf","text_RPXmfA"],"custom_css":[".rich-text__heading {font-size: 38px; line-height: 1.4; letter-spacing: 0px; color: #0c0c0c; font-family: nimbus-sans, sans-serif; font-weight: 700 !important; font-style: normal; text-transform: none;}","h2 {font-size: 33px;}",".rich-text__text {color: #0a0a0a; font-family: bookmania, serif; font-size: 15px; font-weight: 400; line-height: 1.45; font-style: normal; padding: 0; word-wrap: break-word;}"],"settings":{"desktop_content_position":"center","content_alignment":"left","color_scheme":"","full_width":true,"padding_top":0,"padding_bottom":24}},"image_with_text_2_p8xdDD":{"type":"image-with-text-2","blocks":{"heading_jefLCP":{"type":"heading","settings":{"heading":"<strong>Step 1<\/strong>","heading_size":"h1"}},"text_T3PLBn":{"type":"text","settings":{"text":"<p>Tape a piece of paper to a hard floor. Stand on it, knees slightly bent. <span style=\"text-decoration:underline\"><strong>With your pencil pointing straight down <\/strong><\/span>draw an outline of your foot. Next, the other foot.<\/p>","text_style":"body"}}},"block_order":["heading_jefLCP","text_T3PLBn"],"custom_css":[".rich-text__heading {font-size: 38px; line-height: 1.4; letter-spacing: 0px; color: #0c0c0c; font-family: nimbus-sans, sans-serif; font-weight: 700 !important; font-style: normal; text-transform: none;}","h2 {font-size: 33px;}",".rich-text__text {color: #0a0a0a; font-family: bookmania, serif; font-size: 15px; font-weight: 400; line-height: 1.45; font-style: normal; padding: 0; word-wrap: break-word;}",".image-with-text {max-width: 1100px; margin: 0 auto;}","@media screen and (min-width: 770px) {.image-with-text__media-item {transform: scale(0.7); }}"],"settings":{"image":"shopify:\/\/shop_images\/Step1_6754e371-040d-4728-be80-87f424840a1f.png","height":"large","desktop_image_width":"medium","layout":"text_first","desktop_content_position":"top","desktop_content_alignment":"left","content_layout":"no-overlap","section_color_scheme":"","color_scheme":"","image_behavior":"none","mobile_content_alignment":"left","padding_top":36,"padding_bottom":36}},"image_with_text_2_LQxx7Q":{"type":"image-with-text-2","blocks":{"heading_3qBfUp":{"type":"heading","settings":{"heading":"<strong>Step 2<\/strong>","heading_size":"h1"}},"text_PKJhpb":{"type":"text","settings":{"text":"<p>First put a mark on the tip of the big toe on the outline and another at the tip of the heel. Measure the distance between those two points – we use centimeters, they’re more accurate than inches.<\/p>","text_style":"body"}}},"block_order":["heading_3qBfUp","text_PKJhpb"],"custom_css":[".rich-text__heading {font-size: 38px; line-height: 1.4; letter-spacing: 0px; color: #0c0c0c; font-family: nimbus-sans, sans-serif; font-weight: 700 !important; font-style: normal; text-transform: none;}","h2 {font-size: 33px;}",".rich-text__text {color: #0a0a0a; font-family: bookmania, serif; font-size: 15px; font-weight: 400; line-height: 1.45; font-style: normal; padding: 0; word-wrap: break-word;}",".image-with-text {max-width: 1100px; margin: 0 auto;}","@media screen and (min-width: 770px) {.image-with-text__media-item {transform: scale(0.7); }}"],"settings":{"image":"shopify:\/\/shop_images\/Step2-square-1cae17897fa50734c3b337ff891a3d6e-e9mb3x5jtf7y.png","height":"large","desktop_image_width":"medium","layout":"text_first","desktop_content_position":"top","desktop_content_alignment":"left","content_layout":"no-overlap","section_color_scheme":"","color_scheme":"","image_behavior":"none","mobile_content_alignment":"left","padding_top":36,"padding_bottom":36}},"image_with_text_2_FGkB7T":{"type":"image-with-text-2","blocks":{"heading_a3BGW6":{"type":"heading","settings":{"heading":"<strong>Step 3<\/strong>","heading_size":"h1"}},"text_kBQHzT":{"type":"text","settings":{"text":"<p>One foot is usually larger, use that measurement and compare it to our sizing table to get your official THEESE size.<\/p><p>Our shoes fit true-to-size. When your measurement doesn’t land exactly on an even centimeter, round down to the nearest whole number for up to .3 cm (3 mm). Round up for .4 cm or more.<\/p><p>For example, if your measurement in CM is:<\/p><p>26.3 - round down to 26 cm<br\/>(US8 Men or US9 Women)<\/p><p>25.6 - round up to 26 cm<br\/>(US8 Men or US9 Women)<\/p><p>22.4 - round up to 23 cm<br\/>(US6 Women)<\/p><p>26.7 - round up to 27 cm<br\/>(US9 Men or US10 Women)<\/p><p><strong>Voila! You have your size!<\/strong><\/p>","text_style":"body"}}},"block_order":["heading_a3BGW6","text_kBQHzT"],"custom_css":[".image-with-text {max-width: 1100px; margin: 0 auto;}","@media screen and (min-width: 770px) {.image-with-text__media-item {transform: scale(0.7); }}",".image-with-text__media img {height: auto;}"],"settings":{"image":"shopify:\/\/shop_images\/Step3.png","height":"large","desktop_image_width":"medium","layout":"text_first","desktop_content_position":"top","desktop_content_alignment":"left","content_layout":"no-overlap","section_color_scheme":"","color_scheme":"","image_behavior":"none","mobile_content_alignment":"left","padding_top":36,"padding_bottom":36}},"image_banner_FJ9YYw":{"type":"image-banner","blocks":{"heading_QjtwgF":{"type":"heading","settings":{"heading":"<strong>Unsure on size or color?<\/strong>","heading_size":"h2"}},"text_c9qb4h":{"type":"text","settings":{"text":"Our support team is here to help.","text_style":"body"}},"buttons_BHik4a":{"type":"buttons","settings":{"button_label_1":"Contact Us","button_link_1":"shopify:\/\/pages\/customer-support","button_style_secondary_1":false,"button_label_2":"","button_link_2":"","button_style_secondary_2":false}}},"block_order":["heading_QjtwgF","text_c9qb4h","buttons_BHik4a"],"custom_css":[".banner__box {font-family: nimbus-sans, sans-serif; background: rgba(255, 255, 255, 0.8);}",".banner__heading {font-family: nimbus-sans, sans-serif; color: #03302d !important;}",".buttoncus {border-radius: 30px !important; background: #ffb824; --border-offset: 0;}"],"settings":{"image":"shopify:\/\/shop_images\/FL5A0862.jpg","video_show":false,"image_overlay_opacity":0,"image_height":"small","desktop_content_position":"middle-center","show_text_box":true,"desktop_content_alignment":"center","color_scheme":"background-1","image_behavior":"none","mobile_content_alignment":"center","stack_images_on_mobile":true,"show_text_below":false}}},"order":["main","rich_text_eHUBbg","rich_text_arPMmx","rich_text_jRKcVg","custom_liquid_qJzC4r","rich_text_pG3DPi","image_with_text_2_p8xdDD","image_with_text_2_LQxx7Q","image_with_text_2_FGkB7T","image_banner_FJ9YYw"]}