{"sections":{"rich_text_7F4AJT":{"type":"rich-text","blocks":{"heading_UfeaYQ":{"type":"heading","settings":{"heading":"<h1><strong>Contact<\/strong><\/h1>","heading_size":"h1"}},"text_LkgpBg":{"type":"text","settings":{"text":"<p>Questions? Ask away, we got you! <br\/>We'll get back to you within 1-2 business days.<\/p>"}}},"block_order":["heading_UfeaYQ","text_LkgpBg"],"settings":{"desktop_content_position":"center","content_alignment":"center","color_scheme":"scheme-e24c21f4-574f-44ce-9b14-7986368e0fd3","full_width":true,"padding_top":40,"padding_bottom":52}},"main":{"type":"main-page","disabled":true,"settings":{"padding_top":36,"padding_bottom":36}},"form":{"type":"contact-form","settings":{"heading":"","heading_size":"h1","color_scheme":"background-1","padding_top":36,"padding_bottom":36}}},"order":["rich_text_7F4AJT","main","form"]}