{"sections":{"main":{"type":"main-page","disabled":true,"settings":{"padding_top":28,"padding_bottom":28}},"image_banner_DCakTB":{"type":"image-banner","blocks":{"heading_r3CkgA":{"type":"heading","settings":{"heading":"The best shoesmade by THEESE folks.","heading_size":"h1"}},"text_Hem444":{"type":"text","settings":{"text":"We live on the edge of the rainforest in the soaking wet city of Vancouver with our little kid and an insatiable appetite for playing outside. We kind of love the rain but just can’t get excited about most wet weather footwear. Too heavy, too unlovely, too clunky, and just too rubbery bootery.","text_style":"body"}},"buttons_ydTnqQ":{"type":"buttons","settings":{"button_label_1":"Shop now","button_link_1":"","button_style_secondary_1":false,"button_label_2":"","button_link_2":"","button_style_secondary_2":false}}},"block_order":["heading_r3CkgA","text_Hem444","buttons_ydTnqQ"],"disabled":true,"custom_css":[".button {color: #0a0a0a; background-color: #fcb316; font-family: \"Verdana\", Helvetica, Arial, sans-serif; font-weight: 700; font-size: 16px; line-height: 1.2; text-transform: none; border-style: none; border-width: 0px; border-color: initial; border-radius: 20px !important; opacity: 1;}",".button:after {display: none;}","h2 {font-weight: 700; font-size: 60px; line-height: 1.2; font-family: nimbus-sans, sans-serif; color: #03302d; padding: 0 !important; margin: 0 !important;}","@media screen and (max-width: 749px) {h2 {font-size: 35px; }}"],"settings":{"image":"shopify:\/\/shop_images\/aboutheader-1.webp","video_show":false,"image_overlay_opacity":0,"image_height":"adapt","desktop_content_position":"middle-left","show_text_box":true,"desktop_content_alignment":"left","color_scheme":"background-2","image_behavior":"none","mobile_content_alignment":"left","stack_images_on_mobile":true,"show_text_below":true}},"rich_text_VhzWr3":{"type":"rich-text","blocks":{"heading_UWwxGM":{"type":"heading","settings":{"heading":"<h1><strong>The best shoes made by THEESE folks.<\/strong><\/h1>","heading_size":"h1"}},"text_mQnWKq":{"type":"text","settings":{"text":"<p>We live on the edge of the rainforest in the soaking wet city of Vancouver with our little kids and an insatiable appetite for playing outside. We kind of love the rain but just can’t get excited about most wet weather footwear. Too heavy, too unlovely, too clunky, and just too rubbery bootery.<\/p>"}},"button_UiUAGR":{"type":"button","settings":{"button_label":"Shop Now","button_link":"shopify:\/\/collections\/men","button_style_secondary":false,"button_label_2":"","button_link_2":"","button_style_secondary_2":false}}},"block_order":["heading_UWwxGM","text_mQnWKq","button_UiUAGR"],"disabled":true,"custom_css":[".image-with-text__media {border: none;}",".button {color: #0a0a0a; background-color: #fcb316; font-family: \"Bookmania\", Helvetica, Arial, sans-serif; font-weight: bold; font-size: 16px; line-height: 1.2; text-transform: none; border-style: none; border-width: 0px; border-color: initial; border-radius: 20px !important; opacity: 1;}",".button:after {display: none;}",".h1 {color: #03302d !important;}"],"settings":{"desktop_content_position":"center","content_alignment":"center","color_scheme":"","full_width":true,"padding_top":40,"padding_bottom":52}},"image_with_text_2_x8GXqK":{"type":"image-with-text-2","blocks":{"heading_LBVbfT":{"type":"heading","settings":{"heading":"The best shoes","heading_size":"h1"}},"heading_DnQ9HJ":{"type":"heading","settings":{"heading":"made by THEESE folks.","heading_size":"h1"}},"text_8eF4E9":{"type":"text","settings":{"text":"<p>We live on the edge of the rainforest in the soaking wet city of Vancouver with our little kids and an insatiable appetite for playing outside. We kind of love the rain but just can’t get excited about most wet weather footwear. Too heavy, too unlovely, too clunky, and just too rubbery bootery.<\/p>","text_style":"body"}},"button_nAUwGz":{"type":"button","settings":{"button_label":"Shop Now","button_link":"shopify:\/\/collections\/men","button_style_secondary":false}}},"block_order":["heading_LBVbfT","heading_DnQ9HJ","text_8eF4E9","button_nAUwGz"],"disabled":true,"custom_css":[".image-with-text__media {border: none;}",".button {color: #0a0a0a; background-color: #fcb316; font-family: \"Bookmania\", Helvetica, Arial, sans-serif; font-weight: bold; font-size: 16px; line-height: 1.2; text-transform: none; border-style: none; border-width: 0px; border-color: initial; border-radius: 20px !important; opacity: 1;}",".button:after {display: none;}"],"settings":{"image":"shopify:\/\/shop_images\/aboutheader-1_1_.webp_1.png","height":"adapt","desktop_image_width":"medium","layout":"text_first","desktop_content_position":"middle","desktop_content_alignment":"left","content_layout":"no-overlap","section_color_scheme":"","color_scheme":"background-1","image_behavior":"none","mobile_content_alignment":"left","padding_top":0,"padding_bottom":0}},"image_with_text_2_hVfxYb":{"type":"image-with-text-2","blocks":{"heading_WphGRc":{"type":"heading","settings":{"heading":"The best shoes","heading_size":"h1"}},"heading_7NhjpX":{"type":"heading","settings":{"heading":"made by THEESE folks.","heading_size":"h1"}},"text_TmDcbC":{"type":"text","settings":{"text":"<p>We live on the edge of the rainforest in the soaking wet city of Vancouver with our little kids and an insatiable appetite for playing outside. We kind of love the rain but just can’t get excited about most wet weather footwear. Too heavy, too unlovely, too clunky, and just too rubbery bootery.<\/p>","text_style":"body"}},"button_pdypkT":{"type":"button","settings":{"button_label":"Shop Now","button_link":"shopify:\/\/collections\/men","button_style_secondary":false}}},"block_order":["heading_WphGRc","heading_7NhjpX","text_TmDcbC","button_pdypkT"],"custom_css":[".image-with-text__media {border: none;}",".button {color: #0a0a0a; background-color: #fcb316; font-family: \"Bookmania\", Helvetica, Arial, sans-serif; font-weight: bold; font-size: 16px; line-height: 1.2; text-transform: none; border-style: none; border-width: 0px; border-color: initial; border-radius: 20px !important; opacity: 1;}",".button:after {display: none;}","@media only screen and (max-width: 749px) {.image-with-text__media {display: none; }}"],"settings":{"image":"shopify:\/\/shop_images\/about_us_header.png","height":"adapt","desktop_image_width":"medium","layout":"text_first","desktop_content_position":"middle","desktop_content_alignment":"left","content_layout":"no-overlap","section_color_scheme":"","color_scheme":"background-1","image_behavior":"none","mobile_content_alignment":"left","padding_top":0,"padding_bottom":0}},"image_banner_rtCFCD":{"type":"image-banner","blocks":{"heading_3eXfAN":{"type":"heading","settings":{"heading":"","heading_size":"h1"}},"text_f97N3f":{"type":"text","settings":{"text":"So, we set to work on inventing the opposite: a sneaker that could be feather light, totally waterproof, super comfy and just oh so good looking. <strong>A sneaker fearless of weather. A sneaker that’s up for anything, anytime.<\/strong>","text_style":"subtitle"}},"buttons_GB83QR":{"type":"buttons","settings":{"button_label_1":"","button_link_1":"","button_style_secondary_1":false,"button_label_2":"","button_link_2":"","button_style_secondary_2":false}}},"block_order":["heading_3eXfAN","text_f97N3f","buttons_GB83QR"],"custom_css":["@media screen and (min-width: 750px) {.banner__box {background-color: #ffffffba; padding: 60px; margin: 60px; width: 40%; }}"],"settings":{"image":"shopify:\/\/shop_images\/creators.webp","video_show":false,"image_overlay_opacity":0,"image_height":"medium","desktop_content_position":"middle-left","show_text_box":true,"desktop_content_alignment":"left","color_scheme":"","image_behavior":"none","mobile_content_alignment":"left","stack_images_on_mobile":true,"show_text_below":true}},"image_with_text_2_ERVVDM":{"type":"image-with-text-2","blocks":{"text_tqmGyQ":{"type":"text","settings":{"text":"<p>It took almost 4 years.<br\/>It took a lot of trial, a lot of error and many, many long walks. It took a long search that brought us to find an equally planet-loving maker with the fine craftsmanship and technological super-powers to make what we wanted into what you can wear.<\/p>","text_style":"body"}},"heading_LPGwwp":{"type":"heading","settings":{"heading":"Anywhere.","heading_size":"h1"}},"button_Akzidn":{"type":"button","settings":{"button_label":"","button_link":"","button_style_secondary":false}}},"block_order":["text_tqmGyQ","heading_LPGwwp","button_Akzidn"],"custom_css":["p {color: white;}","h2 {font-weight: 700; font-size: 50px; font-family: nimbus-sans, sans-serif; line-height: 1.4; letter-spacing: 0px; color: white;}",".image-with-text__content {padding: 20px;}",".image-with-text {background: #03302d;}"],"settings":{"image":"shopify:\/\/shop_images\/flow-state-white-waterproof-shoe-about.png","height":"adapt","desktop_image_width":"small","layout":"image_first","desktop_content_position":"middle","desktop_content_alignment":"left","content_layout":"no-overlap","section_color_scheme":"background-1","color_scheme":"","image_behavior":"none","mobile_content_alignment":"left","padding_top":0,"padding_bottom":36}},"rich_text_LD43tN":{"type":"rich-text","blocks":{"heading_jXgJ9e":{"type":"heading","settings":{"heading":"<h1><strong>Why THEESE<\/strong><\/h1>","heading_size":"h1"}}},"block_order":["heading_jXgJ9e"],"custom_css":["h1 {font-size: 36px;}"],"settings":{"desktop_content_position":"left","content_alignment":"left","color_scheme":"","full_width":false,"padding_top":32,"padding_bottom":0}},"multicolumn_me7Gpd":{"type":"multicolumn","blocks":{"column_jyUHn4":{"type":"column","settings":{"image":"shopify:\/\/shop_images\/theese-waterproof-shoe-brand-comparison.jpg","title":"","text":"","link_label":"","link":""}}},"block_order":["column_jyUHn4"],"custom_css":[".image-with-text__media {border: none;}",".button {color: #0a0a0a; background-color: #fcb316; font-family: \"Bookmania\", Helvetica, Arial, sans-serif; font-weight: bold; font-size: 16px; line-height: 1.2; text-transform: none; border-style: none; border-width: 0px; border-color: initial; border-radius: 20px !important; opacity: 1;}",".button:after {display: none;}",".h1 {color: #03302d !important; padding: 0 0 0 40px;}"],"settings":{"title":"","heading_size":"h1","image_width":"full","image_ratio":"adapt","columns_desktop":1,"column_alignment":"left","background_style":"none","button_label":"Shop Now","button_link":"shopify:\/\/collections\/women","color_scheme":"scheme-d00a6693-efa0-45b2-b265-2ad4044531fc","columns_mobile":"1","swipe_on_mobile":false,"padding_top":36,"padding_bottom":36,"class":""}},"image_banner_ACfE88":{"type":"image-banner","disabled":true,"settings":{"image":"shopify:\/\/shop_images\/blank_2300x1300_01566631-4ddb-4586-851f-2be1075d726c.jpg","video":"shopify:\/\/files\/videos\/theese_integrated_membrane_waterproof_shoes.webm","video_show":true,"image_overlay_opacity":0,"image_height":"adapt","desktop_content_position":"middle-center","show_text_box":true,"desktop_content_alignment":"center","color_scheme":"","image_behavior":"none","mobile_content_alignment":"center","stack_images_on_mobile":true,"show_text_below":true}},"image_with_text_2_WnCFCe":{"type":"image-with-text-2","blocks":{"heading_Yi9zPV":{"type":"heading","settings":{"heading":"A pair to go","heading_size":"h1"}},"heading_w798CG":{"type":"heading","settings":{"heading":"anywhere.","heading_size":"h1"}},"text_bW9aED":{"type":"text","settings":{"text":"<p>Going where others can’t. Doing what others won’t. Being beyond the elements. THEESE are for that. A hike in the hail, a camp in the damp, a stroll in the sun, a plunge in the puddles, a frisbee in the drizzly, a lope at low tide, a dousing on deck, a seek up a creek, a pair to go anywhere. THEESE are for that.<\/p>","text_style":"body"}}},"block_order":["heading_Yi9zPV","heading_w798CG","text_bW9aED"],"custom_css":["@media screen and (min-width: 990px) {.image-with-text__content {padding-left: 40px; }}"],"settings":{"image":"shopify:\/\/shop_images\/about_01_1_72622bfe-b61e-48f4-adbf-7ac5e27a1f1c.webp","height":"adapt","desktop_image_width":"medium","layout":"image_first","desktop_content_position":"middle","desktop_content_alignment":"left","content_layout":"no-overlap","section_color_scheme":"","color_scheme":"","image_behavior":"none","mobile_content_alignment":"left","padding_top":40,"padding_bottom":0}},"image_banner_Cf8E3d":{"type":"image-banner","blocks":{"heading_WLQLME":{"type":"heading","settings":{"heading":"A pair to goanywhere.","heading_size":"h1"}},"text_TjwQqJ":{"type":"text","settings":{"text":"Going where others can’t. Doing what others won’t. Being beyond the elements. THEESE are for that.A hike in the hail, a camp in the damp, a stroll in the sun, a plunge in the puddles, a frisbee in the drizzly, a lope at low tide, a dousing on deck, a seek up a creek, a pair to go anywhere. THEESE are for that.","text_style":"body"}},"buttons_Wxw9ry":{"type":"buttons","settings":{"button_label_1":"","button_link_1":"","button_style_secondary_1":false,"button_label_2":"","button_link_2":"","button_style_secondary_2":false}}},"block_order":["heading_WLQLME","text_TjwQqJ","buttons_Wxw9ry"],"disabled":true,"custom_css":["@media screen and (min-width: 750px) {.banner__box {width: 55% !important; }}"],"settings":{"image":"shopify:\/\/shop_images\/about_01.jpg","video_show":false,"image_overlay_opacity":0,"image_height":"adapt","desktop_content_position":"middle-right","show_text_box":true,"desktop_content_alignment":"left","color_scheme":"scheme-47115dea-f6a5-447e-af6d-8dac2c79f5aa","image_behavior":"none","mobile_content_alignment":"left","stack_images_on_mobile":true,"show_text_below":true}},"image_banner_ABcJ7U":{"type":"image-banner","blocks":{"heading_WLHHgD":{"type":"heading","settings":{"heading":"Feet empowered.","heading_size":"h1"}},"text_7HFEdT":{"type":"text","settings":{"text":"THEESE isn’t just a waterproof shoe, THEESE are about feet empowered. Our construction means the perfect fit, keeping you comfy while looking amazing. Rain, snow, or sunshine, turn heads and blaze your trail.","text_style":"body"}},"buttons_HnH8hH":{"type":"buttons","settings":{"button_label_1":"","button_link_1":"","button_style_secondary_1":false,"button_label_2":"","button_link_2":"","button_style_secondary_2":false}}},"block_order":["heading_WLHHgD","text_7HFEdT","buttons_HnH8hH"],"disabled":true,"custom_css":["@media screen and (min-width: 750px) {.banner__box {width: 55% !important; }}",".button {color: #0a0a0a; background-color: #fcb316; font-family: \"Bookmania\", Helvetica, Arial, sans-serif; font-weight: bold; font-size: 16px; line-height: 1.2; text-transform: none; border-style: none; border-width: 0px; border-color: initial; border-radius: 20px !important; opacity: 1;}",".button:after {display: none;}"],"settings":{"image":"shopify:\/\/shop_images\/about_02.jpg","video_show":false,"image_overlay_opacity":0,"image_height":"adapt","desktop_content_position":"middle-center","show_text_box":true,"desktop_content_alignment":"left","color_scheme":"scheme-47115dea-f6a5-447e-af6d-8dac2c79f5aa","image_behavior":"none","mobile_content_alignment":"left","stack_images_on_mobile":true,"show_text_below":true}},"image_with_text_2_tXUPdC":{"type":"image-with-text-2","blocks":{"heading_iRxqph":{"type":"heading","settings":{"heading":"Feet","heading_size":"h1"}},"heading_Qm6QFt":{"type":"heading","settings":{"heading":"empowered.","heading_size":"h1"}},"text_4jnfw8":{"type":"text","settings":{"text":"<p>THEESE isn’t just a waterproof shoe, THEESE are about feet empowered. Our construction means the perfect fit, keeping you comfy while looking amazing. Rain, snow, or sunshine, turn heads and blaze your trail.<\/p>","text_style":"body"}},"button_hXrdkr":{"type":"button","settings":{"button_label":"Shop Now","button_link":"shopify:\/\/collections\/women","button_style_secondary":false}}},"block_order":["heading_iRxqph","heading_Qm6QFt","text_4jnfw8","button_hXrdkr"],"custom_css":[".button {color: #0a0a0a; background-color: #fcb316; font-family: \"Bookmania\", Helvetica, Arial, sans-serif; font-weight: bold; font-size: 16px; line-height: 1.2; text-transform: none; border-style: none; border-width: 0px; border-color: initial; border-radius: 20px !important; opacity: 1;}",".button:after {display: none;}"],"settings":{"image":"shopify:\/\/shop_images\/about_02.webp","height":"adapt","desktop_image_width":"medium","layout":"text_first","desktop_content_position":"middle","desktop_content_alignment":"left","content_layout":"no-overlap","section_color_scheme":"","color_scheme":"","image_behavior":"none","mobile_content_alignment":"left","padding_top":0,"padding_bottom":0}},"image_with_text_2_V7Ahdc":{"type":"image-with-text-2","blocks":{"heading_kzYgQq":{"type":"heading","settings":{"heading":"A walk for","heading_size":"h1"}},"heading_APbnhj":{"type":"heading","settings":{"heading":"the woods.","heading_size":"h1"}},"text_Vd398d":{"type":"text","settings":{"text":"<p>THEESE are a passion for the environment. Shoes crafted from vegan and eco-friendly materials. Wear THEESE, and don’t wear out the planet.<\/p>","text_style":"body"}}},"block_order":["heading_kzYgQq","heading_APbnhj","text_Vd398d"],"settings":{"image":"shopify:\/\/shop_images\/about_03r.jpg","height":"adapt","desktop_image_width":"medium","layout":"image_first","desktop_content_position":"middle","desktop_content_alignment":"left","content_layout":"no-overlap","section_color_scheme":"","color_scheme":"","image_behavior":"none","mobile_content_alignment":"left","padding_top":0,"padding_bottom":0}},"image_with_text_2_yAUHbU":{"type":"image-with-text-2","blocks":{"heading_UmzjCq":{"type":"heading","settings":{"heading":"Made of","heading_size":"h1"}},"heading_iBk6kw":{"type":"heading","settings":{"heading":"Craftsmanship.","heading_size":"h1"}},"text_kNMPbR":{"type":"text","settings":{"text":"<p>THEESE are handcrafted with emblematic craftsmanship, excellence, and innovation.<\/p>","text_style":"body"}},"button_TndYa7":{"type":"button","settings":{"button_label":"Shop Now","button_link":"shopify:\/\/collections\/women","button_style_secondary":false}}},"block_order":["heading_UmzjCq","heading_iBk6kw","text_kNMPbR","button_TndYa7"],"custom_css":[".button {color: #0a0a0a; background-color: #fcb316; font-family: \"Bookmania\", Helvetica, Arial, sans-serif; font-weight: bold; font-size: 16px; line-height: 1.2; text-transform: none; border-style: none; border-width: 0px; border-color: initial; border-radius: 20px !important; opacity: 1;}",".button:after {display: none;}"],"settings":{"image":"shopify:\/\/shop_images\/about_04r.jpg","height":"adapt","desktop_image_width":"medium","layout":"text_first","desktop_content_position":"middle","desktop_content_alignment":"left","content_layout":"no-overlap","section_color_scheme":"","color_scheme":"","image_behavior":"none","mobile_content_alignment":"left","padding_top":0,"padding_bottom":0}},"image_with_text_2_TfYxRi":{"type":"image-with-text-2","blocks":{"heading_jRx463":{"type":"heading","settings":{"heading":"Quality","heading_size":"h1"}},"heading_bJT8hK":{"type":"heading","settings":{"heading":"guaranteed.","heading_size":"h1"}},"text_rUrkdF":{"type":"text","settings":{"text":"<p>When it comes to quality, we’ve got you. THEESE come with a 365 day waterproof guarantee. So even if it’s pouring cats and dogs, your feet will stay dry and cozy. Just remember, our warranty doesn’t cover physical damage.<\/p>","text_style":"body"}}},"block_order":["heading_jRx463","heading_bJT8hK","text_rUrkdF"],"settings":{"image":"shopify:\/\/shop_images\/about_05r.jpg","height":"adapt","desktop_image_width":"medium","layout":"image_first","desktop_content_position":"middle","desktop_content_alignment":"left","content_layout":"no-overlap","section_color_scheme":"","color_scheme":"","image_behavior":"none","mobile_content_alignment":"left","padding_top":0,"padding_bottom":0}},"image_banner_qqWqAi":{"type":"image-banner","blocks":{"heading_rchFRi":{"type":"heading","settings":{"heading":"Made of Craftsmanship.","heading_size":"h1"}},"text_7w3Epg":{"type":"text","settings":{"text":"THEESE are handcrafted with emblematic craftsmanship, excellence, and innovation.","text_style":"body"}},"buttons_WFiqRG":{"type":"buttons","settings":{"button_label_1":"","button_link_1":"","button_style_secondary_1":false,"button_label_2":"","button_link_2":"","button_style_secondary_2":false}}},"block_order":["heading_rchFRi","text_7w3Epg","buttons_WFiqRG"],"disabled":true,"custom_css":["@media screen and (min-width: 750px) {.banner__box {width: 55% !important; }}"],"settings":{"image":"shopify:\/\/shop_images\/about_04.jpg","video_show":false,"image_overlay_opacity":0,"image_height":"adapt","desktop_content_position":"middle-left","show_text_box":true,"desktop_content_alignment":"left","color_scheme":"scheme-47115dea-f6a5-447e-af6d-8dac2c79f5aa","image_behavior":"none","mobile_content_alignment":"left","stack_images_on_mobile":true,"show_text_below":true}},"image_with_text_2_yHV3cB":{"type":"image-with-text-2","blocks":{"heading_qVGa9r":{"type":"heading","settings":{"heading":"The perfect fit","heading_size":"h1"}},"heading_UQDt9V":{"type":"heading","settings":{"heading":"is everything.","heading_size":"h1"}},"text_8wzM6A":{"type":"text","settings":{"text":"<p>We want to make sure you love THEESE. That’s why we offer hassle-free returns within 30 days on unworn products. Whether you need an exchange or a refund, we’re here to make you smile.<\/p>","text_style":"body"}},"button_6zkHGJ":{"type":"button","settings":{"button_label":"Shop Now","button_link":"shopify:\/\/collections\/women","button_style_secondary":false}}},"block_order":["heading_qVGa9r","heading_UQDt9V","text_8wzM6A","button_6zkHGJ"],"custom_css":[".button {color: #0a0a0a; background-color: #fcb316; font-family: \"Bookmania\", Helvetica, Arial, sans-serif; font-weight: bold; font-size: 16px; line-height: 1.2; text-transform: none; border-style: none; border-width: 0px; border-color: initial; border-radius: 20px !important; opacity: 1;}",".button:after {display: none;}"],"settings":{"image":"shopify:\/\/shop_images\/about_06r.jpg","height":"adapt","desktop_image_width":"medium","layout":"text_first","desktop_content_position":"middle","desktop_content_alignment":"left","content_layout":"no-overlap","section_color_scheme":"","color_scheme":"","image_behavior":"none","mobile_content_alignment":"left","padding_top":0,"padding_bottom":0}},"image_banner_GB49Qg":{"type":"image-banner","blocks":{"heading_wRr4rR":{"type":"heading","settings":{"heading":"Quality guaranteed.","heading_size":"h1"}},"text_HaCQwR":{"type":"text","settings":{"text":"When it comes to quality, we’ve got you. THEESE come with a 365 day waterproof guarantee. So even if it’s pouring cats and dogs, your feet will stay dry and cozy. Just remember, our warranty doesn’t cover physical damage.","text_style":"body"}},"buttons_7PYNhb":{"type":"buttons","settings":{"button_label_1":"","button_link_1":"","button_style_secondary_1":false,"button_label_2":"","button_link_2":"","button_style_secondary_2":false}}},"block_order":["heading_wRr4rR","text_HaCQwR","buttons_7PYNhb"],"disabled":true,"custom_css":["@media screen and (min-width: 750px) {.banner__box {width: 55% !important; }}"],"settings":{"image":"shopify:\/\/shop_images\/about_05.jpg","video_show":false,"image_overlay_opacity":0,"image_height":"adapt","desktop_content_position":"middle-right","show_text_box":true,"desktop_content_alignment":"left","color_scheme":"scheme-47115dea-f6a5-447e-af6d-8dac2c79f5aa","image_behavior":"none","mobile_content_alignment":"left","stack_images_on_mobile":true,"show_text_below":true}},"image_banner_KejLxP":{"type":"image-banner","blocks":{"heading_hYFMaU":{"type":"heading","settings":{"heading":"The perfect fitis everything.","heading_size":"h1"}},"text_CcnXUY":{"type":"text","settings":{"text":"We want to make sure you love THEESE. That’s why we offer hassle-free returns within 30 days on unworn products. Whether you need an exchange or a refund, we’re here to make you smile.","text_style":"body"}},"buttons_gABq3R":{"type":"buttons","settings":{"button_label_1":"","button_link_1":"","button_style_secondary_1":false,"button_label_2":"","button_link_2":"","button_style_secondary_2":false}}},"block_order":["heading_hYFMaU","text_CcnXUY","buttons_gABq3R"],"disabled":true,"custom_css":["@media screen and (min-width: 750px) {.banner__box {width: 55% !important; }}"],"settings":{"image":"shopify:\/\/shop_images\/about_06.jpg","video_show":false,"image_overlay_opacity":0,"image_height":"adapt","desktop_content_position":"middle-left","show_text_box":true,"desktop_content_alignment":"left","color_scheme":"scheme-47115dea-f6a5-447e-af6d-8dac2c79f5aa","image_behavior":"none","mobile_content_alignment":"left","stack_images_on_mobile":true,"show_text_below":true}},"image_with_text_2_J8BH8m":{"type":"image-with-text-2","blocks":{"heading_kcmETM":{"type":"heading","settings":{"heading":"THEESE are about sustainability.","heading_size":"h1"}},"text_hLFV7E":{"type":"text","settings":{"text":"<p>Look at you, walking that guilt-free walk, running that no-regrets run. Because THEESE are crafted with sustainable materials. That includes the box, made from 100% recycled paper products. Insoles made using sustainable castor bean oil and even laces made of recycled water bottles.<\/p>","text_style":"body"}}},"block_order":["heading_kcmETM","text_hLFV7E"],"custom_css":["h2 {font-weight: 700; font-size: 60px; line-height: 1.2; font-family: nimbus-sans, sans-serif; color: #03302d; padding: 0 !important; margin: 0 !important;}",".image-with-text__content {padding: 20px;}","@media screen and (max-width: 749px) {h2 {font-size: 35px; }}"],"settings":{"image":"shopify:\/\/shop_images\/Group-25.png","height":"adapt","desktop_image_width":"small","layout":"text_first","desktop_content_position":"top","desktop_content_alignment":"left","content_layout":"no-overlap","section_color_scheme":"scheme-506cfe82-0541-43b7-a171-c09c2ea6a427","color_scheme":"scheme-506cfe82-0541-43b7-a171-c09c2ea6a427","image_behavior":"none","mobile_content_alignment":"left","padding_top":36,"padding_bottom":36}},"multicolumn_zx9b4Q":{"type":"multicolumn","blocks":{"column_d8MYrF":{"type":"column","settings":{"title":"LEED certified","text":"<p>LEED stands for Leadership in Energy and Environmental Design. It is a certification that demonstrates your construction or renovation project reduces or eliminates negative environmental impacts and\/or creates positive ones. The six main benefits of LEED certification will improve your building and company’s financial, environmental and health factors.<\/p>","link_label":"","link":""}},"column_d7pbnz":{"type":"column","settings":{"title":"Sustainable Apparel Coaliation Higg Index Audit Verified","text":"<p>The Higg Index is a self-assessment tool designed to help clothing and footwear companies evaluate their social and environmental impacts and push the fashion industry into a more sustainable and ethical future. It helps companies perform more directed and effective assessments by providing specific criteria for companies or unbiased third parties to evaluate.<\/p>","link_label":"","link":""}},"column_idW4fT":{"type":"column","settings":{"title":"Annually inspected by ELEVATE","text":"<p>ELEVATE is a company that provides sustainability and supply chain services to companies. They offer a range of services including social and environmental assessments, training and consulting services. The evaluation of health safety and environment is a part of the environmental assessment service that ELEVATE provides.<\/p>","link_label":"","link":""}},"column_EqcUx3":{"type":"column","settings":{"title":"And SMETA Audited","text":"<p>SMETA stands for Sedex Members Ethical Trade Audit. It is one of the most widely used ethical audit formats in the world. SMETA audits have given thousands of businesses confidence they are working with sustainable suppliers. The benefits of SMETA for businesses include increased visibility, prioritizing high risks, improving supplier performance and complying with legislation<\/p>","link_label":"","link":""}}},"block_order":["column_d8MYrF","column_d7pbnz","column_idW4fT","column_EqcUx3"],"disabled":true,"custom_css":["h3 {font-weight: 700; font-family: nimbus-sans, sans-serif; font-size: 18px; line-height: 1.4; letter-spacing: 0px;}",".multicolumn-card {background: transparent;}",".multicolumn-card__info {padding: 0;}"],"settings":{"title":"","heading_size":"h1","image_width":"full","image_ratio":"adapt","columns_desktop":2,"column_alignment":"left","background_style":"primary","button_label":"","button_link":"","color_scheme":"scheme-506cfe82-0541-43b7-a171-c09c2ea6a427","columns_mobile":"1","swipe_on_mobile":false,"padding_top":48,"padding_bottom":36,"class":""}},"custom_liquid_4W6x4W":{"type":"custom-liquid","custom_css":[],"settings":{"custom_liquid":"<style>\n.image-with-text__media{\n border:0;\n}\n.banner__box{\n    background: transparent;\n}\n\np {\n  color: #0a0a0a;\n  font-size: 18px;\n  font-weight: 400;\n  line-height: 1.45;\n  font-style: normal;\n  padding: 0;\n  word-wrap: break-word;\n}\n.image-with-text__heading {\n    font-weight: 700;\n    line-height: 1.2;\n     font-size: 36px;\n    letter-spacing: 0px;\n    color: #03302D;\n    font-style: normal;\n    text-transform: none;\n    margin-top:0\n}\n\n.section-template--22150818464047__image_with_text_2_J8BH8m-padding .page-width{\n    max-width: 1380px;\n    margin: 0 auto;\n    padding: 0 24px;\n}\n#shopify-section-template--22150818464047__multicolumn_zx9b4Q .page-width{\n    max-width: 1380px;\n    margin: 0 auto;\n    padding: 0 24px;\n}\n@media screen and (max-width: 749px) {\np{\nfont-size: 16px\n}}\n@media screen and (min-width: 750px) {\n.image-with-text__media-item{\nwidth:45%!important;\n}\n\n<\/style>\n<script>\nif(window.innerWidth < 750){\n   \n}\n\n<\/script>","color_scheme":"scheme-506cfe82-0541-43b7-a171-c09c2ea6a427","padding_top":20,"padding_bottom":20}}},"order":["main","image_banner_DCakTB","rich_text_VhzWr3","image_with_text_2_x8GXqK","image_with_text_2_hVfxYb","image_banner_rtCFCD","image_with_text_2_ERVVDM","rich_text_LD43tN","multicolumn_me7Gpd","image_banner_ACfE88","image_with_text_2_WnCFCe","image_banner_Cf8E3d","image_banner_ABcJ7U","image_with_text_2_tXUPdC","image_with_text_2_V7Ahdc","image_with_text_2_yAUHbU","image_with_text_2_TfYxRi","image_banner_qqWqAi","image_with_text_2_yHV3cB","image_banner_GB49Qg","image_banner_KejLxP","image_with_text_2_J8BH8m","multicolumn_zx9b4Q","custom_liquid_4W6x4W"]}