{"sections":{"main":{"type":"main-page","disabled":true,"settings":{"padding_top":28,"padding_bottom":28}},"faqs_section_PrL3mQ":{"type":"faqs-section","settings":{}},"image_banner_9Ab3iy":{"type":"image-banner","blocks":{"heading_UXyjzb":{"type":"heading","settings":{"heading":"<strong>Questions?<\/strong>","heading_size":"h0"}},"buttons_gggJze":{"type":"buttons","settings":{"button_label_1":"Contact Us","button_link_1":"shopify:\/\/pages\/contact","button_style_secondary_1":false,"button_label_2":"","button_link_2":"","button_style_secondary_2":false}}},"block_order":["heading_UXyjzb","buttons_gggJze"],"custom_css":[".button {background: #ffb824; border-radius: 45px !important; padding-left: 32px; padding-right: 32px;}",".button:hover {background: #f2f2f2; text-decoration: underline;}",".button::after,.button::before {display: none;}","@media (max-width: 749px) {.banner--mobile-bottom {padding: 100px 25px; } .banner--mobile-bottom .banner__media {position: absolute; height: 100%; }}","@media (min-width: 750px) {.banner__box {min-width: 600px; }}",".banner__box {background: rgba(255, 255, 255, 0.75);}"],"settings":{"image":"shopify:\/\/shop_images\/FL5A9708_hero_2500x900_bb0bf339-4dd3-4ec6-8ef7-357e82f65e1d.webp","image_overlay_opacity":0,"image_height":"small","desktop_content_position":"middle-center","show_text_box":true,"desktop_content_alignment":"center","color_scheme":"background-2","image_behavior":"none","mobile_content_alignment":"center","stack_images_on_mobile":true,"show_text_below":true}}},"order":["main","faqs_section_PrL3mQ","image_banner_9Ab3iy"]}