{"sections":{"main":{"type":"main-page","disabled":true,"custom_css":[],"settings":{"padding_top":28,"padding_bottom":28}},"image_banner_npLdbF":{"type":"image-banner","blocks":{"heading_Q4b98E":{"type":"heading","disabled":true,"settings":{"heading":"<strong>Technology<\/strong>","heading_size":"h0"}}},"block_order":["heading_Q4b98E"],"settings":{"image":"shopify:\/\/shop_images\/Technology.png","video_show":false,"image_overlay_opacity":10,"image_height":"adapt","desktop_content_position":"middle-center","show_text_box":false,"desktop_content_alignment":"center","color_scheme":"scheme-e24c21f4-574f-44ce-9b14-7986368e0fd3","image_behavior":"none","mobile_content_alignment":"center","stack_images_on_mobile":true,"show_text_below":true}},"rich_text_pHFY7n":{"type":"rich-text","blocks":{"heading_7XWqyE":{"type":"heading","settings":{"heading":"<h1><strong>Seamless Design, Effortless Comfort<\/strong><\/h1>","heading_size":"h1"}},"text_wRnCRM":{"type":"text","settings":{"text":"<p>Every pair of THEESE deliver pillowy softness and permanent waterproofing.<\/p><p>Our proprietary technologies and innovative processes<strong> combine comfort and waterproofing in motion<\/strong>, resulting in shoes that  combine durability and protection while ensuring internal comfort. Enjoy stability, security, and an effortless glide as the shoe seamlessly integrates with your foot.<\/p>"}}},"block_order":["heading_7XWqyE","text_wRnCRM"],"custom_css":[".rich-text__blocks {max-width: 100%;}","@media screen and (max-width: 1580px) {.rich-text__wrapper {padding: 0 30px; }}","@media screen and (max-width: 749px) {.rich-text__wrapper {padding: 0 10px; }}"],"settings":{"desktop_content_position":"center","content_alignment":"left","color_scheme":"scheme-2af00c36-f6c5-468a-8097-6e434044d715","full_width":true,"padding_top":24,"padding_bottom":32}},"multicolumn_7J6FFi":{"type":"multicolumn","blocks":{"column_gr68VY":{"type":"column","settings":{"image":"shopify:\/\/shop_images\/tech_icon_heel_support_2x_no_text_1.png","title":"","text":"<p><strong>Protection<\/strong><\/p>","link_label":"","link":""}},"column_yEn4hf":{"type":"column","settings":{"image":"shopify:\/\/shop_images\/tech_icon_heel_support_2x_no_text.png","title":"","text":"<p><strong>Support<\/strong><\/p>","link_label":"","link":""}},"column_ED6K6d":{"type":"column","settings":{"image":"shopify:\/\/shop_images\/tech_icon_comfortable_2x_no_text.png","title":"","text":"<p><strong>Comfort<\/strong><\/p>","link_label":"","link":""}},"column_UHjbTP":{"type":"column","settings":{"image":"shopify:\/\/shop_images\/tech_icon_all_season_2x_no_text.png","title":"","text":"<p><strong>Stability<\/strong><\/p>","link_label":"","link":""}}},"block_order":["column_gr68VY","column_yEn4hf","column_ED6K6d","column_UHjbTP"],"custom_css":[".multicolumn-card__info {padding-bottom: 0;}",".multicolumn-card__info p {font-size: 16px;}"],"settings":{"title":"","heading_size":"h1","image_width":"third","image_ratio":"adapt","columns_desktop":4,"column_alignment":"center","background_style":"none","button_label":"","button_link":"","color_scheme":"scheme-ae78d2c3-0e6c-40b5-9c53-4e55e8710738","columns_mobile":"2","swipe_on_mobile":false,"padding_top":32,"padding_bottom":32,"class":""}},"svglogo":{"type":"svglogo-with-text","blocks":{"column_LW8FET":{"type":"column","settings":{"image":"<svg id=\"Group_420\" data-name=\"Group 420\" xmlns=\"http:\/\/www.w3.org\/2000\/svg\" width=\"130.896\" height=\"130.896\" viewbox=\"0 0 130.896 130.896\" xmlns:xlink=\"http:\/\/www.w3.org\/1999\/xlink\">\n  <defs>\n    <clippath id=\"clip-path\">\n      <rect id=\"Rectangle_153\" data-name=\"Rectangle 153\" width=\"130.896\" height=\"130.896\" fill=\"#ffffff\"><\/rect>\n    <\/clippath>\n  <\/defs>\n  <g id=\"Group_419\" data-name=\"Group 419\" clip-path=\"url(#clip-path)\">\n    <path id=\"Path_694\" data-name=\"Path 694\" d=\"M65.449,0A65.448,65.448,0,1,0,130.9,65.448,65.523,65.523,0,0,0,65.449,0M6.907,65.448a58.3,58.3,0,0,1,14.932-39l36.93,36.93H47.786a2.072,2.072,0,0,0,0,4.144H60.334l-18.1,18.1V73.074a2.072,2.072,0,0,0-4.144,0v14.99H23.1a2.072,2.072,0,0,0,0,4.145H35.644L28.953,98.9a1.726,1.726,0,0,0,2.441,2.441l9.133-9.134H57.22a2.072,2.072,0,0,0,0-4.145H44.671L64.065,68.671l40.386,40.386A58.5,58.5,0,0,1,6.907,65.448m102.151,39-36.93-36.93h9.782a2.072,2.072,0,1,0,0-4.143H69.361L89.906,42.83H106.6a2.072,2.072,0,1,0,0-4.143H94.05l7.906-7.906a1.726,1.726,0,0,0-2.441-2.441l-7.906,7.905V23.7a2.072,2.072,0,1,0-4.144,0v14.99H72.474a2.072,2.072,0,0,0,0,4.144H85.023l-18.1,18.1V48.385a2.072,2.072,0,0,0-4.144,0v9.781L26.446,21.838a58.5,58.5,0,0,1,82.612,82.612\" transform=\"translate(0 0)\" fill=\"#ffffff\"><\/path>\n    <path id=\"Path_695\" data-name=\"Path 695\" d=\"M128.71,70.443a2.072,2.072,0,0,0-2.072,2.072v7.1a2.072,2.072,0,0,0,4.145,0v-7.1a2.072,2.072,0,0,0-2.072-2.072\" transform=\"translate(-39.173 -21.791)\" fill=\"#ffffff\"><\/path>\n    <path id=\"Path_696\" data-name=\"Path 696\" d=\"M92.963,106.19a2.072,2.072,0,0,0-2.072,2.072v7.1a2.072,2.072,0,0,0,4.145,0v-7.1a2.072,2.072,0,0,0-2.072-2.072\" transform=\"translate(-28.116 -32.848)\" fill=\"#ffffff\"><\/path>\n    <path id=\"Path_697\" data-name=\"Path 697\" d=\"M57.216,141.937a2.072,2.072,0,0,0-2.072,2.072v7.1a2.072,2.072,0,0,0,4.144,0v-7.1a2.071,2.071,0,0,0-2.072-2.072\" transform=\"translate(-17.058 -43.906)\" fill=\"#ffffff\"><\/path>\n  <\/g>\n<\/svg>","text_color_svg":"#ffffff","title":"Protection","text_color":"#ffb81c"}},"column_HXJztb":{"type":"column","settings":{"image":"<svg id=\"Group_418\" data-name=\"Group 418\" xmlns=\"http:\/\/www.w3.org\/2000\/svg\" width=\"130.9\" height=\"130.9\" viewbox=\"0 0 130.9 130.9\" xmlns:xlink=\"http:\/\/www.w3.org\/1999\/xlink\">\n  <defs>\n    <clippath id=\"clip-path\">\n      <rect id=\"Rectangle_152\" data-name=\"Rectangle 152\" width=\"130.9\" height=\"130.9\" fill=\"##ffffff\"><\/rect>\n    <\/clippath>\n  <\/defs>\n  <g id=\"Group_417\" data-name=\"Group 417\" clip-path=\"url(#clip-path)\">\n    <path id=\"Path_691\" data-name=\"Path 691\" d=\"M71.232,106.03H36.982a14.3,14.3,0,0,1-.338-28.6,20.4,20.4,0,0,1,38.928,5.711,11.858,11.858,0,0,1-4.34,22.893M36.972,81.566a10.16,10.16,0,0,0,.01,20.32h34.25a7.714,7.714,0,1,0,0-15.427,2.072,2.072,0,0,1,0-4.144h.008A16.249,16.249,0,0,0,40.968,78a14.405,14.405,0,0,1,4.593,2.278,2.072,2.072,0,0,1-2.48,3.321,10.221,10.221,0,0,0-6.11-2.035\" transform=\"translate(-7.015 -20.172)\" fill=\"##ffffff\"><\/path>\n    <path id=\"Path_692\" data-name=\"Path 692\" d=\"M65.45,130.9a65.45,65.45,0,1,1,65.45-65.45A65.524,65.524,0,0,1,65.45,130.9m0-123.994a58.543,58.543,0,1,0,58.543,58.543A58.61,58.61,0,0,0,65.45,6.906\" transform=\"translate(0 0)\" fill=\"##ffffff\"><\/path>\n    <path id=\"Path_693\" data-name=\"Path 693\" d=\"M74.221,39.414,62.885,68.091,117.14,97.633h14.026l3.263-8.16a6.055,6.055,0,0,0-2.866-7.64A47.22,47.22,0,0,1,116.434,69.6L97.756,46.647l-8,11.328-9.79-3.837L79.28,41.414Z\" transform=\"translate(-19.451 -12.191)\" fill=\"##ffffff\"><\/path>\n  <\/g>\n<\/svg>","text_color_svg":"#ffffff","title":"Support","text_color":"#ffb81c"}},"column_R9rBY8":{"type":"column","settings":{"image":"<svg id=\"Group_414\" data-name=\"Group 414\" xmlns=\"http:\/\/www.w3.org\/2000\/svg\" width=\"130.9\" height=\"130.9\" viewbox=\"0 0 130.9 130.9\" xmlns:xlink=\"http:\/\/www.w3.org\/1999\/xlink\">\n  <defs>\n    <clippath id=\"clip-path\">\n      <rect id=\"Rectangle_150\" data-name=\"Rectangle 150\" width=\"130.9\" height=\"130.9\" fill=\"##ffffff\"><\/rect>\n    <\/clippath>\n  <\/defs>\n  <g id=\"Group_413\" data-name=\"Group 413\" clip-path=\"url(#clip-path)\">\n    <path id=\"Path_677\" data-name=\"Path 677\" d=\"M65.45,0A65.45,65.45,0,1,0,130.9,65.449,65.524,65.524,0,0,0,65.45,0m0,123.993a58.543,58.543,0,1,1,58.543-58.544A58.61,58.61,0,0,1,65.45,123.993\" fill=\"##ffffff\"><\/path>\n    <path id=\"Path_678\" data-name=\"Path 678\" d=\"M87.828,103.868V47.856a2.3,2.3,0,1,0-4.6-.011v56.023a7.127,7.127,0,1,0,4.6,0m.228,6.723a2.527,2.527,0,1,1-2.527-2.527,2.53,2.53,0,0,1,2.527,2.527\" transform=\"translate(-24.251 -14.084)\" fill=\"##ffffff\"><\/path>\n    <path id=\"Path_679\" data-name=\"Path 679\" d=\"M56.144,115.432H48.094a2.3,2.3,0,0,0,.007,4.6h8.067a2.3,2.3,0,1,0-.023-4.6\" transform=\"translate(-14.172 -35.705)\" fill=\"##ffffff\"><\/path>\n    <path id=\"Path_680\" data-name=\"Path 680\" d=\"M58.306,57.2H55.082a2.3,2.3,0,0,0,.006,4.6h3.241a2.3,2.3,0,1,0-.023-4.6\" transform=\"translate(-16.334 -17.692)\" fill=\"##ffffff\"><\/path>\n    <path id=\"Path_681\" data-name=\"Path 681\" d=\"M56.144,92.139H48.094a2.3,2.3,0,0,0,.007,4.6h8.067a2.3,2.3,0,1,0-.023-4.6\" transform=\"translate(-14.172 -28.5)\" fill=\"##ffffff\"><\/path>\n    <path id=\"Path_682\" data-name=\"Path 682\" d=\"M48.1,50.15h8.067a2.3,2.3,0,1,0-.023-4.6H48.093a2.3,2.3,0,0,0,.007,4.6\" transform=\"translate(-14.172 -14.09)\" fill=\"##ffffff\"><\/path>\n    <path id=\"Path_683\" data-name=\"Path 683\" d=\"M58.306,103.786H55.082a2.3,2.3,0,0,0,.006,4.6h3.241a2.3,2.3,0,1,0-.023-4.6\" transform=\"translate(-16.334 -32.103)\" fill=\"##ffffff\"><\/path>\n    <path id=\"Path_684\" data-name=\"Path 684\" d=\"M93.151,92.263V43.528a11.953,11.953,0,0,0-23.905,0v48.84a5.654,5.654,0,0,1-1.172,3.469,16.769,16.769,0,0,0,12.765,27.215H81.2a16.772,16.772,0,0,0,13.1-27.259,5.646,5.646,0,0,1-1.143-3.531m-2.452,6.4a12.129,12.129,0,0,1-.984,16.319l0,0a12.007,12.007,0,0,1-8.779,3.47,12.389,12.389,0,0,1-11.914-12.262A12.067,12.067,0,0,1,71.67,98.7a10.237,10.237,0,0,0,2.174-6.334V43.528a7.354,7.354,0,1,1,14.707,0V92.235A10.249,10.249,0,0,0,90.7,98.662\" transform=\"translate(-19.92 -9.767)\" fill=\"##ffffff\"><\/path>\n    <path id=\"Path_685\" data-name=\"Path 685\" d=\"M56.144,68.845H48.094a2.3,2.3,0,0,0,.007,4.6h8.067a2.3,2.3,0,1,0-.023-4.6\" transform=\"translate(-14.172 -21.295)\" fill=\"##ffffff\"><\/path>\n    <path id=\"Path_686\" data-name=\"Path 686\" d=\"M58.3,85.091h.033a2.3,2.3,0,1,0-.023-4.6H55.081a2.3,2.3,0,0,0,.007,4.6Z\" transform=\"translate(-16.334 -24.897)\" fill=\"##ffffff\"><\/path>\n    <path id=\"Path_687\" data-name=\"Path 687\" d=\"M140.68,80.346a8.174,8.174,0,0,0-9.727-.283A8.209,8.209,0,0,0,118.81,90.215c1.5,3.2,5.853,7.812,11.872,10.378l.271.116.271-.116c6.023-2.571,10.375-7.182,11.874-10.384a8.191,8.191,0,0,0-2.418-9.862m-1.25,6.716c-.193,2.482-3.123,5.521-8.48,8.8-4.267-2.558-6.993-5.08-8.107-7.506a3.747,3.747,0,0,1,3.395-5.327l.117,0a4.011,4.011,0,0,1,2.977,1.5l.079.083a2.371,2.371,0,0,0,3.58-.493,3.639,3.639,0,0,1,4.744-.391,3.9,3.9,0,0,1,1.7,3.333\" transform=\"translate(-36.52 -24.311)\" fill=\"##ffffff\"><\/path>\n  <\/g>\n<\/svg>","text_color_svg":"#ffffff","title":"Comfort","text_color":"#ffb81c"}},"column_wdiBU6":{"type":"column","settings":{"image":"<svg id=\"Group_430\" data-name=\"Group 430\" xmlns=\"http:\/\/www.w3.org\/2000\/svg\" width=\"130.9\" height=\"130.9\" viewbox=\"0 0 130.9 130.9\" xmlns:xlink=\"http:\/\/www.w3.org\/1999\/xlink\">\n  <defs>\n    <clippath id=\"clip-path\">\n      <rect id=\"Rectangle_154\" data-name=\"Rectangle 154\" width=\"130.9\" height=\"130.9\" fill=\"none\"><\/rect>\n    <\/clippath>\n  <\/defs>\n  <g id=\"Group_429\" data-name=\"Group 429\" clip-path=\"url(#clip-path)\">\n    <path id=\"Path_699\" data-name=\"Path 699\" d=\"M65.45,0A65.45,65.45,0,1,0,130.9,65.45h0A65.524,65.524,0,0,0,65.45,0m0,123.993a58.543,58.543,0,1,1,58.543-58.544A58.544,58.544,0,0,1,65.45,123.993\" fill=\"##ffffff\"><\/path>\n    <path id=\"Path_700\" data-name=\"Path 700\" d=\"M35.713,10.891c.638,9.739.114,37.045-5.333,50.852-6.465,12.635-7.823,20.716,2.773,22.625s25.141,5,34.1,15.133c6.023,6.17,15.279,5.583,15.279,5.583H93.848c7.345,0,15.72-7.787,9.549-12.047H98.843c-8.228-1.763-11.019-3.82-13.81-6.171S67.9,72.321,65.45,54.4c-1.341-9.789-.6-39.029,0-47.49\" fill=\"none\" stroke=\"##ffffff\" stroke-linecap=\"round\" stroke-miterlimit=\"10\" stroke-width=\"4\"><\/path>\n    <path id=\"Path_701\" data-name=\"Path 701\" d=\"M43.938,70.533c6.567,1.372,15.9,2.374,24.571-.1a2.56,2.56,0,0,0,1.81-2.892c-.833-4.875-1.61-16.79-5.53-17.589C57.473,59.007,52.7,62.966,43.695,65.844a2.426,2.426,0,0,0,.243,4.689\" fill=\"##ffffff\"><\/path>\n    <path id=\"Path_702\" data-name=\"Path 702\" d=\"M48.581,40.149a2.927,2.927,0,1,1-2.928-2.927,2.927,2.927,0,0,1,2.928,2.927\" fill=\"##ffffff\"><\/path>\n    <path id=\"Path_703\" data-name=\"Path 703\" d=\"M58.567,40.149a2.84,2.84,0,1,1-2.841-2.841,2.841,2.841,0,0,1,2.841,2.841\" fill=\"##ffffff\"><\/path>\n    <path id=\"Path_704\" data-name=\"Path 704\" d=\"M42.369,47.9a11.7,11.7,0,0,0,16.556,0\" fill=\"none\" stroke=\"##ffffff\" stroke-linecap=\"round\" stroke-miterlimit=\"10\" stroke-width=\"2.528\"><\/path>\n    <path id=\"Path_705\" data-name=\"Path 705\" d=\"M37.609,68.908c4.845,0,14.154-.728,18.57-2.323S59.861,56.329,52.688,56c-6.669-.3-15.079,12.9-15.079,12.9\" fill=\"#e4e9e8\"><\/path>\n    <path id=\"Path_706\" data-name=\"Path 706\" d=\"M54.195,64.544c-6.728,1.4-16.293,2.433-25.174-.1a2.621,2.621,0,0,1-1.854-2.963c.853-5,3.257-16.626,7.274-17.445,7.495,9.273,10.773,12.753,20,15.7a2.486,2.486,0,0,1-.249,4.8\" fill=\"##ffffff\"><\/path>\n  <\/g>\n<\/svg>","text_color_svg":"#ffffff","title":"Stability","text_color":"#ffb81c"}}},"block_order":["column_LW8FET","column_HXJztb","column_R9rBY8","column_wdiBU6"],"disabled":true,"settings":{"section_bg":"#03302d","padding_top":36,"padding_bottom":0}},"custom_image_text_emXnyq":{"type":"custom-image-text","blocks":{"icon_rcFqVi":{"type":"icon","settings":{"icon-img":"shopify:\/\/shop_images\/waterp_100x_1.png"}},"caption_YXGTWj":{"type":"caption","settings":{"caption":"Protection","txtClr":"#fcb316","text_style":"subtitle","text_size":"large"}},"heading_CYAtpz":{"type":"heading","settings":{"heading":"Superior Waterproofing","heading_size":"h0"}},"text_xgT7BF":{"type":"text","settings":{"text":"<p>THEESE.DRY is our proprietary technology that fully laminates an ultra-thin waterproof membrane to a completed outer shoe after all stitching and assembly. This results in a waterproof membrane that maintains 100% integrity and complete water-tightness.<\/p>","text_style":"body"}}},"block_order":["icon_rcFqVi","caption_YXGTWj","heading_CYAtpz","text_xgT7BF"],"settings":{"image":"shopify:\/\/shop_images\/RM-02456_7bc546bf-30d1-4506-a270-33768e45fe40.jpg","height":"adapt","desktop_image_width":"medium","layout":"text_first","desktop_content_position":"middle","desktop_content_alignment":"left","content_layout":"no-overlap","section_color_scheme":"scheme-506cfe82-0541-43b7-a171-c09c2ea6a427","color_scheme":"scheme-506cfe82-0541-43b7-a171-c09c2ea6a427","image_behavior":"none","mobile_content_alignment":"left","padding_top":20,"padding_bottom":0}},"image_with_faq_8h3kkr":{"type":"image-with-faq","blocks":{"section_NnaBya":{"type":"section","settings":{"faq-title":"Explore Waterproofing","faq-reviews":"Membrane Integrity","faq-content":"<p>Unlike commonly found in other waterproof footwear, our membrane is never damaged and maintains 100% integrity. We don't stitch through our membrane nor have holes to patch with tape. This ensures optimal waterproofing and prevents the dreaded \"toe-box\" leak.<\/p>"}},"section_hzEGTH":{"type":"section","settings":{"faq-title":"","faq-reviews":"Durability","faq-content":"<p>Without seams or stitches to compromise the membrane, our footwear resists wear and tear longer, so you can trust THEESE to stay waterproof, when it matters.<\/p>"}},"section_ghx9Qg":{"type":"section","settings":{"faq-title":"","faq-reviews":"Highly Breathable","faq-content":"<p>Our membrane responds to foot temperature and humidity, ensuring cool, dry feet in heat and warmth in cool conditions, while rapidly wicking away sweat and moisture.<\/p>"}}},"block_order":["section_NnaBya","section_hzEGTH","section_ghx9Qg"],"settings":{"faq_heading":"","faq-head":"center","images":"shopify:\/\/shop_images\/theese-membrane-laminate.gif","padding_top":0,"padding_bottom":20}},"custom_image_text_8gzYQc":{"type":"custom-image-text","blocks":{"icon_3Nakyz":{"type":"icon","settings":{"icon-img":"shopify:\/\/shop_images\/icon_heel_support_2x_no_text_green.png"}},"caption_6i7yVz":{"type":"caption","settings":{"caption":"Support","txtClr":"#fcb316","text_style":"subtitle","text_size":"medium"}},"heading_GQ3h8L":{"type":"heading","settings":{"heading":"Ultralight EVA Cushioned Midsole","heading_size":"h0"}},"text_QyCax9":{"type":"text","settings":{"text":"<p>Providing outstanding bounce and cushioning, our ultralight EVA midsole delivers superb shock absorption and superior comfort for a great bounce day after day.<\/p>","text_style":"body"}}},"block_order":["icon_3Nakyz","caption_6i7yVz","heading_GQ3h8L","text_QyCax9"],"settings":{"image":"shopify:\/\/shop_images\/side_cushioned_midsole_f1e20821-0afc-4249-a2d7-a04446456979.png","height":"adapt","desktop_image_width":"medium","layout":"text_first","desktop_content_position":"middle","desktop_content_alignment":"left","content_layout":"no-overlap","section_color_scheme":"scheme-506cfe82-0541-43b7-a171-c09c2ea6a427","color_scheme":"scheme-506cfe82-0541-43b7-a171-c09c2ea6a427","image_behavior":"none","mobile_content_alignment":"left","padding_top":20,"padding_bottom":0}},"image_with_faq_pQEyNe":{"type":"image-with-faq","blocks":{"section_6fLM9Q":{"type":"section","settings":{"faq-title":"Explore Cushion","faq-reviews":"Plush Cushioning","faq-content":"<p>Feel the soft cushioning plushness and gentle impact absorption on every step.<\/p>"}},"section_mx6rqV":{"type":"section","settings":{"faq-title":"","faq-reviews":"Ultralight Midsole","faq-content":"<p>Soft and featherlight feel. All the bounce and resilience without the weight.<\/p>"}},"section_Fk8qyX":{"type":"section","settings":{"faq-title":"","faq-reviews":"Dual inFoam™ Insole","faq-content":"<p>Integrated two-part insole system--a permanent inFoam™ base layer, paired with our inFoam™ removable insole. Kind of like a pillow-top mattress for your feet. Only a lot more science-y.<\/p>"}}},"block_order":["section_6fLM9Q","section_mx6rqV","section_Fk8qyX"],"settings":{"faq_heading":"","faq-head":"center","images":"shopify:\/\/shop_images\/Support_combo.png","padding_top":0,"padding_bottom":20}},"custom_image_text_h4wx4U":{"type":"custom-image-text","blocks":{"icon_PCM93a":{"type":"icon","settings":{"icon-img":"shopify:\/\/shop_images\/tech_icon_comfortable_2x_no_text_green.png"}},"caption_CRnxzU":{"type":"caption","settings":{"caption":"Comfort","txtClr":"#fcb316","text_style":"subtitle","text_size":"medium"}},"heading_rWcCt9":{"type":"heading","settings":{"heading":"The AirCushion Liner","heading_size":"h0"}},"text_enzgNg":{"type":"text","settings":{"text":"<p>Our AirCushion liner provides cloud-like cushioning underfoot while efficiently regulating temperature, keeping your feet cool when it’s hot and cozy when it’s cold.<\/p>","text_style":"body"}}},"block_order":["icon_PCM93a","caption_CRnxzU","heading_rWcCt9","text_enzgNg"],"settings":{"image":"shopify:\/\/shop_images\/side_air_cushion_4440307f-caaa-4656-a4ce-82928efd2b82.png","height":"adapt","desktop_image_width":"medium","layout":"text_first","desktop_content_position":"top","desktop_content_alignment":"left","content_layout":"no-overlap","section_color_scheme":"scheme-506cfe82-0541-43b7-a171-c09c2ea6a427","color_scheme":"scheme-506cfe82-0541-43b7-a171-c09c2ea6a427","image_behavior":"none","mobile_content_alignment":"left","padding_top":20,"padding_bottom":0}},"image_with_faq_JC4Y4M":{"type":"image-with-faq","blocks":{"section_jUqPer":{"type":"section","settings":{"faq-title":"Explore Comfort","faq-reviews":"AirCushion Liner","faq-content":"<p>Slip your foot into a world of plush softness in the AirCushion liner. Millions of micro air pockets cradle your foot for a soft and cozy feel.<\/p>"}},"section_VPKggx":{"type":"section","settings":{"faq-title":"","faq-reviews":"Built-in Climate Control","faq-content":"<p>Warm when they need to be warm, cool when they need to be cool. AirCushion is temperature regulating, ensuring your feet stay cushioned and feeling just right.<\/p>"}}},"block_order":["section_jUqPer","section_VPKggx"],"settings":{"faq_heading":"","faq-head":"center","images":"shopify:\/\/shop_images\/Comfort_combo_aa62a156-f557-4ffb-8d12-c6bfa85a253d.png","padding_top":0,"padding_bottom":20}},"custom_image_text_R3mXBj":{"type":"custom-image-text","blocks":{"icon_DBMdG3":{"type":"icon","settings":{"icon-img":"shopify:\/\/shop_images\/tech_icon_all_season_2x_no_text_green.png"}},"caption_YVQx6F":{"type":"caption","settings":{"caption":"Stability","txtClr":"#fcb316","text_style":"subtitle","text_size":"medium"}},"heading_zXewYt":{"type":"heading","settings":{"heading":"HeelGrip Support","heading_size":"h0"}},"text_pRVJ4F":{"type":"text","settings":{"text":"<p>HeelGrip gently cradles the contours of your ankle and heel, ensuring a secure hold and optimal support with every step.<\/p>","text_style":"body"}}},"block_order":["icon_DBMdG3","caption_YVQx6F","heading_zXewYt","text_pRVJ4F"],"settings":{"image":"shopify:\/\/shop_images\/side_heelgrip_3ff7aab8-b0bb-4647-9523-2f925bf04f81.png","height":"adapt","desktop_image_width":"medium","layout":"text_first","desktop_content_position":"top","desktop_content_alignment":"left","content_layout":"no-overlap","section_color_scheme":"scheme-506cfe82-0541-43b7-a171-c09c2ea6a427","color_scheme":"scheme-506cfe82-0541-43b7-a171-c09c2ea6a427","image_behavior":"none","mobile_content_alignment":"left","padding_top":20,"padding_bottom":0}},"image_with_faq_MLxKrb":{"type":"image-with-faq","blocks":{"section_EhFwRq":{"type":"section","settings":{"faq-title":"Explore Stability","faq-reviews":"Rearfoot HeelGrip","faq-content":"<p>A supportive heel backing that wraps snugly around your ankle, cradling your heel with unwavering support.<\/p>"}},"section_8RBcxb":{"type":"section","settings":{"faq-title":"","faq-reviews":"Collar HeelGrip","faq-content":"<p>Plush collar cushion to secure your ankle and heel, keeping you stable, aligned and comfortably protected from impact.<\/p>"}}},"block_order":["section_EhFwRq","section_8RBcxb"],"settings":{"faq_heading":"","faq-head":"center","images":"shopify:\/\/shop_images\/HeelGrip_Heel_Ankle_Support_09dae885-4aaa-4018-820b-962f663cd48f.png","padding_top":0,"padding_bottom":20}},"custom_image_text_tmddVw":{"type":"custom-image-text","blocks":{"heading_ekUJPi":{"type":"heading","settings":{"heading":"Feet on the ground, easy on the earth.","heading_size":"h0"}},"text_ezGbc3":{"type":"text","settings":{"text":"<p>Our naturally-sourced castor bean oil based insoles deliver way more comfort than traditional petroleum-based insoles. Your feet and the planet will thank you.<\/p>","text_style":"body"}},"button_xA3pCL":{"type":"button","settings":{"button_label":"Shop now","button_link":"shopify:\/\/collections\/women","button_style_secondary":false}}},"block_order":["heading_ekUJPi","text_ezGbc3","button_xA3pCL"],"custom_css":[".image-with-text__heading {padding-right: 8vw;}",".button {color: #0a0a0a; background-color: #fcb316; font-family: \"Bookmania\", Helvetica, Arial, sans-serif; font-weight: bold; font-size: 16px; line-height: 1.2; text-transform: none; border-style: none; border-width: 0px; border-color: initial; border-radius: 20px !important; opacity: 1;}",".button:after {display: none;}"],"settings":{"image":"shopify:\/\/shop_images\/side_feet_on_ground.png","height":"adapt","desktop_image_width":"medium","layout":"text_first","desktop_content_position":"middle","desktop_content_alignment":"left","content_layout":"no-overlap","section_color_scheme":"","color_scheme":"","image_behavior":"none","mobile_content_alignment":"left","padding_top":0,"padding_bottom":0}}},"order":["main","image_banner_npLdbF","rich_text_pHFY7n","multicolumn_7J6FFi","svglogo","custom_image_text_emXnyq","image_with_faq_8h3kkr","custom_image_text_8gzYQc","image_with_faq_pQEyNe","custom_image_text_h4wx4U","image_with_faq_JC4Y4M","custom_image_text_R3mXBj","image_with_faq_MLxKrb","custom_image_text_tmddVw"]}