{"sections":{"main":{"type":"main-page","custom_css":[],"settings":{"padding_top":28,"padding_bottom":28}},"customer_support_section_ncYFXV":{"type":"customer-support-section","custom_css":[".middle-div:nth-child(3) {background: #e6e6e6;}",".middle-div:nth-child(3) h3 a {color: #000;}"],"settings":{"icon_image1":"shopify:\/\/shop_images\/message.png","icon_image2":"shopify:\/\/shop_images\/shoes.png","title1":"<a href=\"\/pages\/faq\" title=\"FAQ\">FAQs<\/a>","desc1":"<a href=\"\/pages\/faq\" title=\"FAQ\">Answering your most asked Qs.<\/a>","title2":"<a href=\"\/pages\/size-guide\" title=\"Size Guide\">Size Guide<\/a>","desc2":"<a href=\"\/pages\/size-guide\" title=\"Size Guide\">Let’s help You find the perfect fit.<\/a>","shape_bg":"shopify:\/\/shop_images\/cs_1_flow_state_black_hockey_lifestyle.jpg","image_position":"Start"}},"customer_support_section_JMkW49":{"type":"customer-support-section","settings":{"icon_image1":"shopify:\/\/shop_images\/help_exchange.webp","icon_image2":"shopify:\/\/shop_images\/search.png","title1":"<a href=\"\/pages\/returns-and-exchanges\" title=\"Returns and Exchanges\">Returns & Exchanges<\/a>","desc1":"<a href=\"\/pages\/returns-and-exchanges\" title=\"Returns and Exchanges\">You've got 30 days!<\/a>","title2":"<a href=\"\/a\/orderstatus\" title=\"\/a\/orderstatus\">Track My Order<\/a>","desc2":"<a href=\"\/a\/orderstatus\" title=\"\/a\/orderstatus\">Check your order’s delivery status.<\/a>","shape_bg":"shopify:\/\/shop_images\/cs2.jpg","image_position":"End"}},"customer_support_section_3rJygH":{"type":"customer-support-section","custom_css":[".customer_support .textBox h3 {font-size: 28px;}","@media (max-width: 749px) {.customer_support .textBox h3 {font-size: 23px; }}"],"settings":{"icon_image1":"shopify:\/\/shop_images\/comment.png","icon_image2":"shopify:\/\/shop_images\/envelope.png","title1":"Chat With Us","desc1":"Everyday: 9am to 5pm PST","title2":"<a href=\"\/pages\/contact\" title=\"Contact\">support@weartheese.com<\/a>","desc2":"<a href=\"\/pages\/contact\" title=\"Contact\">Please give us 1 to 2 days to get back to you.<\/a>","shape_bg":"shopify:\/\/shop_images\/cs3.jpg","image_position":"Start"}}},"order":["main","customer_support_section_ncYFXV","customer_support_section_JMkW49","customer_support_section_3rJygH"]}