{"sections":{"main":{"type":"main-page","disabled":true,"settings":{"padding_top":28,"padding_bottom":28}},"image_banner_edefRW":{"type":"image-banner","blocks":{"heading_VGXTz6":{"type":"heading","settings":{"heading":"Returns and Exchanges","heading_size":"h2"}}},"block_order":["heading_VGXTz6"],"custom_css":[".banner__box {background: transparent;}","h2 {font-weight: 700; font-size: 40px; text-align: center; font-family: nimbus-sans, sans-serif; line-height: 1.2; letter-spacing: 0px;}","@media screen and (max-width: 460px) {h2 {font-size: 30px; }}"],"settings":{"image":"shopify:\/\/shop_images\/returns-1.webp","video_show":false,"image_overlay_opacity":0,"image_height":"small","desktop_content_position":"middle-center","show_text_box":true,"desktop_content_alignment":"center","color_scheme":"accent-1","image_behavior":"none","mobile_content_alignment":"center","stack_images_on_mobile":true,"show_text_below":false}},"rich_text_iF6Dk6":{"type":"rich-text","blocks":{"heading_EBNjYH":{"type":"heading","settings":{"heading":"<h1>Looking to return or exchange?<\/h1>","heading_size":"h1"}},"text_gbzzbk":{"type":"text","settings":{"text":"<p>We want to make sure you love THEESE. That’s why we offer hassle-free returns and exchanges within 30 days on unworn products. Whether you need an exchange or a refund, we’re here to make you smile. <br\/><br\/>To be eligible for a return or exchange, please follow these guidelines:<\/p><ul><li>Return items in their original, unworn, unused condition<\/li><li>In its original packaging, including all stuffers<\/li><li>Keep the original box intact; a $5 fee will apply if damaged or altered<\/li><li>Package shoes in a box or poly mailer (do not affix return labels directly on the shoe box).<\/li><li>Not a Final Sale item<\/li><\/ul>"}},"button_gGYNnJ":{"type":"button","settings":{"button_label":"Start Return and Exchange","button_link":"https:\/\/weartheese.com\/a\/returns","button_style_secondary":false,"button_label_2":"","button_link_2":"","button_style_secondary_2":false}},"text_CUXXEf":{"type":"text","settings":{"text":"<p>When your request is accepted, we’ll send you a postage paid return shipping label, as well as instructions on how to return the items. Items sent back to us without first requesting a return will not be accepted. <br\/><br\/>You can always contact us for any questions at <a href=\"mailto:support@weartheese.com?subject=Return%20and%20exchange%20question\" title=\"mailto:support@weartheese.com?subject=Return%20and%20exchange%20question\">support@weartheese.com<\/a>.<br\/><br\/><strong>Damages and issues<\/strong><br\/><br\/>Inspect your order upon receipt. Contact us immediately for any issues with defects, damages, or incorrect items.<br\/><br\/><strong>Exchanges<\/strong><br\/><br\/>Not the correct size? Go to our portal and do an exchange, we'll send out the correct size as soon as we receive your original order back.<\/p><p><strong>Exceptions \/ non-returnable items<\/strong><br\/><br\/>Unfortunately, we cannot accept returns or exchanges on final sale items or gift cards. Final sale items include any products marked down during special promotions and will be marked off as Final Sale.<\/p><p><strong>Refunds<\/strong><br\/><br\/>Once we receive and approve your request, we'll notify you and process your refund within 10 business days to your original payment method. Contact us if you haven't received your refund after 15 business days.<\/p><p>We're here to ensure your satisfaction every step of the way.<br\/><br\/>Contact us at <a href=\"mailto:support@weartheese.com?subject=Return%20and%20exchange%20question\" title=\"mailto:support@weartheese.com?subject=Return%20and%20exchange%20question\">support@weartheese.com<\/a> for any return or exchange inquiries.<\/p>"}}},"block_order":["heading_EBNjYH","text_gbzzbk","button_gGYNnJ","text_CUXXEf"],"custom_css":[".rich-text__heading {font-size: 30px; line-height: 1; letter-spacing: 0px; color: #03302d !important; font-family: nimbus-sans, sans-serif; font-weight: 900 !important; font-style: bolder; text-transform: none;}",".rich-text__text {color: #0a0a0a; font-family: bookmania, serif; font-size: 16px; font-weight: 400; line-height: 1.25; font-style: normal; padding: 0; word-wrap: break-word;}"],"settings":{"desktop_content_position":"center","content_alignment":"left","color_scheme":"scheme-4cac5e43-317a-4ff8-a1fa-8b065ceb3870","full_width":true,"padding_top":40,"padding_bottom":52}}},"order":["main","image_banner_edefRW","rich_text_iF6Dk6"]}