{"sections":{"rich_text_7F4AJT":{"type":"rich-text","blocks":{"heading_UfeaYQ":{"type":"heading","settings":{"heading":"<h1><strong>Puddle Proof Promise<\/strong><\/h1>","heading_size":"h1"}}},"block_order":["heading_UfeaYQ"],"settings":{"desktop_content_position":"center","content_alignment":"center","color_scheme":"scheme-e24c21f4-574f-44ce-9b14-7986368e0fd3","full_width":true,"padding_top":40,"padding_bottom":52}},"main":{"type":"main-page","disabled":true,"settings":{"padding_top":36,"padding_bottom":36}},"rich_text_8Lq6Gr":{"type":"rich-text","blocks":{"text_VVwU9M":{"type":"text","settings":{"text":"<p>All THEESE are covered by a 365-day puddle proof promise! So even if it’s pouring cats and dogs, your feet will stay dry and cozy. Just remember, our warranty doesn’t cover physical damage.<\/p>"}},"button_4BLefq":{"type":"button","settings":{"button_label":"Email Us","button_link":"mailto:support@weartheese.com?subject=Warranty%20question","button_style_secondary":false,"button_label_2":"","button_link_2":"","button_style_secondary_2":false}}},"block_order":["text_VVwU9M","button_4BLefq"],"settings":{"desktop_content_position":"center","content_alignment":"center","color_scheme":"scheme-4cac5e43-317a-4ff8-a1fa-8b065ceb3870","full_width":true,"padding_top":40,"padding_bottom":52}}},"order":["rich_text_7F4AJT","main","rich_text_8Lq6Gr"]}