{"sections":{"main":{"type":"main-pdp-section","blocks":{"breadcrumb_3fgjzi":{"type":"breadcrumb","settings":{"breadcrumb":true}},"title":{"type":"title","settings":{}},"loox_reviews_loox_rating_yDedfx":{"type":"shopify:\/\/apps\/loox-reviews\/blocks\/loox-rating\/5c3b337f-fd14-4df5-b1d6-80ec13e6e28e","settings":{"contentSize":16,"pattern":"","hideText":false,"alignment":"","layout":"","textColor":"","starColor":"","showAllReviews":false,"looxOpenFloatingWidget":false,"emptyRatingWidget":false}},"text_TtXQ6j":{"type":"text","disabled":true,"settings":{"text":"<em><strong>Hurry... Summer sale ends today!<\/strong><\/em>","text_style":"uppercase"}},"price":{"type":"price","settings":{"text_price":"","text_price_fo":"15px","free_text_italic":true,"text_color":"#000000","text_bg_color":"#f2f2f2"}},"description":{"type":"description","settings":{}},"text_bar_XJfH6a":{"type":"text_bar","disabled":true,"settings":{"text01":"shopify:\/\/shop_images\/Scent_1.png","text001":"Sweet Smell","text02":"shopify:\/\/shop_images\/non-toxic_1.png","text002":"No Toxic Oil","text03":"shopify:\/\/shop_images\/Herbal_1.png","text003":"Natural Scent","bg_colo":"#03302d","text_colo":"#f5f5f5"}},"toggle_AcnczQ":{"type":"toggle","settings":{"tab_01title":"Women","tab_02title":"Men"}},"variant_picker":{"type":"variant_picker","settings":{"picker_type":"button"}},"popup_rkkRFt":{"type":"popup","settings":{"details":"","text":"Size Chart","size_tabel_link":""}},"buy_buttons":{"type":"buy_buttons","settings":{"show_dynamic_checkout":false,"show_gift_card_recipient":true,"show_addtocart":true}},"klarna_on_site_messaging_app_block_j3E4VL":{"type":"shopify:\/\/apps\/klarna-on-site-messaging\/blocks\/app-block\/b95936a9-74b6-4a95-8103-6a1b6459c25e","settings":{"data_key":"credit-promotion-auto-size","locale_option":"geolocation","locale_fallback":"","theme":"default","topPadding":"0","bottomPadding":"15","messagePrefix":""}},"loox_reviews_loox_snippets_widget_7hkFaj":{"type":"shopify:\/\/apps\/loox-reviews\/blocks\/loox-snippets-widget\/5c3b337f-fd14-4df5-b1d6-80ec13e6e28e","settings":{"alignment":"left","max-width":"","color-scheme":"default","shadow":"","show-rating":true,"show-image":true,"hide-arrows-mobile":false,"font-size":14,"show-border":false,"border-radius":16,"background-color":"","text-color":"","name-color":"","rating-icon-color":"","border-color":"","shadow-color":"","reviews-limit":10}},"collapsible_tab_new_g7QtLV":{"type":"collapsible_tab_new","settings":{"title_p_img":"shopify:\/\/shop_images\/icon-waterproof-blk.png","title-p":"THEESE.DRY","tooltip_content":"Our advanced, breathable, waterproof membrane provides permanent and complete water-tightness."}},"collapsible_tab_new_N6HrXk":{"type":"collapsible_tab_new","settings":{"title_p_img":"shopify:\/\/shop_images\/icon-heel-support-blk.png","title-p":"HeelGrip Support","tooltip_content":"HeelGrip gently cradles the contours of your ankle and heel, ensuring a secure hold and optimal support with every step."}},"collapsible_tab_new_rtVhdt":{"type":"collapsible_tab_new","settings":{"title_p_img":"shopify:\/\/shop_images\/icon-ultralight-blk.png","title-p":"Ultralight EVA Midsole","tooltip_content":"Very lightweight and provides outstanding bounce and cushioning. Superior comfort for a great bounce day after day."}},"collapsible_tab_7Qzr3N":{"type":"collapsible_tab","disabled":true,"settings":{"heading":"FIND IN STORE","icon":"none","content":"<p>See if this item is available at a store location near you to pick up.<\/p>","page":""}},"collapsible_tab_new_pcbW4r":{"type":"collapsible_tab_new","disabled":true,"settings":{"title_p_img":"shopify:\/\/shop_images\/icon-breathable.png","title-p":"Breathable","tooltip_content":"Our membrane efficiently wicks moisture away from the feet while blocking water penetration. This ensures optimal airflow, keeping you dry and cool by actively managing moisture."}},"collapsible_accordion_QcYT4t":{"type":"collapsible_accordion","settings":{"accordion_heading":"Details & Features","accordion_content":"<p>Casual footwear for those who like to enjoy themselves with a sense of, y'know, purpose.<\/p><ul><li>100% waterproof<\/li><li>Lightweight and breathable knit<\/li><li>Cushioned collar for ideal fit<\/li><li>Removable inFoam™ insoles <\/li><li>Rubber outsole<\/li><li>Recycled laces<\/li><\/ul>"}},"collapsible_accordion_FyEDF7":{"type":"collapsible_accordion","settings":{"accordion_heading":"Fit & Feel","accordion_content":"<ul><li><strong>True-to-size<\/strong><\/li><li>Standard width<\/li><\/ul><p>If you’re in between sizes (i.e., <em>half size<\/em>): <em><strong>size up<\/strong><\/em> for a more relaxed fit.<\/p><p>Check <a href=\"\/pages\/size-guide\" target=\"_blank\" title=\"Size Guide\">our size guide<\/a> for full details and to measure your feet size.<\/p>"}},"collapsible_accordion_QNf4WB":{"type":"collapsible_accordion","settings":{"accordion_heading":"Care Guide","accordion_content":"<p>Carefully hand wash using cool water and a mild detergent. Be sure to only softly scrub the knit upper with a gentle brush. Always let the shoes air dry completely. Do not machine dry.<\/p>"}},"collapsible_accordion_Q3kPTK":{"type":"collapsible_accordion","disabled":true,"settings":{"accordion_heading":"Free Shipping & Returns","accordion_content":"<ul><li>Free standard shipping<\/li><li>Free 30-day returns and exchanges<\/li><\/ul>"}},"complementary_XPEVjC":{"type":"complementary","disabled":true,"settings":{"block_heading":"","make_collapsible_row":false,"icon":"price_tag","product_list_limit":4,"products_per_page":3,"pagination_style":"dots","image_ratio":"portrait","enable_quick_add":true}},"collapsible_shippingblock_YfEBtX":{"type":"collapsible_shippingblock","settings":{"title_p_img01":"shopify:\/\/shop_images\/Tile-1-free-shipping-returns-icon.png","block_title01":"Free Shipping & Exchanges","text_01":"Free standard shipping on every order. Need to exchange? It's on us.","url_01":"","title_p_img02":"shopify:\/\/shop_images\/Tile-2-30-day-icon_750x_b3561173-239d-4798-b908-8ee621ca3aa9.png","block_title02":"365 Days Warranty","text_02":"Even if it’s pouring cats and dogs, your feet will stay dry and cozy with our Puddle Proof Promise.","url_02":""}}},"block_order":["breadcrumb_3fgjzi","title","loox_reviews_loox_rating_yDedfx","text_TtXQ6j","price","description","text_bar_XJfH6a","toggle_AcnczQ","variant_picker","popup_rkkRFt","buy_buttons","klarna_on_site_messaging_app_block_j3E4VL","loox_reviews_loox_snippets_widget_7hkFaj","collapsible_tab_new_g7QtLV","collapsible_tab_new_N6HrXk","collapsible_tab_new_rtVhdt","collapsible_tab_7Qzr3N","collapsible_tab_new_pcbW4r","collapsible_accordion_QcYT4t","collapsible_accordion_FyEDF7","collapsible_accordion_QNf4WB","collapsible_accordion_Q3kPTK","complementary_XPEVjC","collapsible_shippingblock_YfEBtX"],"settings":{"enable_sticky_info":true,"color_scheme":"background-1","media_size":"large","constrain_to_viewport":false,"media_fit":"contain","gallery_layout":"thumbnail_slider","media_position":"left","image_zoom":"lightbox","mobile_thumbnails":"show","hide_variants":false,"enable_video_looping":false,"padding_top":36,"padding_bottom":12,"highlights_position":"right","highlights_title":"Purpose Highlights","highlight_text1":"Advanced Waterproofing","highlight_text2":"HeelGrip Support","highlight_text3":"Ultralight EVA Midsole","highlight_text4":"","accordion_position":"right","size_tabel":true,"toggle_color_bg":"#e4e9e8","toggle_color_tx":"#01302d","toggle_color_bg_a":"#03302d","toggle_color_tx_a":"#ffffff","swatches_color_bg":"#f5f5f5","swatches_color_tx":"#03302d","swatches_color_border":"#03302d","swatches_color_bg_a":"#ffb81c","swatches_color_tx_a":"#121212","button_color_bg":"#ffb81c","button_color_tx":"#121212","button_color_bg_a":"#ffb81c","button_color_tx_a":"#121212","button_color_txt":"18px","button_mob_txt":"17px","text_color_accord":"#03302d","text_accord":"16px","text_accord_mob":"16px","text_accordsub_color":"#03302d","text_accordsub":"16px","text_accordsub_mob":"16px","purpose-highlights":false,"sold_out":"Sold out","show_discount":false,"per_save":"save"}},"pdp_image_with_text_HPUEC9":{"type":"pdp-image-with-text","blocks":{"text_YKCw6y":{"type":"text","settings":{"text":"<strong>Goodbye Soggy Feet<\/strong>","textblock":"<p>100% THEESE are 100% waterproof. Not just a coating--our advanced waterproof membrane ensures complete water-tightness!<\/p>"}},"text_qBCYpE":{"type":"text","settings":{"text":"<strong>All Day Comfort<\/strong>","textblock":"<p>Our plush collar cushion and supportive heel backing secures your feet inside the shoe to keep them stable and dry. It's comfy, all day, everyday.<\/p>"}},"text_GrKefM":{"type":"text","settings":{"text":"Soft and Cushy","textblock":"<p>Our removable inFoam™ insoles are castor bean oil-based for astounding support and elasticity. It provides an incredibly light step with a little bounce.<\/p>"}}},"block_order":["text_YKCw6y","text_qBCYpE","text_GrKefM"],"disabled":true,"settings":{"image":"shopify:\/\/shop_images\/RM-02793_8cdc8f8d-809b-45e4-8767-8bd9652157c3.png","hotspot001":true,"hotspot01":"THEESE.DRY","hotspot01_text":"<p>Our advanced, breathable, waterproof membrane provides permanent and complete water-tightness.    <\/p>","left01":25,"top01":25,"bg01":"#fafafa","text01":"#03302d","hotspot002":true,"hotspot02":"HeelGrip Support","hotspot02_text":"<p>Our advanced, breathable, waterproof membrane provides permanent and complete water-tightness.    <\/p>","left02":53,"top02":81,"bg02":"#03302d","text02":"#fafafa","padding_top":36,"padding_bottom":36}},"multicolumn_UYYEjG":{"type":"multicolumn","blocks":{"column_qarKfb":{"type":"column","settings":{"image":"shopify:\/\/shop_images\/icon_fully_waterproof.webp","title":"","text":"<p><strong>Fully<br\/>Waterproof<\/strong><\/p>","link_label":"","link":""}},"column_XjBKQw":{"type":"column","settings":{"image":"shopify:\/\/shop_images\/tech_icon_comfortable_2x_no_text.png","title":"","text":"<p><strong>All-day<br\/>Comfort<\/strong><\/p>","link_label":"","link":""}},"column_LjLDTx":{"type":"column","settings":{"image":"shopify:\/\/shop_images\/icon_heel_support_2x_no_text.png","title":"","text":"<p><strong>Heel<br\/>Support<\/strong><\/p>","link_label":"","link":""}},"column_TDPrj6":{"type":"column","settings":{"image":"shopify:\/\/shop_images\/shoe.webp","title":"","text":"<p><strong>The Shoe For<br\/>All Seasons<\/strong><\/p>","link_label":"","link":""}}},"block_order":["column_qarKfb","column_XjBKQw","column_LjLDTx","column_TDPrj6"],"custom_css":[".multicolumn .multicolumn-list .multicolumn-list__item .multicolumn-card .multicolumn-card__image-wrapper .multicolumn-card__image {opacity: 1 !important;}","@media (max-width: 767px) {ul.multicolumn-list {padding-top: 15px; }}"],"settings":{"title":"","heading_size":"h1","image_width":"third","image_ratio":"adapt","columns_desktop":4,"column_alignment":"center","background_style":"none","button_label":"","button_link":"","color_scheme":"scheme-ae78d2c3-0e6c-40b5-9c53-4e55e8710738","columns_mobile":"2","swipe_on_mobile":false,"padding_top":36,"padding_bottom":12,"class":""}},"multicolumn_ACcEJD":{"type":"multicolumn","blocks":{"column_DFKc9d":{"type":"column","settings":{"image":"shopify:\/\/shop_images\/Purpose-Waterproof-Shoe-Submersion.jpg","title":"<strong>Goodbye Soggy Feet<\/strong>","text":"<p>100% THEESE are 100% waterproof. Not just a coating--our advanced waterproof membrane ensures complete water-tightness!<\/p>","link_label":"","link":""}},"column_KijhKX":{"type":"column","settings":{"image":"shopify:\/\/shop_images\/purpose-vintage-white-heelgrip-support-detail_793864d1-a2b1-429f-b658-9c3db169cb58.jpg","title":"<strong>All Day Comfort<\/strong>","text":"<p>Our plush collar cushion and supportive heel backing secures your feet inside the shoe to keep them stable and dry. It's comfy, all day, everyday.<\/p>","link_label":"","link":""}},"column_EjmLPX":{"type":"column","settings":{"image":"shopify:\/\/shop_images\/ProductDetail_Purpose_Insole.jpg","title":"Soft and Cushy","text":"<p>Our removable inFoam™ insoles are castor bean oil-based for astounding support and elasticity. It provides an incredibly light step with a little bounce. <\/p>","link_label":"","link":""}}},"block_order":["column_DFKc9d","column_KijhKX","column_EjmLPX"],"custom_css":["h2 {font-weight: 700; font-size: 40px;}","h3 {font-weight: 700; font-size: 30px;}","p {font-size: 1.1em;}"],"settings":{"title":"<strong>Why you'll love|THEESE<\/strong>","heading_size":"h0","image_width":"full","image_ratio":"adapt","columns_desktop":3,"column_alignment":"left","background_style":"none","button_label":"","button_link":"","color_scheme":"scheme-506cfe82-0541-43b7-a171-c09c2ea6a427","columns_mobile":"1","swipe_on_mobile":false,"padding_top":36,"padding_bottom":0,"class":""}},"pdp_description_CGxAUm":{"type":"pdp-description","disabled":true,"settings":{"description_banner_image":"shopify:\/\/shop_images\/creators.webp"}},"image_with_text_2_CAtJcj":{"type":"image-with-text-2","blocks":{"heading_wbTUCa":{"type":"heading","settings":{"heading":"Timeless Classic","heading_size":"h1"}},"text_jyAMVB":{"type":"text","settings":{"text":"<p>An iconic silhouette of vintage favorites, now crafted in our innovative waterproof knit. This sophisticated style seamlessly transitions from workdays to weekends, providing an all-weather essential for every occasion.<\/p>","text_style":"body"}}},"block_order":["heading_wbTUCa","text_jyAMVB"],"custom_css":["p {\/*color: white;*\/ font-size: 1.1em;}","h2 {font-weight: 700; font-size: 40px; font-family: nimbus-sans, sans-serif; line-height: 1.2; letter-spacing: 0px; \/*color: white;*\/}",".image-with-text__content {padding: 60px;}",".image-with-text {\/* background: #03302d;*\/}"],"settings":{"image":"shopify:\/\/shop_images\/purpose-royal-blue-classic-lifestyle-flat-sneaker.jpg","height":"adapt","desktop_image_width":"medium","layout":"image_first","desktop_content_position":"middle","desktop_content_alignment":"left","content_layout":"no-overlap","section_color_scheme":"scheme-506cfe82-0541-43b7-a171-c09c2ea6a427","color_scheme":"scheme-506cfe82-0541-43b7-a171-c09c2ea6a427","image_behavior":"none","mobile_content_alignment":"left","padding_top":36,"padding_bottom":60}},"image_with_text_2_TQLyhI":{"type":"image-with-text-2","blocks":{"heading_psdQyy":{"type":"heading","settings":{"heading":"THEESE HeelGrip Support","heading_size":"h1"}},"text_zAhybo":{"type":"text","settings":{"text":"<p>HeelGrip gently cradles the contours of your foot for a secure hold, comfortably integrating your foot into the shoe. This ensures optimal support and confidence in every stride.<\/p>","text_style":"body"}}},"block_order":["heading_psdQyy","text_zAhybo"],"disabled":true,"custom_css":["p {\/*color: white;*\/}","h2 {font-weight: 700; font-size: 40px; font-family: nimbus-sans, sans-serif; line-height: 1.2; letter-spacing: 0px; \/*color: white;*\/}",".image-with-text__content {padding: 60px;}",".image-with-text {\/* background: #03302d;*\/}"],"settings":{"image":"shopify:\/\/shop_images\/HeelGrip_Heel_Ankle_Support.png","height":"adapt","desktop_image_width":"medium","layout":"image_first","desktop_content_position":"top","desktop_content_alignment":"left","content_layout":"no-overlap","section_color_scheme":"scheme-506cfe82-0541-43b7-a171-c09c2ea6a427","color_scheme":"scheme-506cfe82-0541-43b7-a171-c09c2ea6a427","image_behavior":"none","mobile_content_alignment":"left","padding_top":36,"padding_bottom":60}},"image_with_text_2_N3Atn6":{"type":"image-with-text-2","blocks":{"heading_LPPtaa":{"type":"heading","settings":{"heading":"<strong>Fit & Feel<\/strong>","heading_size":"h1"}},"text_zgkGca":{"type":"text","settings":{"text":"<p>True to size. If you’re in between sizes, we, say size up and get a more relaxed fit.<\/p>","text_style":"subtitle"}}},"block_order":["heading_LPPtaa","text_zgkGca"],"disabled":true,"custom_css":["@media screen and (min-width: 990px) {.image-with-text__content {padding-left: 40px; }}","h2 {font-weight: 700; font-size: 40px; font-family: nimbus-sans, sans-serif; line-height: 1.2; letter-spacing: 0px;}",".image-with-text__content {padding: 20px;}"],"settings":{"image":"shopify:\/\/shop_images\/purpose_01-purp.webp","height":"adapt","desktop_image_width":"medium","layout":"image_first","desktop_content_position":"middle","desktop_content_alignment":"left","content_layout":"no-overlap","section_color_scheme":"background-1","color_scheme":"scheme-2af00c36-f6c5-468a-8097-6e434044d715","image_behavior":"none","mobile_content_alignment":"left","padding_top":0,"padding_bottom":0}},"image_with_text_2_KkLnen":{"type":"image-with-text-2","blocks":{"heading_BcHN38":{"type":"heading","settings":{"heading":"<strong>Free Shipping & Returns<\/strong>","heading_size":"h1"}},"text_RmM6QL":{"type":"text","settings":{"text":"<p>Free shipping and 30 days for returns and exchanges.<\/p>","text_style":"subtitle"}}},"block_order":["heading_BcHN38","text_RmM6QL"],"disabled":true,"custom_css":["h2 {font-weight: 700; font-size: 40px; font-family: nimbus-sans, sans-serif; line-height: 1.2; letter-spacing: 0px;}",".image-with-text__content {padding: 20px;}"],"settings":{"image":"shopify:\/\/shop_images\/product_02-purp.webp","height":"adapt","desktop_image_width":"medium","layout":"text_first","desktop_content_position":"middle","desktop_content_alignment":"left","content_layout":"no-overlap","section_color_scheme":"background-1","color_scheme":"scheme-2af00c36-f6c5-468a-8097-6e434044d715","image_behavior":"none","mobile_content_alignment":"left","padding_top":36,"padding_bottom":36}},"image_with_text_2_MpXz4f":{"type":"image-with-text-2","blocks":{"heading_nGc7JU":{"type":"heading","settings":{"heading":"<strong>Care Guide<\/strong>","heading_size":"h1"}},"text_qjBMBY":{"type":"text","settings":{"text":"<p>Clean THEESE with warm water, a sponge or soft cloth, and mild detergent. Gently brushand let air dry (don’t put them in the dryer!)<\/p>","text_style":"body"}}},"block_order":["heading_nGc7JU","text_qjBMBY"],"disabled":true,"custom_css":["h2 {font-weight: 700; font-size: 40px; font-family: nimbus-sans, sans-serif; line-height: 1.2; letter-spacing: 0px;}",".image-with-text__content {padding: 20px;}"],"settings":{"image":"shopify:\/\/shop_images\/product_03-purp.webp","height":"adapt","desktop_image_width":"medium","layout":"image_first","desktop_content_position":"middle","desktop_content_alignment":"left","content_layout":"no-overlap","section_color_scheme":"background-1","color_scheme":"scheme-2af00c36-f6c5-468a-8097-6e434044d715","image_behavior":"none","mobile_content_alignment":"left","padding_top":36,"padding_bottom":36}},"custom_featured_collection_xacGhX":{"type":"custom-featured-collection","disabled":true,"settings":{"title":"THEESE Around The World","margin_top":40,"margin_bottom":40,"collection":"all","desktop_limit":4,"mobile_limit":2,"show_title":false,"show_price":false}},"product_faq_Pa7UAF":{"type":"product-faq","settings":{}},"1727030951418c39ba":{"type":"apps","blocks":{"loox_reviews_loox_dynamic_section_XMK3tP":{"type":"shopify:\/\/apps\/loox-reviews\/blocks\/loox-dynamic-section\/5c3b337f-fd14-4df5-b1d6-80ec13e6e28e","settings":{"only_photos":false,"aggregated":false,"limit":5,"hide_thumbnails":false,"maxwidth":1080,"is_sample":false}}},"block_order":["loox_reviews_loox_dynamic_section_XMK3tP"],"settings":{"include_margins":true}},"related-products":{"type":"related-products","disabled":true,"settings":{"heading":"You May Also Like","heading_size":"h2","products_to_show":4,"columns_desktop":4,"color_scheme":"background-1","image_ratio":"square","image_shape":"default","show_secondary_image":true,"show_vendor":false,"show_rating":false,"columns_mobile":"2","padding_top":60,"padding_bottom":28}},"approach_section_3KY7Mw":{"type":"approach-section","blocks":{"approach_block_jLMjCQ":{"type":"approach_block","settings":{"title":"100% Waterproof Shoe","description":"Stay cozy and dry, no matter the rain or weather. Our unmatched waterproof tech ensures you can splash through puddles worry-free!","button_label":"","link":""}},"approach_block_gHwUJK":{"type":"approach_block","settings":{"title":"All-day Comfort","description":"Treat your feet to a cloud-like hug with every step. It's not just comfy; it's like strolling on your very own fluffy pillows.","button_label":"","link":""}},"approach_block_eaTjUU":{"type":"approach_block","settings":{"title":"Stable and Secure","description":"Walk confidently and comfortably with our smart stability features – every step, well-supported and secure without compromising your freedom of movement.","button_label":"","link":""}}},"block_order":["approach_block_jLMjCQ","approach_block_gHwUJK","approach_block_eaTjUU"],"disabled":true,"custom_css":["h2 {color: #03302d;}"],"settings":{"title":"What Are THEESE?"}}},"order":["main","pdp_image_with_text_HPUEC9","multicolumn_UYYEjG","multicolumn_ACcEJD","pdp_description_CGxAUm","image_with_text_2_CAtJcj","image_with_text_2_TQLyhI","image_with_text_2_N3Atn6","image_with_text_2_KkLnen","image_with_text_2_MpXz4f","custom_featured_collection_xacGhX","product_faq_Pa7UAF","1727030951418c39ba","related-products","approach_section_3KY7Mw"]}