{"sections":{"main":{"type":"main-pdp-section","blocks":{"breadcrumb_3fgjzi":{"type":"breadcrumb","settings":{"breadcrumb":true}},"title":{"type":"title","settings":{}},"price":{"type":"price","settings":{}},"description":{"type":"description","settings":{}},"toggle_AcnczQ":{"type":"toggle","settings":{}},"junip_product_reviews_ugc_junip_product_summary_FdGewL":{"type":"shopify:\/\/apps\/junip-product-reviews-ugc\/blocks\/junip-product-summary\/dc14f5a8-ed15-41b1-ad08-cfba23f9789b","settings":{"product":"{{product}}"}},"variant_picker":{"type":"variant_picker","settings":{"picker_type":"button"}},"popup_rkkRFt":{"type":"popup","settings":{"details":"This style is available in whole sizes only. In between sizes? We recommend you size up.","text":"See Size Chart","page":"size-guide"}},"buy_buttons":{"type":"buy_buttons","settings":{"show_dynamic_checkout":false,"show_gift_card_recipient":true}},"collapsible_tab_7Qzr3N":{"type":"collapsible_tab","disabled":true,"settings":{"heading":"FIND IN STORE","icon":"none","content":"<p>See if this item is available at a store location near you to pick up.<\/p>","page":""}},"collapsible_accordion_QcYT4t":{"type":"collapsible_accordion","settings":{"accordion_heading":"Details & Features","accordion_content":"<ul><li>Heel bracket for stability<\/li><li>Cushioned collar for ideal fit<\/li><li>Removable, anti-bacterial insoles inFoam System<\/li><li>Rubber outsole<\/li><li>Recycled reflective laces<\/li><li>Light weight, breathable knit<\/li><\/ul>"}},"collapsible_accordion_FyEDF7":{"type":"collapsible_accordion","settings":{"accordion_heading":"Fit & Feel","accordion_content":"<p><strong>True-to-size<\/strong>.<\/p><p>Order your true US size. For half sizes, size up for a more relaxed fit.<\/p>"}},"collapsible_accordion_QNf4WB":{"type":"collapsible_accordion","settings":{"accordion_heading":"Care Guide","accordion_content":"<p>Gently wash THEESE by hand using warm water and a mild detergent. Ensure to only gently scrub the knit upper with a soft brush. Always allow the shoes to air dry fully instead of machine drying to prevent damage.<\/p>"}},"collapsible_accordion_Q3kPTK":{"type":"collapsible_accordion","settings":{"accordion_heading":"Free SHIPPING & RETURNS","accordion_content":"<ul><li>Free shipping on orders over $125<\/li><li>Free 30-day returns and exchanges<\/li><li>Final Sale items cannot be returned or exchanged: gift cards, or insoles<\/li><\/ul>"}},"complementary_XPEVjC":{"type":"complementary","disabled":true,"settings":{"block_heading":"Also Consider","make_collapsible_row":false,"icon":"price_tag","product_list_limit":4,"products_per_page":3,"pagination_style":"dots","image_ratio":"portrait","enable_quick_add":true}}},"block_order":["breadcrumb_3fgjzi","title","price","description","toggle_AcnczQ","junip_product_reviews_ugc_junip_product_summary_FdGewL","variant_picker","popup_rkkRFt","buy_buttons","collapsible_tab_7Qzr3N","collapsible_accordion_QcYT4t","collapsible_accordion_FyEDF7","collapsible_accordion_QNf4WB","collapsible_accordion_Q3kPTK","complementary_XPEVjC"],"settings":{"enable_sticky_info":true,"color_scheme":"background-1","media_size":"large","constrain_to_viewport":false,"media_fit":"contain","gallery_layout":"thumbnail_slider","media_position":"left","image_zoom":"lightbox","mobile_thumbnails":"show","hide_variants":true,"enable_video_looping":false,"padding_top":36,"padding_bottom":12,"highlights_position":"right","highlights_title":"Shoe Highlights","highlight_text1":"Your Highlight Text Here","highlight_text2":"Your Highlight Text Here","highlight_text3":"Your Highlight Text Here","highlight_text4":"Your Highlight Text Here","accordion_position":"right"}},"pdp_description_CGxAUm":{"type":"pdp-description","settings":{"description_banner_image":"shopify:\/\/shop_images\/creators.webp"}},"17061176276b10d4d0":{"type":"apps","blocks":{"junip_product_reviews_ugc_junip_product_review_mwN7wY":{"type":"shopify:\/\/apps\/junip-product-reviews-ugc\/blocks\/junip-product-review\/dc14f5a8-ed15-41b1-ad08-cfba23f9789b","settings":{"product":"{{product}}"}}},"block_order":["junip_product_reviews_ugc_junip_product_review_mwN7wY"],"settings":{"include_margins":true}},"image_with_text_2_CAtJcj":{"type":"image-with-text-2","blocks":{"heading_wbTUCa":{"type":"heading","settings":{"heading":"<strong>Reflective Laces<\/strong>","heading_size":"h1"}},"text_jyAMVB":{"type":"text","settings":{"text":"<p>Pair text with an image to focus on your chosen product<\/p>","text_style":"body"}}},"block_order":["heading_wbTUCa","text_jyAMVB"],"custom_css":["p {color: white;}","h2 {font-weight: 700; font-size: 50px; font-family: nimbus-sans, sans-serif; line-height: 1.4; letter-spacing: 0px; color: white;}",".image-with-text__content {padding: 20px;}",".image-with-text {background: #03302d;}"],"settings":{"image":"shopify:\/\/shop_images\/FlowState_Black_6_Detail_b57d1649-6a09-4232-8bff-d771a3d92064.jpg","height":"adapt","desktop_image_width":"small","layout":"text_first","desktop_content_position":"middle","desktop_content_alignment":"left","content_layout":"no-overlap","section_color_scheme":"","color_scheme":"","image_behavior":"none","mobile_content_alignment":"left","padding_top":36,"padding_bottom":36}},"image_with_text_2_N3Atn6":{"type":"image-with-text-2","blocks":{"heading_LPPtaa":{"type":"heading","settings":{"heading":"<strong>Fit & Feel<\/strong>","heading_size":"h1"}},"text_zgkGca":{"type":"text","settings":{"text":"<p>Pair text with an image to focus on your chosen product, collection, or blog post. Add details on availability, style, or even provide a review.<\/p>","text_style":"subtitle"}}},"block_order":["heading_LPPtaa","text_zgkGca"],"custom_css":["@media screen and (min-width: 990px) {.image-with-text__content {padding-left: 40px; }}","p {font-family: nimbus-sans, sans-serif;}","h2 {font-weight: 700; font-size: 50px; font-family: nimbus-sans, sans-serif; line-height: 1.4; letter-spacing: 0px;}",".image-with-text__content {padding: 20px;}"],"settings":{"image":"shopify:\/\/shop_images\/about_01_1_72622bfe-b61e-48f4-adbf-7ac5e27a1f1c.webp","height":"adapt","desktop_image_width":"medium","layout":"image_first","desktop_content_position":"middle","desktop_content_alignment":"left","content_layout":"no-overlap","section_color_scheme":"","color_scheme":"","image_behavior":"none","mobile_content_alignment":"left","padding_top":0,"padding_bottom":0}},"image_with_text_2_KkLnen":{"type":"image-with-text-2","blocks":{"heading_BcHN38":{"type":"heading","settings":{"heading":"<strong>Free Shipping & Returns<\/strong>","heading_size":"h1"}},"text_RmM6QL":{"type":"text","settings":{"text":"<p>Pair text with an image to focus on your chosen product, collection, or blog post. Add details on availability, style, or even provide a review.<\/p>","text_style":"subtitle"}}},"block_order":["heading_BcHN38","text_RmM6QL"],"custom_css":["p {font-family: nimbus-sans, sans-serif;}","h2 {font-weight: 700; font-size: 50px; font-family: nimbus-sans, sans-serif; line-height: 1.4; letter-spacing: 0px;}",".image-with-text__content {padding: 20px;}"],"settings":{"image":"shopify:\/\/shop_images\/about_02.webp","height":"adapt","desktop_image_width":"medium","layout":"text_first","desktop_content_position":"middle","desktop_content_alignment":"left","content_layout":"no-overlap","section_color_scheme":"","color_scheme":"","image_behavior":"none","mobile_content_alignment":"left","padding_top":36,"padding_bottom":36}},"image_with_text_2_MpXz4f":{"type":"image-with-text-2","blocks":{"heading_nGc7JU":{"type":"heading","settings":{"heading":"<strong>Care Guide<\/strong>","heading_size":"h1"}},"text_qjBMBY":{"type":"text","settings":{"text":"<p>THEESE isn’t just a waterproof shoe, THEESE are about feet empowered.<\/p>","text_style":"body"}}},"block_order":["heading_nGc7JU","text_qjBMBY"],"custom_css":["p {font-family: nimbus-sans, sans-serif;}","h2 {font-weight: 700; font-size: 50px; font-family: nimbus-sans, sans-serif; line-height: 1.4; letter-spacing: 0px;}",".image-with-text__content {padding: 20px;}"],"settings":{"image":"shopify:\/\/shop_images\/about_05r.jpg","height":"adapt","desktop_image_width":"medium","layout":"image_first","desktop_content_position":"middle","desktop_content_alignment":"left","content_layout":"no-overlap","section_color_scheme":"","color_scheme":"","image_behavior":"none","mobile_content_alignment":"left","padding_top":36,"padding_bottom":36}},"custom_featured_collection_xacGhX":{"type":"custom-featured-collection","disabled":true,"settings":{"title":"THEESE Around The World","margin_top":40,"margin_bottom":40,"collection":"all","desktop_limit":4,"mobile_limit":2,"show_title":false,"show_price":false}},"related-products":{"type":"related-products","settings":{"heading":"You May Also Like","heading_size":"h2","products_to_show":4,"columns_desktop":4,"color_scheme":"background-1","image_ratio":"square","image_shape":"default","show_secondary_image":true,"show_vendor":false,"show_rating":false,"columns_mobile":"2","padding_top":60,"padding_bottom":28}},"approach_section_3KY7Mw":{"type":"approach-section","blocks":{"approach_block_jLMjCQ":{"type":"approach_block","settings":{"title":"100% Waterproof Shoe","description":"Stay cozy and dry, no matter the rain or weather. Our unmatched waterproof tech ensures you can splash through puddles worry-free!","button_label":"Learn More","link":"shopify:\/\/pages\/theese-technology"}},"approach_block_gHwUJK":{"type":"approach_block","settings":{"title":"Pillowy Comfort","description":"Treat your feet to a cloud-like hug with every step. It's not just comfy; it's like strolling on your very own fluffy pillows.","button_label":"Learn More","link":"shopify:\/\/pages\/theese-technology"}},"approach_block_eaTjUU":{"type":"approach_block","settings":{"title":"Stable and Secure","description":"Walk confidently and comfortably with our smart stability features – every step, well-supported and secure without compromising your freedom of movement.","button_label":"Learn More","link":"shopify:\/\/pages\/theese-technology"}}},"block_order":["approach_block_jLMjCQ","approach_block_gHwUJK","approach_block_eaTjUU"],"settings":{"title":"What Are THEESE?"}}},"order":["main","pdp_description_CGxAUm","17061176276b10d4d0","image_with_text_2_CAtJcj","image_with_text_2_N3Atn6","image_with_text_2_KkLnen","image_with_text_2_MpXz4f","custom_featured_collection_xacGhX","related-products","approach_section_3KY7Mw"]}