{"sections":{"main":{"type":"main-pdp-section","blocks":{"breadcrumb_3fgjzi":{"type":"breadcrumb","settings":{"breadcrumb":true}},"title":{"type":"title","settings":{}},"loox_reviews_loox_rating_6MXhDP":{"type":"shopify:\/\/apps\/loox-reviews\/blocks\/loox-rating\/5c3b337f-fd14-4df5-b1d6-80ec13e6e28e","settings":{"contentSize":16,"pattern":"","hideText":false,"alignment":"","layout":"","textColor":"","starColor":"","showAllReviews":false,"looxOpenFloatingWidget":false,"emptyRatingWidget":false}},"price":{"type":"price","settings":{"text_price":"","text_price_fo":"15px","free_text_italic":true,"text_color":"#121212","text_bg_color":"#f2f2f2"}},"description":{"type":"description","settings":{}},"toggle_AcnczQ":{"type":"toggle","settings":{"tab_01title":"Women","tab_02title":"Men"}},"variant_picker":{"type":"variant_picker","settings":{"picker_type":"button"}},"popup_rkkRFt":{"type":"popup","settings":{"details":"","text":"Size Chart","size_tabel_link":""}},"buy_buttons":{"type":"buy_buttons","settings":{"show_dynamic_checkout":false,"show_gift_card_recipient":true,"show_addtocart":true}},"klarna_on_site_messaging_app_block_BKm8MC":{"type":"shopify:\/\/apps\/klarna-on-site-messaging\/blocks\/app-block\/b95936a9-74b6-4a95-8103-6a1b6459c25e","settings":{"data_key":"credit-promotion-auto-size","locale_option":"geolocation","locale_fallback":"","theme":"default","topPadding":"0","bottomPadding":"15","messagePrefix":""}},"loox_reviews_loox_snippets_widget_D6C9te":{"type":"shopify:\/\/apps\/loox-reviews\/blocks\/loox-snippets-widget\/5c3b337f-fd14-4df5-b1d6-80ec13e6e28e","settings":{"alignment":"left","max-width":"","color-scheme":"default","shadow":"","show-rating":true,"show-image":true,"hide-arrows-mobile":false,"font-size":14,"show-border":false,"border-radius":16,"background-color":"","text-color":"","name-color":"","rating-icon-color":"","border-color":"","shadow-color":"","reviews-limit":10}},"collapsible_tab_new_yYbizx":{"type":"collapsible_tab_new","settings":{"title_p_img":"shopify:\/\/shop_images\/icon-waterproof-blk.png","title-p":"THEESE.DRY","tooltip_content":"Our advanced, breathable, waterproof membrane provides permanent and complete water-tightness."}},"collapsible_tab_new_wKXdzc":{"type":"collapsible_tab_new","settings":{"title_p_img":"shopify:\/\/shop_images\/icon-heel-support-blk.png","title-p":"HeelGrip Support","tooltip_content":"HeelGrip gently cradles the contours of your ankle and heel, ensuring a secure hold and optimal support with every step."}},"collapsible_tab_new_EGkUpX":{"type":"collapsible_tab_new","settings":{"title_p_img":"shopify:\/\/shop_images\/icon-ultralight-blk.png","title-p":"Ultralight EVA Midsole","tooltip_content":"Very lightweight and provides outstanding bounce and cushioning. Superior comfort for a great bounce day after day."}},"collapsible_tab_7Qzr3N":{"type":"collapsible_tab","disabled":true,"settings":{"heading":"FIND IN STORE","icon":"none","content":"<p>See if this item is available at a store location near you to pick up.<\/p>","page":""}},"collapsible_accordion_QcYT4t":{"type":"collapsible_accordion","settings":{"accordion_heading":"Details & Features","accordion_content":"<ul><li>100% waterproof<\/li><li>Easy slip-on, slip-off design<\/li><li>Lightweight and breathable knit<\/li><li>Cushioned collar for ideal fit<\/li><li>Removable inFoam<strong>™<\/strong> insoles<\/li><li>Heel bracket for stability<\/li><li>Rubber outsole<\/li><li>Recycled reflective laces<\/li><\/ul>"}},"collapsible_accordion_FyEDF7":{"type":"collapsible_accordion","settings":{"accordion_heading":"Fit & Feel","accordion_content":"<ul><li><strong>True-to-size<\/strong><\/li><li>Standard width<\/li><li>Sock-like feel and fit<\/li><\/ul><p>If you’re in-between sizes (i.e., <em>half size<\/em>): <strong>size up<\/strong> for a more relaxed fit.<\/p><p>Check <a href=\"\/pages\/size-guide\" title=\"Size Guide\">our size guide<\/a> for full details and to measure your feet size.<\/p>"}},"collapsible_accordion_QNf4WB":{"type":"collapsible_accordion","settings":{"accordion_heading":"Care Guide","accordion_content":"<p>Carefully hand wash using cool water and a mild detergent. Be sure to only softly scrub the knit upper with a gentle brush. Always let the shoes air dry completely instead of using a machine dryer to avoid damage.<\/p>"}},"collapsible_accordion_Q3kPTK":{"type":"collapsible_accordion","disabled":true,"settings":{"accordion_heading":"Free Shipping & Returns","accordion_content":"<ul><li>Free standard shipping<\/li><li>Free 30-day returns and exchanges<\/li><\/ul>"}},"complementary_XPEVjC":{"type":"complementary","disabled":true,"settings":{"block_heading":"Also Consider","make_collapsible_row":false,"icon":"price_tag","product_list_limit":4,"products_per_page":3,"pagination_style":"dots","image_ratio":"portrait","enable_quick_add":true}},"faq_4GQCmC":{"type":"faq","disabled":true,"settings":{}},"collapsible_shippingblock_ppJJ9e":{"type":"collapsible_shippingblock","settings":{"title_p_img01":"shopify:\/\/shop_images\/Tile-1-free-shipping-returns-icon.png","block_title01":"Free Shipping & Exchanges","text_01":"Free standard shipping on every order. Need to exchange? It's on us.","url_01":"","title_p_img02":"shopify:\/\/shop_images\/Tile-2-30-day-icon_750x_b3561173-239d-4798-b908-8ee621ca3aa9.png","block_title02":"365 Days Warranty","text_02":"Even if it’s pouring cats and dogs, your feet will stay dry and cozy with our Puddle Proof Promise.","url_02":""}}},"block_order":["breadcrumb_3fgjzi","title","loox_reviews_loox_rating_6MXhDP","price","description","toggle_AcnczQ","variant_picker","popup_rkkRFt","buy_buttons","klarna_on_site_messaging_app_block_BKm8MC","loox_reviews_loox_snippets_widget_D6C9te","collapsible_tab_new_yYbizx","collapsible_tab_new_wKXdzc","collapsible_tab_new_EGkUpX","collapsible_tab_7Qzr3N","collapsible_accordion_QcYT4t","collapsible_accordion_FyEDF7","collapsible_accordion_QNf4WB","collapsible_accordion_Q3kPTK","complementary_XPEVjC","faq_4GQCmC","collapsible_shippingblock_ppJJ9e"],"settings":{"enable_sticky_info":true,"color_scheme":"background-1","media_size":"large","constrain_to_viewport":false,"media_fit":"contain","gallery_layout":"thumbnail_slider","media_position":"left","image_zoom":"lightbox","mobile_thumbnails":"show","hide_variants":true,"enable_video_looping":false,"padding_top":36,"padding_bottom":12,"highlights_position":"right","highlights_title":"Flow State Highlights","highlight_text1":"Advanced Waterproofing","highlight_text2":"HeelGrip Support","highlight_text3":"Ultralight EVA Midsole","highlight_text4":"","accordion_position":"right","size_tabel":true,"toggle_color_bg":"#e4e9e8","toggle_color_tx":"#01302d","toggle_color_bg_a":"#03302d","toggle_color_tx_a":"#ffffff","swatches_color_bg":"#f5f5f5","swatches_color_tx":"#03302d","swatches_color_border":"#03302d","swatches_color_bg_a":"#ffb81c","swatches_color_tx_a":"#03302d","button_color_bg":"#ffb81c","button_color_tx":"#121212","button_color_bg_a":"#ffb81c","button_color_tx_a":"#121212","button_color_txt":"18px","button_mob_txt":"17px","text_color_accord":"#03302d","text_accord":"16px","text_accord_mob":"16px","text_accordsub_color":"#03302d","text_accordsub":"16px","text_accordsub_mob":"16px","purpose-highlights":false,"sold_out":"Sold out","show_discount":false,"per_save":"save"}},"multicolumn_bLjUH6":{"type":"multicolumn","blocks":{"column_6DbCMY":{"type":"column","settings":{"image":"shopify:\/\/shop_images\/icon_fully_waterproof.webp","title":"","text":"<p><strong>Fully<br\/>Waterproof<\/strong><\/p>","link_label":"","link":""}},"column_YjdHAK":{"type":"column","settings":{"image":"shopify:\/\/shop_images\/tech_icon_comfortable_2x_no_text.png","title":"","text":"<p><strong>All-day<br\/>Comfort<\/strong><\/p>","link_label":"","link":""}},"column_efBH3C":{"type":"column","settings":{"image":"shopify:\/\/shop_images\/icon_heel_support_2x_no_text.png","title":"","text":"<p><strong>Heel<br\/>Support<\/strong><\/p>","link_label":"","link":""}},"column_QpLkf7":{"type":"column","settings":{"image":"shopify:\/\/shop_images\/shoe.webp","title":"","text":"<p><strong>The Shoe For<br\/>All Seasons<\/strong><\/p>","link_label":"","link":""}}},"block_order":["column_6DbCMY","column_YjdHAK","column_efBH3C","column_QpLkf7"],"custom_css":["@media (max-width: 767px) {ul.multicolumn-list {padding-top: 15px; }}"],"settings":{"title":"","heading_size":"h1","image_width":"third","image_ratio":"adapt","columns_desktop":4,"column_alignment":"center","background_style":"none","button_label":"","button_link":"","color_scheme":"scheme-ae78d2c3-0e6c-40b5-9c53-4e55e8710738","columns_mobile":"2","swipe_on_mobile":false,"padding_top":40,"padding_bottom":12,"class":""}},"pdp_description_CGxAUm":{"type":"pdp-description","disabled":true,"settings":{"description_banner_image":"shopify:\/\/shop_images\/creators.webp"}},"multicolumn_rWH8bX":{"type":"multicolumn","blocks":{"column_BhyCWX":{"type":"column","settings":{"image":"shopify:\/\/shop_images\/flow-state-waterproof-shoe-in-water.jpg","title":"<strong>Fully Waterproof<\/strong>","text":"<p>100% THEESE are 100% waterproof. Not just a coating--our advanced waterproof membrane ensures complete water-tightness!<\/p>","link_label":"","link":""}},"column_NyXhBU":{"type":"column","settings":{"image":"shopify:\/\/shop_images\/flow-state-heelgrip-ankle-heel-support1.jpg","title":"<strong>Plush Collar Cushion<\/strong>","text":"<p>A plush collar cushion gently hugs your feet, creating a cocoon of comfort that ensures you feel supported from morning till night.<\/p>","link_label":"","link":""}},"column_Vx7QWq":{"type":"column","settings":{"image":"shopify:\/\/shop_images\/product_details_heelgrip.jpg","title":"<strong>HeelGrip Support<\/strong>","text":"<p>Our supportive heel bracket secures your feet to keep them stable and secure, dry and comfy.<\/p>","link_label":"","link":""}}},"block_order":["column_BhyCWX","column_NyXhBU","column_Vx7QWq"],"custom_css":["h2 {font-weight: 700; font-size: 40px;}","h3 {font-weight: 700; font-size: 30px;}","p {font-size: 1.1em;}"],"settings":{"title":"<strong>Why you'll love|THEESE<\/strong>","heading_size":"h1","image_width":"full","image_ratio":"adapt","columns_desktop":3,"column_alignment":"left","background_style":"none","button_label":"","button_link":"","color_scheme":"scheme-506cfe82-0541-43b7-a171-c09c2ea6a427","columns_mobile":"1","swipe_on_mobile":false,"padding_top":36,"padding_bottom":0,"class":""}},"image_with_text_2_CAtJcj":{"type":"image-with-text-2","blocks":{"heading_wbTUCa":{"type":"heading","settings":{"heading":"<strong>Reflective Laces<\/strong>","heading_size":"h1"}},"text_jyAMVB":{"type":"text","settings":{"text":"<p>Reflective laces and loops are here for you when it's dark in the park, dim in the gym, or foggy in the soggy.<\/p>","text_style":"body"}}},"block_order":["heading_wbTUCa","text_jyAMVB"],"custom_css":["p {\/*color: white;*\/ font-size: 1.1em;}","h2 {font-weight: 700; font-size: 40px; font-family: nimbus-sans, sans-serif; line-height: 1.2; letter-spacing: 0px; \/*color: white;*\/}",".image-with-text__content {padding: 60px;}",".image-with-text {\/* background: #03302d;*\/}"],"settings":{"image":"shopify:\/\/shop_images\/flow-state-white-lifestyle-waterproof-shoe.jpg","height":"adapt","desktop_image_width":"medium","layout":"image_first","desktop_content_position":"middle","desktop_content_alignment":"left","content_layout":"no-overlap","section_color_scheme":"scheme-506cfe82-0541-43b7-a171-c09c2ea6a427","color_scheme":"scheme-506cfe82-0541-43b7-a171-c09c2ea6a427","image_behavior":"none","mobile_content_alignment":"left","padding_top":36,"padding_bottom":36}},"image_with_text_2_kdEj7b":{"type":"image-with-text-2","blocks":{"heading_DgHNgk":{"type":"heading","settings":{"heading":"<strong>THEESE HeelGrip System<\/strong>","heading_size":"h1"}},"text_WJA63L":{"type":"text","settings":{"text":"<p>HeelGrip gently cradles the contours of your foot for a secure hold, comfortably integrating your foot into the shoe. This ensures optimal support and confidence in every stride.<\/p>","text_style":"body"}}},"block_order":["heading_DgHNgk","text_WJA63L"],"disabled":true,"custom_css":["p {\/*color: white;*\/}","h2 {font-weight: 700; font-size: 40px; font-family: nimbus-sans, sans-serif; line-height: 1.2; letter-spacing: 0px; \/*color: white;*\/}",".image-with-text__content {padding: 60px;}",".image-with-text {\/* background: #03302d;*\/}"],"settings":{"image":"shopify:\/\/shop_images\/HeelGrip_Heel_Ankle_Support.png","height":"adapt","desktop_image_width":"medium","layout":"image_first","desktop_content_position":"top","desktop_content_alignment":"left","content_layout":"no-overlap","section_color_scheme":"scheme-506cfe82-0541-43b7-a171-c09c2ea6a427","color_scheme":"scheme-506cfe82-0541-43b7-a171-c09c2ea6a427","image_behavior":"none","mobile_content_alignment":"left","padding_top":36,"padding_bottom":36}},"image_with_text_2_N3Atn6":{"type":"image-with-text-2","blocks":{"heading_LPPtaa":{"type":"heading","settings":{"heading":"<strong>Fit & Feel<\/strong>","heading_size":"h1"}},"text_zgkGca":{"type":"text","settings":{"text":"<p>True to size. If you’re in between sizes, we, say size up and get a more relaxed fit.<\/p>","text_style":"subtitle"}}},"block_order":["heading_LPPtaa","text_zgkGca"],"disabled":true,"custom_css":["@media screen and (min-width: 990px) {.image-with-text__content {padding-left: 40px; }}","h2 {font-weight: 700; font-size: 40px; font-family: nimbus-sans, sans-serif; line-height: 1.2; letter-spacing: 0px;}",".image-with-text__content {padding: 20px;}"],"settings":{"image":"shopify:\/\/shop_images\/flowstate-1.jpg","height":"adapt","desktop_image_width":"medium","layout":"image_first","desktop_content_position":"middle","desktop_content_alignment":"left","content_layout":"no-overlap","section_color_scheme":"","color_scheme":"","image_behavior":"none","mobile_content_alignment":"left","padding_top":0,"padding_bottom":0}},"image_with_text_2_KkLnen":{"type":"image-with-text-2","blocks":{"heading_BcHN38":{"type":"heading","settings":{"heading":"<strong>Free Shipping & Returns<\/strong>","heading_size":"h1"}},"text_RmM6QL":{"type":"text","settings":{"text":"<p>Free shipping and 30 days for returns and exchanges.<\/p>","text_style":"subtitle"}}},"block_order":["heading_BcHN38","text_RmM6QL"],"disabled":true,"custom_css":["h2 {font-weight: 700; font-size: 40px; font-family: nimbus-sans, sans-serif; line-height: 1.2; letter-spacing: 0px;}",".image-with-text__content {padding: 20px;}"],"settings":{"image":"shopify:\/\/shop_images\/flowstate_02.jpg","height":"adapt","desktop_image_width":"medium","layout":"text_first","desktop_content_position":"middle","desktop_content_alignment":"left","content_layout":"no-overlap","section_color_scheme":"","color_scheme":"","image_behavior":"none","mobile_content_alignment":"left","padding_top":36,"padding_bottom":36}},"image_with_text_2_MpXz4f":{"type":"image-with-text-2","blocks":{"heading_nGc7JU":{"type":"heading","settings":{"heading":"<strong>Care Guide<\/strong>","heading_size":"h1"}},"text_qjBMBY":{"type":"text","settings":{"text":"<p>Clean THEESE with warm water, a sponge or soft cloth, and mild detergent. Gently brush and let air dry (don’t put them in the dryer!)<\/p>","text_style":"body"}}},"block_order":["heading_nGc7JU","text_qjBMBY"],"disabled":true,"custom_css":["h2 {font-weight: 700; font-size: 40px; font-family: nimbus-sans, sans-serif; line-height: 1.2; letter-spacing: 0px;}",".image-with-text__content {padding: 20px;}"],"settings":{"image":"shopify:\/\/shop_images\/flowstate_03_1.jpg","height":"adapt","desktop_image_width":"medium","layout":"image_first","desktop_content_position":"middle","desktop_content_alignment":"left","content_layout":"no-overlap","section_color_scheme":"","color_scheme":"","image_behavior":"none","mobile_content_alignment":"left","padding_top":36,"padding_bottom":36}},"custom_featured_collection_xacGhX":{"type":"custom-featured-collection","disabled":true,"settings":{"title":"THEESE Around The World","margin_top":40,"margin_bottom":40,"collection":"all","desktop_limit":4,"mobile_limit":2,"show_title":false,"show_price":false}},"related-products":{"type":"related-products","disabled":true,"settings":{"heading":"You May Also Like","heading_size":"h2","products_to_show":4,"columns_desktop":4,"color_scheme":"background-1","image_ratio":"square","image_shape":"default","show_secondary_image":true,"show_vendor":false,"show_rating":false,"columns_mobile":"2","padding_top":60,"padding_bottom":28}},"product_faq_Lk7Tb4":{"type":"product-faq","settings":{}},"17061176276b10d4d0":{"type":"apps","blocks":{"loox_reviews_loox_dynamic_section_YRTP7n":{"type":"shopify:\/\/apps\/loox-reviews\/blocks\/loox-dynamic-section\/5c3b337f-fd14-4df5-b1d6-80ec13e6e28e","settings":{"only_photos":false,"aggregated":false,"limit":20,"hide_thumbnails":false,"maxwidth":1080,"is_sample":true}}},"block_order":["loox_reviews_loox_dynamic_section_YRTP7n"],"settings":{"include_margins":true}},"approach_section_3KY7Mw":{"type":"approach-section","blocks":{"approach_block_jLMjCQ":{"type":"approach_block","settings":{"title":"100% Waterproof Shoe","description":"Stay cozy and dry, no matter the rain or weather. Our unmatched waterproof tech ensures you can splash through puddles worry-free!","button_label":"","link":""}},"approach_block_gHwUJK":{"type":"approach_block","settings":{"title":"All-day Comfort","description":"Treat your feet to a cloud-like hug with every step. It's not just comfy; it's like strolling on your very own fluffy pillows.","button_label":"","link":""}},"approach_block_eaTjUU":{"type":"approach_block","settings":{"title":"Stable and Secure","description":"Walk confidently and comfortably with our smart stability features – every step, well-supported and secure without compromising your freedom of movement.","button_label":"","link":""}}},"block_order":["approach_block_jLMjCQ","approach_block_gHwUJK","approach_block_eaTjUU"],"disabled":true,"custom_css":["h2 {color: #03302d;}"],"settings":{"title":"What Are THEESE?"}}},"order":["main","multicolumn_bLjUH6","pdp_description_CGxAUm","multicolumn_rWH8bX","image_with_text_2_CAtJcj","image_with_text_2_kdEj7b","image_with_text_2_N3Atn6","image_with_text_2_KkLnen","image_with_text_2_MpXz4f","custom_featured_collection_xacGhX","related-products","product_faq_Lk7Tb4","17061176276b10d4d0","approach_section_3KY7Mw"]}