{"sections":{"main":{"type":"main-pdp-section","blocks":{"breadcrumb_3fgjzi":{"type":"breadcrumb","settings":{"breadcrumb":true}},"title":{"type":"text","settings":{}},"price":{"type":"price","settings":{}},"description":{"type":"description","settings":{}},"toggle_AcnczQ":{"type":"toggle","settings":{}},"junip_product_reviews_ugc_junip_product_summary_FdGewL":{"type":"shopify:\/\/apps\/junip-product-reviews-ugc\/blocks\/junip-product-summary\/dc14f5a8-ed15-41b1-ad08-cfba23f9789b","settings":{"product":"{{product}}"}},"variant_picker":{"type":"variant_picker","settings":{"picker_type":"button"}},"popup_rkkRFt":{"type":"popup","settings":{"details":"This style is available in whole sizes only. In between sizes? We recommend you size up.","text":"See Size Chart"}},"buy_buttons":{"type":"buy_buttons","settings":{"show_dynamic_checkout":false,"show_gift_card_recipient":true}},"collapsible_tab_7Qzr3N":{"type":"collapsible_tab","disabled":true,"settings":{"heading":"FIND IN STORE","icon":"none","content":"<p>See if this item is available at a store location near you to pick up.<\/p>","page":""}},"collapsible_accordion_QcYT4t":{"type":"collapsible_accordion","settings":{"accordion_heading":"Details & Features","accordion_content":"<ul><li>Heel bracket for stability<\/li><li>Cushioned collar for ideal fit<\/li><li>Removable, anti-bacterial insoles inFoam System<\/li><li>Rubber outsole<\/li><li>Recycled reflective laces<\/li><li>Light weight, breathable knit<\/li><\/ul>"}},"collapsible_accordion_FyEDF7":{"type":"collapsible_accordion","settings":{"accordion_heading":"Fit & Feel","accordion_content":"<p><strong>True-to-size<\/strong>.<\/p><p>Order your true US size. For half sizes, size up for a more relaxed fit.<\/p>"}},"collapsible_accordion_QNf4WB":{"type":"collapsible_accordion","settings":{"accordion_heading":"Care Guide","accordion_content":"<p>Gently wash THEESE by hand using warm water and a mild detergent. Ensure to only gently scrub the knit upper with a soft brush. Always allow the shoes to air dry fully instead of machine drying to prevent damage.<\/p>"}},"collapsible_accordion_Q3kPTK":{"type":"collapsible_accordion","settings":{"accordion_heading":"Free SHIPPING & RETURNS","accordion_content":"<ul><li>Free shipping on orders over $125<\/li><li>Free 30-day returns and exchanges<\/li><li>Final Sale items cannot be returned or exchanged: gift cards, or insoles<\/li><\/ul>"}}},"block_order":["breadcrumb_3fgjzi","title","price","description","toggle_AcnczQ","junip_product_reviews_ugc_junip_product_summary_FdGewL","variant_picker","popup_rkkRFt","buy_buttons","collapsible_tab_7Qzr3N","collapsible_accordion_QcYT4t","collapsible_accordion_FyEDF7","collapsible_accordion_QNf4WB","collapsible_accordion_Q3kPTK"],"settings":{"enable_sticky_info":false,"color_scheme":"background-1","media_size":"large","constrain_to_viewport":false,"media_fit":"contain","gallery_layout":"thumbnail_slider","media_position":"left","image_zoom":"lightbox","mobile_thumbnails":"show","hide_variants":true,"enable_video_looping":false,"padding_top":36,"padding_bottom":12}},"pdp_description_CGxAUm":{"type":"pdp-description","settings":{}},"17061176276b10d4d0":{"type":"apps","blocks":{"junip_product_reviews_ugc_junip_product_review_mwN7wY":{"type":"shopify:\/\/apps\/junip-product-reviews-ugc\/blocks\/junip-product-review\/dc14f5a8-ed15-41b1-ad08-cfba23f9789b","settings":{"product":"{{product}}"}}},"block_order":["junip_product_reviews_ugc_junip_product_review_mwN7wY"],"settings":{"include_margins":true}},"custom_featured_collection_xacGhX":{"type":"custom-featured-collection","settings":{"title":"THEESE Around The World","margin_top":40,"margin_bottom":40,"collection":"all","desktop_limit":4,"mobile_limit":2,"show_title":false,"show_price":false}},"related-products":{"type":"related-products","settings":{"heading":"You May Also Like","heading_size":"h2","products_to_show":4,"columns_desktop":4,"color_scheme":"background-1","image_ratio":"square","image_shape":"default","show_secondary_image":true,"show_vendor":false,"show_rating":false,"columns_mobile":"2","padding_top":60,"padding_bottom":28}},"approach_section_3KY7Mw":{"type":"approach-section","blocks":{"approach_block_jLMjCQ":{"type":"approach_block","settings":{"title":"100% Waterproof Shoe","description":"Stay cozy and dry, no matter the rain or weather. Our unmatched waterproof tech ensures you can splash through puddles worry-free!","button_label":"Learn More","link":"shopify:\/\/pages\/theese-technology"}},"approach_block_gHwUJK":{"type":"approach_block","settings":{"title":"Pillowy Comfort","description":"Treat your feet to a cloud-like hug with every step. It's not just comfy; it's like strolling on your very own fluffy pillows.","button_label":"Learn More","link":"shopify:\/\/pages\/theese-technology"}},"approach_block_eaTjUU":{"type":"approach_block","settings":{"title":"Stable and Secure","description":"Walk confidently and comfortably with our smart stability features – every step, well-supported and secure without compromising your freedom of movement.","button_label":"Learn More","link":"shopify:\/\/pages\/theese-technology"}}},"block_order":["approach_block_jLMjCQ","approach_block_gHwUJK","approach_block_eaTjUU"],"settings":{"title":"What Are THEESE?"}}},"order":["main","pdp_description_CGxAUm","17061176276b10d4d0","custom_featured_collection_xacGhX","related-products","approach_section_3KY7Mw"]}