{"sections":{"main":{"type":"main-product","blocks":{"vendor":{"type":"text","settings":{"text":"{{ product.vendor }}","text_style":"uppercase"}},"title":{"type":"title","settings":{}},"price":{"type":"price","settings":{}},"junip_product_reviews_ugc_junip_product_summary_Epwm6Q":{"type":"shopify:\/\/apps\/junip-product-reviews-ugc\/blocks\/junip-product-summary\/dc14f5a8-ed15-41b1-ad08-cfba23f9789b","settings":{"product":"{{product}}"}},"variant_picker":{"type":"variant_picker","settings":{"picker_type":"button"}},"quantity_selector":{"type":"quantity_selector","settings":{}},"buy_buttons":{"type":"buy_buttons","settings":{"show_dynamic_checkout":true,"show_gift_card_recipient":true}},"description":{"type":"description","settings":{}},"share":{"type":"share","settings":{"share_label":"Share"}},"popup_DjHR8G":{"type":"popup","settings":{"text":"Pop-up link text","page":""}}},"block_order":["vendor","title","price","junip_product_reviews_ugc_junip_product_summary_Epwm6Q","variant_picker","quantity_selector","buy_buttons","description","share","popup_DjHR8G"],"settings":{"enable_sticky_info":true,"color_scheme":"background-1","media_size":"large","constrain_to_viewport":true,"media_fit":"contain","gallery_layout":"thumbnail_slider","media_position":"left","image_zoom":"lightbox","mobile_thumbnails":"hide","hide_variants":true,"enable_video_looping":false,"padding_top":36,"padding_bottom":12}},"related-products":{"type":"related-products","settings":{"heading":"You may also like","heading_size":"h2","products_to_show":4,"columns_desktop":4,"color_scheme":"background-1","image_ratio":"square","image_shape":"default","show_secondary_image":true,"show_vendor":false,"show_rating":false,"columns_mobile":"2","padding_top":36,"padding_bottom":28}},"1706161616e03c3d18":{"type":"apps","blocks":{"junip_product_reviews_ugc_junip_product_review_fmwyjf":{"type":"shopify:\/\/apps\/junip-product-reviews-ugc\/blocks\/junip-product-review\/dc14f5a8-ed15-41b1-ad08-cfba23f9789b","settings":{"product":"{{product}}"}}},"block_order":["junip_product_reviews_ugc_junip_product_review_fmwyjf"],"settings":{"include_margins":true}}},"order":["main","related-products","1706161616e03c3d18"]}