{"sections":{"main":{"type":"main-cart","blocks":{"offer_nxe4jc":{"type":"offer","settings":{"text_alignment":"start","icon_position":"aligned","icon":"picto-truck","icon_width":24,"title":"Free Shipping & Return","content":"<p>We provide Free Shipping & Return worldwide<\/p>","background":"","text_color":""}},"totals":{"type":"totals","settings":{"show_order_weight":false,"show_shipping_text":false}},"cart_note":{"type":"cart_note","settings":{}},"checkout_button":{"type":"checkout_button","settings":{}}},"block_order":["offer_nxe4jc","totals","cart_note","checkout_button"],"settings":{"show_shipping_estimator":true,"show_payment_icons":true}}},"order":["main"]}