{"sections":{"slideshow":{"type":"slideshow","blocks":{"video_GNL6nb":{"type":"video","settings":{"video":"shopify:\/\/files\/videos\/1200310068462358-Cynthia is Marketing-1920x1080-JS-1.01.mp4.mp4","content_max_width":1200,"mobile_text_position":"place-self-center text-center","desktop_text_position":"sm:place-self-center sm:text-center","required":true,"rating":"4.7 (157+ ratings)","subheading":"With custom, unique & high quality neon signs.","title":"LIGHT UP YOUR LIFE","title_two":"","heading_tag":"h0","button_text":"DESIGN YOUR NEON","button_link":"shopify:\/\/products\/custom-neon-sign","button_text-two":"SHOP OUR PRODUCTS","button_link-two":"shopify:\/\/collections\/all","text_color":"#ffffff","button_background":"#e316e8","button_text_color":"#ffffff","button_background-two":"#3200b2","button_text_color-two":"#ffffff","overlay_color":"#000000","overlay_opacity":30,"background":"","background_gradient":""}}},"block_order":["video_GNL6nb"],"settings":{"full_width":true,"allow_transparent_header":true,"show_initial_transition":true,"image_size":"lg","controls_type":"numbers","transition_type":"fade_with_text","autoplay":true,"cycle_speed":6,"background":"#f2f2f2","background_gradient":"linear-gradient(60deg, rgba(60, 65, 68, 1), rgba(23, 29, 33, 1) 98%)"}},"multi_column_6zVax6":{"type":"multi-column","blocks":{"item_4Wki7f":{"type":"item","settings":{"image":"shopify:\/\/shop_images\/custom_neon_desing.jpg","column_size":"4","title":"Design Custom Neon","heading_tag":"h4","content":"<p>Brighten your space with bespoke neon designs for vibrant décor.<\/p>","link_url":"shopify:\/\/products\/custom-neon-sign","link_text":"DESIGN NOW","link_style":"button"}},"item_QLR9MC":{"type":"item","settings":{"image":"shopify:\/\/shop_images\/uv_print_copyggg.jpg","column_size":"4","title":"UV Neon Print","heading_tag":"h4","content":"<p>Revamp your space with personalized neon, adding vibrant charm to your décor<\/p>","link_url":"shopify:\/\/pages\/uv-neon-print","link_text":"SHOP NOW","link_style":"button"}},"item_a8aKDr":{"type":"item","settings":{"image":"shopify:\/\/shop_images\/GARAGE.jpg","column_size":"4","title":"Garage Led Sign","heading_tag":"h4","content":"<p>Transform your space with Garage Led Sign, a captivating home decor.<\/p>","link_url":"shopify:\/\/collections\/garage-led-sign","link_text":"Shop Now","link_style":"button"}},"item_d9qNpP":{"type":"item","settings":{"image":"shopify:\/\/shop_images\/Infinty_011.jpg","column_size":"4","title":"Infinity Mirror Neon","heading_tag":"h4","content":"<p>Reflect style with Infinity Neon Mirror, brightening home decor extravagantly.<\/p>","link_url":"shopify:\/\/collections\/infinity-neon","link_text":"Shop Now","link_style":"button"}}},"block_order":["item_4Wki7f","item_QLR9MC","item_a8aKDr","item_d9qNpP"],"custom_css":[".section-header {display: grid; justify-content: center !important; text-align: center;}","a {padding: 8px 58px; background-color: #3200b2;}"],"settings":{"full_width":true,"stack_on_mobile":false,"gap":"medium","text_alignment":"center","subheading":"","title":"WHAT ARE YOU LOOKING FOR?","content":"<p>Dive into Neon: Where creativity sparks and colors pop! Explore our dazzling array of products and experiences for an electrifying journey.<\/p>","background":"","background_gradient":"","text_color":"#3200b2"}},"announcement_bar_BtVyd4":{"type":"announcement-bar","blocks":{"message_MJP6GF":{"type":"message","settings":{"text":"20% Off On your first Sale","url":""}},"message_znPMML":{"type":"message","settings":{"text":"20% Off On your first Sale","url":""}}},"block_order":["message_MJP6GF","message_znPMML"],"disabled":true,"settings":{"enable_sticky":false,"text_size":"text-base","navigation_mode":"scrolling","scrolling_speed":20,"background":"#3200b2","background_gradient":"","text_color":"#ffffff"}},"featured_collection_fEhBhN":{"type":"featured-collection","settings":{"collection":"best-sellers","products":[],"full_width":true,"stack_products":false,"show_progress_bar":true,"products_count":6,"products_per_row_mobile":"2","products_per_row_desktop":4,"subheading":"","title":"Shop Bestsellers","content":"<p>Illuminate your space with our Neon Sign Best Sellers! Vibrant colors, unique designs, and quality craftsmanship make them must-haves.<\/p>","link_url":"","link_text":"View all","background":"","background_gradient":"","text_color":"","heading_color":"","heading_gradient":"","product_card_background":"","product_card_text_color":""}},"custom_table_yDjh6X":{"type":"custom-table","blocks":{"row_NjjDtP":{"type":"row","settings":{"heading":"Cruelty free","true_first-box":"true","true_second-box":"false"}},"row_RBz3Jm":{"type":"row","settings":{"heading":"Own factory\/ manufacturer","true_first-box":"true","true_second-box":"false"}},"row_GeQmrE":{"type":"row","settings":{"heading":"2 year warranty","true_first-box":"true","true_second-box":"false"}},"row_rg7JTF":{"type":"row","settings":{"heading":"Lower cost","true_first-box":"true","true_second-box":"false"}},"row_8JJm44":{"type":"row","settings":{"heading":"Fast shipping 7-10 days","true_first-box":"true","true_second-box":"false"}}},"block_order":["row_NjjDtP","row_RBz3Jm","row_GeQmrE","row_rg7JTF","row_8JJm44"],"settings":{"full_width":true,"subheading":"","title":"What Makes Neon Ferry Special","content":"<p>Find out why you should choose Neon Ferry instead of other Neon Sign Shop.<\/p>","button_text":"About us","button_url":"shopify:\/\/pages\/our-story","text_position":"start","shop_logo":"shopify:\/\/shop_images\/site-logo--yellow_8b40d36b-8407-4df8-96a3-2b3696e5c247.png","other":"Others","background":"","background_gradient":"","text_color":"","heading_color":"","heading_gradient":"","button_background":"","button_text_color":"","chart_background":"#f0eded","chart_text_color":""}},"media_with_text_U8YzgV":{"type":"media-with-text","blocks":{"image_TaGC7A":{"type":"image","settings":{"image":"shopify:\/\/shop_images\/CUSTOM_NEON_8794b6de-c56b-4872-84bc-614142bfaabc.jpg","media_width":50,"media_position":"start","text_position":"place-self-center text-center","icon":"none","icon_width":48,"subheading":"","title":"DESIGN YOUR CUSTOM TEXT NEON","content":"<p>Transform your space with our custom text neon signs! Explore our neon customizer to create unique designs that brighten up your home decor and add a vibrant touch to your life. Light up your surroundings and let your personality shine!<\/p>","link_text":"DESIGN CUSTOM NEON","link_url":"shopify:\/\/products\/custom-neon-sign","background":"#3200b2","background_gradient":"","text_color":"#ffffff","text_gradient":"","button_background":"","button_text_color":""}}},"block_order":["image_TaGC7A"],"settings":{"full_width":false,"spacing":"small"}},"multiple_images_with_text_B6ibdr":{"type":"multiple-images-with-text","blocks":{"item_UDtyrT":{"type":"item","settings":{"image":"shopify:\/\/shop_images\/1_69a571fc-c9bf-4aaa-81e0-8c820a32a3b6.png","image_rotation_degrees":3.5,"subheading":"","title":"DESIGN YOUR CUSTOM NEON","content":"<p>Use this text to share information about your brand with your customers. Describe a product, share announcements, or welcome customers to your store.<\/p>","button_url":"shopify:\/\/products\/custom-neon-sign","button_text":"DESIGN NOW"}},"item_R7hM8b":{"type":"item","settings":{"image":"shopify:\/\/shop_images\/mother-day.jpg","image_rotation_degrees":-2,"subheading":"","title":"Neon Ferry X MLB","content":"<p>Use this text to share information about your brand with your customers. Describe a product, share announcements, or welcome customers to your store.<\/p>","button_url":"shopify:\/\/collections\/animals","button_text":"SHOP NOW"}},"item_pPBxKy":{"type":"item","settings":{"image":"shopify:\/\/shop_images\/1_69a571fc-c9bf-4aaa-81e0-8c820a32a3b6.png","image_rotation_degrees":-2,"subheading":"","title":"NEON FERRY X MLB","content":"<p>Use this text to share information about your brand with your customers. Describe a product, share announcements, or welcome customers to your store.<\/p>","button_url":"shopify:\/\/collections\/animals","button_text":"SHOP NOW"}}},"block_order":["item_UDtyrT","item_R7hM8b","item_pPBxKy"],"disabled":true,"settings":{"full_width":false,"images_layout":"stacked","collage_images_alignment":"shifted","background":"","background_gradient":"","text_color":"","button_background":"","button_text_color":""}},"image_link_blocks_4k8UiT":{"type":"image-link-blocks","blocks":{"item_6p6z6M":{"type":"item","settings":{"video":"shopify:\/\/files\/videos\/x-b88e22d66c644e13729e-Cynthia_is_marketing_Neon_Ferry_FB_AB_30s_1x1_01.mp4","stretch_image":true,"link_text":"","link_url":"","background":"","text_color":"#ffffff","overlay_color":"#000000","overlay_opacity":0}},"item_bmDAKy":{"type":"item","settings":{"video":"shopify:\/\/files\/videos\/neon-f-vid-18.mp4","stretch_image":true,"link_text":"","link_url":"","background":"","text_color":"#ffffff","overlay_color":"#000000","overlay_opacity":0}},"item_UN8gCC":{"type":"item","settings":{"video":"shopify:\/\/files\/videos\/x-f2a68c59e2df2b2df070-Cynthiaismarketing_NeonFerry_Instagram_KV_15s_9x16_01_1.mp4","stretch_image":true,"link_text":"","link_url":"","background":"","text_color":"#ffffff","overlay_color":"#000000","overlay_opacity":0}},"item_r4FWjf":{"type":"item","settings":{"video":"shopify:\/\/files\/videos\/x-e422d8f0bad0ccae5d59-Cynthia_is_marketing_Neon_Ferry_INSTA_MO_15s_9x16_01_8_FIX_FIX.mp4","stretch_image":true,"link_text":"","link_url":"","background":"","text_color":"#ffffff","overlay_color":"#000000","overlay_opacity":0}},"item_KCKJUL":{"type":"item","settings":{"video":"shopify:\/\/files\/videos\/neon-f-vid-6.mp4","stretch_image":true,"link_text":"","link_url":"","background":"","text_color":"#ffffff","overlay_color":"#000000","overlay_opacity":0}},"item_DU6xaR":{"type":"item","settings":{"video":"shopify:\/\/files\/videos\/x-db433fccf9992bd150b8-Cynthia_is_marketing_Neon_Ferry_FB_AB_30s_1x1_01_1.mp4","stretch_image":true,"link_text":"","link_url":"","background":"","text_color":"#ffffff","overlay_color":"#000000","overlay_opacity":0}}},"block_order":["item_6p6z6M","item_bmDAKy","item_UN8gCC","item_r4FWjf","item_KCKJUL","item_DU6xaR"],"custom_css":[".section-header {justify-content: center; align-items: end; text-align: center;}"],"settings":{"full_width":true,"block_size":"large","subheading":"","title":"Glowing Reviews of Our Neon Signs","content":"<p>Discover glowing reviews and personal stories showcasing how our neon signs brighten spaces and spark creativity.<\/p>","link_url":"","link_text":"","background":"","background_gradient":"","text_color":"","heading_color":"","heading_gradient":""}},"before-after-image":{"type":"before-after-image","disabled":true,"settings":{"full_width":true,"subheading":"","title":"Before\/after","content":"<p>Showcase your product benefit by using before\/after image comparison.<\/p>","expand_image":false,"text_position":"center","before_after_text_position":"bottom","before_text":"Before","after_text":"After","drag_initial_position":50,"background":"","background_gradient":"","text_color":"","before_text_color":"#ffffff","after_text_color":"#ffffff","drag_cursor_background":"#ffffff","drag_cursor_color":"#000000"}},"multi_column_fFKEBH":{"type":"multi-column","blocks":{"item_UFy69x":{"type":"item","settings":{"image":"shopify:\/\/shop_images\/pen-ruler-solid_1.svg","column_size":"4","title":"DESIGN YOUR PIECE","heading_tag":"h4","content":"<p>Find what inspires you and design your custom LED neon sign with our easy-to-use immersive app.<\/p>","link_url":"","link_text":"","link_style":"link"}},"item_7aWqLA":{"type":"item","settings":{"image":"shopify:\/\/shop_images\/money-check-dollar-solid.svg","column_size":"4","title":"GET A PRICE","heading_tag":"h4","content":"<p>For a text-based design, it’s instant. For more detailed designs, our team will review it and get back to you with a quote.<\/p>","link_url":"","link_text":"","link_style":"link"}},"item_Pbk7tR":{"type":"item","settings":{"image":"shopify:\/\/shop_images\/screwdriver-wrench-solid.svg","column_size":"4","title":"CONFIRM YOUR ORDER","heading_tag":"h4","content":"<p>When you've got your quote, order your custom LED neon sign online with our safe and secure link.<\/p>","link_url":"","link_text":"","link_style":"link"}},"item_kAhwrH":{"type":"item","settings":{"image":"shopify:\/\/shop_images\/truck-arrow-right-solid.svg","column_size":"4","title":"ENJOY FREE SHIPPING","heading_tag":"h4","content":"<p>Buy your personalized neon and get free and fast worldwide delivery In 7-10 days!<\/p>","link_url":"","link_text":"","link_style":"link"}}},"block_order":["item_UFy69x","item_7aWqLA","item_Pbk7tR","item_kAhwrH"],"custom_css":["img {width: 50px; margin: auto;}",".multi-column__item {background: #3200b2; padding: 15px; border-radius: 10px; color: white;}"],"settings":{"full_width":true,"stack_on_mobile":true,"gap":"small","text_alignment":"center","subheading":"","title":"HOW IT WORKS?","content":"<p>Step by step guide on how to create a neon sign in less than 5 minutes !<\/p>","background":"","background_gradient":"","text_color":""}},"process_DkETkP":{"type":"process","blocks":{"item_Q8kNyw":{"type":"item","settings":{"custom_icon":"shopify:\/\/shop_images\/pen-ruler-solid_1.svg","title":"DESIGN YOUR PIECE","content":"<p>Find what inspires you and design your custom LED neon sign with our easy-to-use immersive app.<\/p>","custom_icon-two":"shopify:\/\/shop_images\/money-check-dollar-solid.svg","title_two":"GET APRICE","content_two":"<p>For a text-based design, it’s instant. For more detailed designs, our team will review it and get back to you with a quote.<\/p>","custom_icon-three":"shopify:\/\/shop_images\/screwdriver-wrench-solid.svg","title_three":"CONFIRM YOUR ORDER","content_three":"<p>When you've got your quote, order your custom LED neon sign online with our safe and secure link.<\/p>","custom_icon-four":"shopify:\/\/shop_images\/truck-arrow-right-solid.svg","title_four":"ENJOY FREE SHIPPING","content_four":"<p>Buy your personalized neon and get free and fast worldwide delivery In 7-10 days !<\/p>","mobile_icon_width":24,"icon_width":36,"block_bg":"#3200b2","text_color-one":"#ffffff","block_bg-two":"#3200b2","text_color-two":"#ffffff","icon_background_type":"none","icon_background":"#00a341","icon_color":"#ffffff"}}},"block_order":["item_Q8kNyw"],"disabled":true,"custom_css":[],"settings":{"full_width":false,"subheading":"","title":"HOW IT WORKS?","content":"<p>Step by step guide on how to create a neon sign in less than 5 minutes !<\/p>","text_alignment":"center","background":"","background_gradient":"","text_color":"#1a1a1a","heading_color":"","heading_gradient":""}},"testimonials_K6tfRz":{"type":"testimonials","blocks":{"trustpilot_heXf8W":{"type":"trustpilot","settings":{"title":"Based on","quantity":"50+ reviews","url":"https:\/\/www.trustpilot.com\/review\/neonferry.com"}},"testimonial_baqBWC":{"type":"testimonial","settings":{"round_avatar":true,"show_rating":true,"rating":5,"author":"Nathalia W.","title":"I didn't know much about neon signs…","content":"<p>I didn't know much about neon signs before, but the process with Neon Ferry was simple and easy. The shipping was very quick, and the final product is great.<\/p>"}},"testimonial_pkicYm":{"type":"testimonial","settings":{"round_avatar":true,"show_rating":true,"rating":5,"author":"Locas B.","title":"Our sign came out perfectly","content":"<p>Our sign came out perfectly! It was a large neon sign for our new office conference room and it is just the right touch! It shipped so fast and was here in no time. We love it and are so thankful!<\/p>"}},"testimonial_kXhMbV":{"type":"testimonial","settings":{"round_avatar":true,"show_rating":true,"rating":4,"author":"Johnny","title":"The team was so quick in getting the…","content":"<p>The team was so quick in getting the designs printed and sent over. They were very helpful in answering my questions about colors, sizing, and installation. The quality of the product is fantastic for the price.<\/p>"}},"testimonial_pNRA8q":{"type":"testimonial","settings":{"round_avatar":true,"show_rating":true,"rating":5,"author":"klant","title":"I ordered a neon sign for my new salon…","content":"<p>I ordered a neon sign for my new salon suit and it's even better than I imagined! The quality is superb, and the customer service was great too. it arrived faster than expected as well.<\/p>"}},"testimonial_gK6Ubb":{"type":"testimonial","settings":{"round_avatar":true,"show_rating":true,"rating":4,"author":"Beckham","title":"We were a bit skeptical at first after…","content":"<p>We were a bit skeptical at first after a bad experience with another vendor, but Neon Ferry blew us away. Their website made it easy to see the quality of their work, and the reviews convinced us to place an order. The sign looks great, was delivered on time, and the customer service was fantastic throughout the process.<\/p>"}},"testimonial_gjaDbN":{"type":"testimonial","settings":{"round_avatar":true,"show_rating":true,"rating":4,"author":"Nancy","title":"ordering a neon sign from Neon ferry…","content":"<p>ordering a neon sign from Neon ferry for my wedding was a fantastic experience from start to finish. the process was extremely easy and they were very responsive to any questions i had. i would not hesitate to order from them again.<\/p>"}},"testimonial_RMDi4N":{"type":"testimonial","settings":{"round_avatar":true,"show_rating":true,"rating":5,"author":"G W","title":"When renovating our home we wanted a…","content":"<p>When renovating our home we wanted a beautiful wall light for our daughter's room. We found the perfect custom neon sign with her name and the ordering process with neon ferry was seamless. The sign arrived quicker than expected and the quality is amazing. We're so happy with it!<\/p>"}}},"block_order":["trustpilot_heXf8W","testimonial_baqBWC","testimonial_pkicYm","testimonial_kXhMbV","testimonial_pNRA8q","testimonial_gK6Ubb","testimonial_gjaDbN","testimonial_RMDi4N"],"settings":{"full_width":true,"stack_testimonials":false,"subheading":"","title":"LOVE FOR NEON FERRY","content":"","link_url":"https:\/\/www.trustpilot.com\/review\/neonferry.com","link_text":"View all reviews","background":"","background_gradient":"","text_color":"","heading_color":"","heading_gradient":"","testimonial_card_background":"","testimonial_card_text_color":""}},"faq":{"type":"faq","blocks":{"166442457738b23caf-0":{"type":"item","settings":{"title":"What are the shipping costs?","content":"<p>Shipping is absolutely free on all orders.<\/p>"}},"166442457738b23caf-1":{"type":"item","settings":{"title":"How long will it take to receive my order?","content":"<p>Your sign is fully crafted in just 5 business days. Once shipped, you'll be able to enjoy your sign in just 3-5 business days.<\/p>"}},"166442457738b23caf-2":{"type":"item","settings":{"title":"How much is the dimmer remote?","content":"<p>The cost for the dimmer is $29. We provide a free dimmer on all orders above $300. We highly recommend getting the dimmer, as it will help you adjust the brightness of the sign to fit your mood.<\/p>"}},"item_U3An3e":{"type":"item","settings":{"title":"How long do LED neon signs last?","content":"<p>LED neon lights tend to last a minimum of 50,000 hours. That is equivalent to 14 years if you turn on any LED neon sign for 10 hours per day. This lifespan is 3.5 times longer than traditional gas neon signs. Normally, if there is a problem, it’s usually the transformer that fails, however these are replaceable items and we can supply replacements if necessary, and if within the warranty period.<\/p>"}},"item_gCRiWY":{"type":"item","settings":{"title":"Where is Neon Ferry located?","content":"<p>Our HQ is located in Houston, Texas.<\/p>"}}},"block_order":["166442457738b23caf-0","166442457738b23caf-1","166442457738b23caf-2","item_U3An3e","item_gCRiWY"],"settings":{"full_width":false,"subheading":"","title":"Frequently Asked Questions.","content":"<p>Explore our FAQ section for quick answers to common queries about our products, services, and policies. Your one-stop resource for streamlined information.<\/p>","team_avatar":"shopify:\/\/shop_images\/user-astronaut-solid_2.svg","team_avatar_width":50,"support_hours":"Our customer support is available Monday to Friday: 8am-8:30pm.","answer_time":"Average answer time: 24h","button_text":"Contact us","button_url":"shopify:\/\/pages\/contact-us","text_position":"end","background":"rgba(0,0,0,0)","background_gradient":"","text_color":"","heading_color":"","heading_gradient":"linear-gradient(136deg, rgba(10, 234, 237, 1) 11%, rgba(250, 13, 253, 1) 84%)","button_background":"","button_text_color":"","accordion_background":"#3200b2","accordion_text_color":"#ffffff"}},"rich_text_it3Ua4":{"type":"rich-text","blocks":{"richtext_eGM6qL":{"type":"richtext","settings":{"content":"<h3>FOLLOW US ON INSTAGRAM<\/h3>"}}},"block_order":["richtext_eGM6qL"],"custom_css":[".section-blends {padding-block-end: 20px;}"],"settings":{"full_width":false,"content_width":"small","text_position":"center","background":"","background_gradient":"","text_color":""}},"17148441996f36b3ca":{"type":"apps","blocks":{"instafeed_app_block_JwXDqz":{"type":"shopify:\/\/apps\/instafeed\/blocks\/app-block\/c447db20-095d-4a10-9725-b5977662c9d5","settings":{"title":"","title_color":"","alignment":"center","html_area":""}}},"block_order":["instafeed_app_block_JwXDqz"],"settings":{"full_width":true,"remove_vertical_spacing":false,"remove_horizontal_spacing":true,"background":"","background_gradient":"","text_color":""}}},"order":["slideshow","multi_column_6zVax6","announcement_bar_BtVyd4","featured_collection_fEhBhN","custom_table_yDjh6X","media_with_text_U8YzgV","multiple_images_with_text_B6ibdr","image_link_blocks_4k8UiT","before-after-image","multi_column_fFKEBH","process_DkETkP","testimonials_K6tfRz","faq","rich_text_it3Ua4","17148441996f36b3ca"]}