{"sections":{"main":{"type":"main-page","disabled":true,"settings":{"content_width":"80ch"}},"rich_text_cyfwJh":{"type":"rich-text","blocks":{"heading_JLEgTX":{"type":"heading","settings":{"text":"LET'S CREATE YOURLED NEON TOGETHER!","heading_tag":"h1","text_color":"","gradient":""}},"button_9NNmbe":{"type":"button","settings":{"style":"fill","size":"xl","text":"GET A FREE QUOTE","url":"https:\/\/neonferry.com\/pages\/customization-inquiry#shopify-block-powerful_form_builder_app_block_cnMAzN","background":"","text_color":""}}},"block_order":["heading_JLEgTX","button_9NNmbe"],"settings":{"full_width":true,"content_width":"small","text_position":"center","background":"","background_gradient":"","text_color":""}},"image_link_blocks_QHAiKb":{"type":"image-link-blocks","blocks":{"item_dAtjiP":{"type":"item","settings":{"image":"shopify:\/\/shop_images\/11_41689fce-1f55-43c4-bed0-297856a97f43.png","stretch_image":true,"link_text":"","link_url":"","background":"","text_color":"#ffffff","overlay_color":"#000000","overlay_opacity":0}},"item_cKFkGK":{"type":"item","settings":{"image":"shopify:\/\/shop_images\/6_3314f8ae-3e22-403d-93ba-9eaaec622fb7.png","stretch_image":true,"link_text":"","link_url":"","background":"","text_color":"#ffffff","overlay_color":"#000000","overlay_opacity":0}},"item_3aFLx7":{"type":"item","settings":{"image":"shopify:\/\/shop_images\/IMG_2466.jpg","stretch_image":true,"link_text":"","link_url":"","background":"","text_color":"#ffffff","overlay_color":"#000000","overlay_opacity":0}},"item_h6769W":{"type":"item","settings":{"image":"shopify:\/\/shop_images\/8BC8D540-8D45-4910-8EB6-42B18586C004_1_105_c.jpg","stretch_image":true,"link_text":"","link_url":"","background":"","text_color":"#ffffff","overlay_color":"#000000","overlay_opacity":0}},"item_KX4Kte":{"type":"item","settings":{"image":"shopify:\/\/shop_images\/trav_1.jpg","stretch_image":true,"link_text":"","link_url":"","background":"","text_color":"#ffffff","overlay_color":"#000000","overlay_opacity":0}},"item_4fLPQb":{"type":"item","settings":{"image":"shopify:\/\/shop_images\/CCB1E396-397E-4158-9CF0-A2378160484A_01ad93b1-5a48-4b70-8da3-c804a6a50908.jpg","stretch_image":true,"link_text":"","link_url":"","background":"","text_color":"#ffffff","overlay_color":"#000000","overlay_opacity":0}},"item_je4jjz":{"type":"item","settings":{"image":"shopify:\/\/shop_images\/6096EC39-6978-42C8-B859-F3DF77E3B95F_JPG.jpg","stretch_image":true,"link_text":"","link_url":"","background":"","text_color":"#ffffff","overlay_color":"#000000","overlay_opacity":0}},"item_qFgCj3":{"type":"item","settings":{"image":"shopify:\/\/shop_images\/DSC06712_1.jpg","stretch_image":true,"link_text":"","link_url":"","background":"","text_color":"#ffffff","overlay_color":"#000000","overlay_opacity":0}}},"block_order":["item_dAtjiP","item_cKFkGK","item_3aFLx7","item_h6769W","item_KX4Kte","item_4fLPQb","item_je4jjz","item_qFgCj3"],"settings":{"full_width":true,"block_size":"large","subheading":"","title":"","content":"","link_url":"","link_text":"","background":"","background_gradient":"","text_color":"","heading_color":"","heading_gradient":""}},"1714925217f8ca4729":{"type":"apps","blocks":{"powerful_form_builder_app_block_cnMAzN":{"type":"shopify:\/\/apps\/powerful-form-builder\/blocks\/app-block\/e4bcb1eb-35b2-42e6-bc37-bfe0e1542c9d","settings":{"shortcode":"<div class=\"globo-formbuilder\" data-id=\"MTIwOTk5\"><\/div>"}}},"block_order":["powerful_form_builder_app_block_cnMAzN"],"settings":{"full_width":true,"remove_vertical_spacing":false,"remove_horizontal_spacing":false,"background":"","background_gradient":"","text_color":""}},"testimonials_aYr9TP":{"type":"testimonials","blocks":{"trustpilot_ReQCmH":{"type":"trustpilot","settings":{"title":"Based on","quantity":"1200+ reviews","url":"https:\/\/www.trustpilot.com\/review\/neonferry.com"}},"testimonial_P76QgT":{"type":"testimonial","settings":{"round_avatar":true,"show_rating":true,"rating":4,"author":"John S.","title":"Testimonial 1","content":"<p>Share what your customers are saying about your products, customer service or shipping rates.<\/p>"}},"testimonial_RLyK3a":{"type":"testimonial","settings":{"round_avatar":true,"show_rating":true,"rating":5,"author":"Mary U.","title":"Testimonial 2","content":"<p>Share what your customers are saying about your products, customer service or shipping rates.<\/p>"}},"testimonial_pJqpCC":{"type":"testimonial","settings":{"round_avatar":true,"show_rating":true,"rating":4,"author":"Joshua A.","title":"Testimonial 3","content":"<p>Share what your customers are saying about your products, customer service or shipping rates.<\/p>"}}},"block_order":["trustpilot_ReQCmH","testimonial_P76QgT","testimonial_RLyK3a","testimonial_pJqpCC"],"custom_css":["a {text-decoration: underline;}"],"settings":{"full_width":true,"stack_testimonials":false,"subheading":"","title":"LOVE FOR YELLOWPOP","content":"","link_url":"","link_text":"","background":"","background_gradient":"","text_color":"","heading_color":"","heading_gradient":"","testimonial_card_background":"","testimonial_card_text_color":""}},"multi_column_htdqFa":{"type":"multi-column","blocks":{"item_nhVtz3":{"type":"item","settings":{"image":"shopify:\/\/shop_images\/6_3314f8ae-3e22-403d-93ba-9eaaec622fb7.png","column_size":"4","title":"Follow our Instructions","heading_tag":"h4","content":"<p>We send you a super simple screw kit with every piece, or you can add command stripes to your order at checkout. Choose where you want it, hang it up and plug it in!<\/p>","link_url":"","link_text":"","link_style":"link"}},"item_eaCgf3":{"type":"item","settings":{"video":"shopify:\/\/files\/videos\/Customisation Inquiry.mp4","column_size":"4","title":"1. EASY TO HANG","heading_tag":"h4","content":"<p>We provide a free screw kit with every piece. Pick a spot, get to work & enjoy!<\/p>","link_url":"","link_text":"","link_style":"link"}},"item_qTyrpz":{"type":"item","settings":{"video":"shopify:\/\/files\/videos\/INSTALLATION_DESKTOP_421x403_3M_V3.mp4","column_size":"4","title":"2. NO TOOLS NEEDED","heading_tag":"h4","content":"<p>It’s go time. Use our 3M command stripes (if added at checkout) to hang your piece on the wall in 2 minutes.<\/p>","link_url":"","link_text":"","link_style":"link"}},"item_TX4mQR":{"type":"item","settings":{"video":"shopify:\/\/files\/videos\/INSTALLATION_DESKTOP_421x403__LIGHT_UP_V3.mp4","column_size":"4","title":"3. PLUG IT IN","heading_tag":"h4","content":"<p>Plug your dimmer switch in between the piece and power supply. Then plug the power supply in and watch your wall come to life!<\/p>","link_url":"","link_text":"","link_style":"link"}}},"block_order":["item_nhVtz3","item_eaCgf3","item_qTyrpz","item_TX4mQR"],"custom_css":[".multi-column__item {background: #3200b2; border-radius: 15px;}",".v-stack.gap-4 {padding: 0px 20px 20px; color: white;}"],"settings":{"full_width":true,"stack_on_mobile":true,"gap":"small","text_alignment":"start","subheading":"","title":"SIMPLE INSTALLATION","content":"","background":"#ffffff","background_gradient":"","text_color":"#1a1a1a"}},"media_with_text_4PDV7V":{"type":"media-with-text","blocks":{"image_NymmU8":{"type":"image","settings":{"image":"shopify:\/\/shop_images\/trav_1.jpg","media_width":50,"media_position":"start","text_position":"place-self-center text-center","icon":"none","icon_width":48,"subheading":"","title":"LOOKING FOR A TEXT NEON?","content":"<p>Design your own in less than 5 minutes and enjoy free shipping worldwide.<\/p>","link_text":"DESIGN YOURS","link_url":"shopify:\/\/products\/rainbow-neon-sign","background":"#e316e8","background_gradient":"","text_color":"#ffffff","text_gradient":"","button_background":"#ffffff","button_text_color":"#1a1a1a"}}},"block_order":["image_NymmU8"],"settings":{"full_width":false,"spacing":"small"}},"faq_FJkzqx":{"type":"faq","blocks":{"item_KDFK6w":{"type":"item","settings":{"title":"HOW MUCH IS A CUSTOM PIECE?","content":"<p>Great question 😊 The price depends on your design, the dimensions and the length of the LED tube used to create your masterpiece. To find out the exact price of your custom LED Neon Sign you can submit your design here and we will get back to you ASAP with a custom quote.<\/p>"}},"item_MEWdGd":{"type":"item","settings":{"title":"HOW DO I HANG MY PIECE?","content":"<p>Your sign is like a beautiful painting, but even easier to hang 😎<\/p><p>You have 3 options:<br\/>- Mount it to the wall<br\/>- Hang it from the ceiling<br\/>- Use 3M Stripes<\/p><p>Alternatively, if you cannot mount or hang your sign we can offer you a stand option. See examples of how to hang your sign <a href=\"https:\/\/support.yellowpop.com\/l\/en\/article\/omc9tr6l40-mounting-and-hanging-your-sign\" target=\"_blank\" title=\"https:\/\/support.yellowpop.com\/l\/en\/article\/omc9tr6l40-mounting-and-hanging-your-sign\">here<\/a>.<\/p>"}},"item_xU7VR7":{"type":"item","settings":{"title":"HOW WILL MY NEON LOOK IN REAL LIFE?","content":"<p>Sometimes it is hard to imagine what your neon sign will look like in real life. Or perhaps you're not sure which color you'd like for your sign, you can't decide which will look best in your space. Don't worry, our designers will send you a mock up before we finalize your design, so you can make sure your sign is exactly what you want!<\/p>"}},"item_3m6hU7":{"type":"item","settings":{"title":"WHAT DOES THE WARRANTY COVER?","content":"<p>We offer a 1-year warranty with all our LED neon signs.<br\/><br\/>However, this does not extend to any damage that may occur as a result of incorrect installation or physical damage during usage.<br\/><br\/>Please contact us if you have any issues with your signs. We'll do our best to find the best solution for you!<\/p>"}},"item_V6qTck":{"type":"item","settings":{"title":"CAN I HANG MY PIECE OUTSIDE?","content":"<p>Yes, we make outdoor signs! If you're looking to hang your sign outdoors, let us know! We'll make your sign will be made slightly differently, so it is safe to use outdoors and supplied with a special power supply.<br\/><br\/>Please be aware dimmers cannot be used on outdoor products, and you should always protect your sign from extreme weather.<\/p>"}}},"block_order":["item_KDFK6w","item_MEWdGd","item_xU7VR7","item_3m6hU7","item_V6qTck"],"settings":{"full_width":true,"subheading":"","title":"FREQUENTLY ASKED QUESTIONS","content":"","team_avatar_width":160,"support_hours":"","answer_time":"","button_text":"","button_url":"","text_position":"center","background":"","background_gradient":"","text_color":"","heading_color":"","heading_gradient":"","button_background":"","button_text_color":"","accordion_background":"","accordion_text_color":""}}},"order":["main","rich_text_cyfwJh","image_link_blocks_QHAiKb","1714925217f8ca4729","testimonials_aYr9TP","multi_column_htdqFa","media_with_text_4PDV7V","faq_FJkzqx"]}