{"sections":{"main":{"type":"main-page","disabled":true,"settings":{"content_width":"80ch"}},"images_with_text_scrolling_AXkwTh":{"type":"images-with-text-scrolling","blocks":{"item_TpHhKd":{"type":"item","settings":{"image":"shopify:\/\/shop_images\/Asset_2_4x-8_bad90ee2-d625-454b-9735-a61cea509d98.png","icon":"none","icon_width":48,"title":"Quality & Environmental Awareness","content":"<p>The signs are made of the highest quality LED Neon, which is different from traditional Neon. LED Neon is durable and friendly to the environment, easier to edit and therefore often a lot cheaper, but achieves at least the same effect as traditional Neon. Your Neon will be mounted on a background made of durable acrylic, you can choose from a background that molds to your design or a background that is rectangular.<\/p><p>Your neon is always supplied with a 3 meter long transparent cable and a plug made for the EU. The neon signs can also be used for at least 10 years and have a 1-year manufacturer’s warranty<\/p>"}}},"block_order":["item_TpHhKd"],"settings":{"full_width":true,"stack_on_mobile":true,"show_counter":false,"desktop_image_effect":"fade","image_position":"start","background":"","background_gradient":"","text_color":"","heading_color":"","heading_gradient":""}},"images_with_text_scrolling_JtKqBk":{"type":"images-with-text-scrolling","blocks":{"item_meqqGc":{"type":"item","settings":{"image":"shopify:\/\/shop_images\/Asset_1_4x-8_aae7d14a-eff0-4408-89cd-851c8e0c9667.png","icon":"none","icon_width":48,"title":"Stylish & Functional","content":"<p>From 50 cm to 200 cm wide (height varies per design), available in 20 different colors. Equipped with a dimming and flashing function and can be controlled remotely with the supplied remote control. Can be used outdoors with a waterproof design 50,000 active hours = 10 years of pleasure from your design 1 year warranty Delivery within 1 working day (including track & trace) Made by hand, and truly unique Design is delivered plug & play, Including mounting set (screws, plugs and caps)<\/p><p>Are you going to hang your design outside? Then choose the option 'waterproof' so that your board can withstand weather conditions such as rain and humidity!<\/p><p>Your neon is always supplied with a 3 meter long transparent cable and a plug made for the EU. The neon signs can also be used for at least 10 years and have a 1-year manufacturer’s warranty<\/p>"}}},"block_order":["item_meqqGc"],"settings":{"full_width":true,"stack_on_mobile":true,"show_counter":false,"desktop_image_effect":"fade","image_position":"end","background":"","background_gradient":"","text_color":"","heading_color":"","heading_gradient":""}},"images_with_text_scrolling_EHppXr":{"type":"images-with-text-scrolling","blocks":{"item_pPxhbR":{"type":"item","settings":{"image":"shopify:\/\/shop_images\/19570_e8452e97-28d9-4540-952e-8c100e84d0e9.png","icon":"none","icon_width":48,"title":"Quality & Environmental Awareness","content":"<p>The signs are made of the highest quality LED Neon, which is different from traditional Neon. LED Neon is durable and friendly to the environment, easier to edit and therefore often a lot cheaper, but achieves at least the same effect as traditional Neon. Your Neon will be mounted on a background made of durable acrylic, you can choose from a background that molds to your design or a background that is rectangular.<\/p><p>Your neon is always supplied with a 3 meter long transparent cable and a plug made for the EU. The neon signs can also be used for at least 10 years and have a 1-year manufacturer’s warranty<\/p>"}}},"block_order":["item_pPxhbR"],"settings":{"full_width":true,"stack_on_mobile":true,"show_counter":false,"desktop_image_effect":"fade","image_position":"start","background":"","background_gradient":"","text_color":"","heading_color":"","heading_gradient":""}},"images_with_text_scrolling_caDH8U":{"type":"images-with-text-scrolling","blocks":{"item_6Wq4dL":{"type":"item","settings":{"image":"shopify:\/\/shop_images\/Asset_-1_ea0dcdfc-04d6-451b-802d-077521872754.png","icon":"none","icon_width":48,"title":"Why Neon Ferry?","content":"<p>Choose one of our stylish pre-made designs, or easily create your own: to make the process even smoother, our support is here to help you create your own design.<\/p><p>We also offer completely FREE insured shipping, including Track & Trace and are the fastest supplier of handmade LED Neon signs in the world.<\/p><p>Not sure about your order? We’re always available! Call or email our experienced customer service. We can can be reached from Monday to Friday via: info@neonferry.com. You can also check out the FAQs below.<\/p><p>Your neon is always supplied with a 3 meter long transparent cable and a plug made for the EU. The neon signs can also be used for at least 10 years and have a 1-year manufacturer’s warranty<\/p>"}}},"block_order":["item_6Wq4dL"],"settings":{"full_width":true,"stack_on_mobile":true,"show_counter":false,"desktop_image_effect":"fade","image_position":"end","background":"","background_gradient":"","text_color":"","heading_color":"","heading_gradient":""}},"testimonials_cJkEnn":{"type":"testimonials","blocks":{"trustpilot_npEmrL":{"type":"trustpilot","settings":{"title":"Trustpilot","quantity":"1200+ reviews","url":""}},"testimonial_Vj8rRC":{"type":"testimonial","settings":{"round_avatar":true,"show_rating":true,"rating":4,"author":"John S.","title":"Testimonial 1","content":"<p>Share what your customers are saying about your products, customer service or shipping rates.<\/p>"}},"testimonial_GmLn3k":{"type":"testimonial","settings":{"round_avatar":true,"show_rating":true,"rating":5,"author":"Mary U.","title":"Testimonial 2","content":"<p>Share what your customers are saying about your products, customer service or shipping rates.<\/p>"}},"testimonial_yQnw6K":{"type":"testimonial","settings":{"round_avatar":true,"show_rating":true,"rating":4,"author":"Joshua A.","title":"Testimonial 3","content":"<p>Share what your customers are saying about your products, customer service or shipping rates.<\/p>"}},"testimonial_xc8KjP":{"type":"testimonial","settings":{"round_avatar":true,"show_rating":true,"rating":4,"author":"Joshua A.","title":"Testimonial 3","content":"<p>Share what your customers are saying about your products, customer service or shipping rates.<\/p>"}}},"block_order":["trustpilot_npEmrL","testimonial_Vj8rRC","testimonial_GmLn3k","testimonial_yQnw6K","testimonial_xc8KjP"],"settings":{"full_width":true,"stack_testimonials":false,"subheading":"","title":"Testimonials","content":"","link_url":"","link_text":"","background":"","background_gradient":"","text_color":"","heading_color":"","heading_gradient":"","testimonial_card_background":"","testimonial_card_text_color":""}}},"order":["main","images_with_text_scrolling_AXkwTh","images_with_text_scrolling_JtKqBk","images_with_text_scrolling_EHppXr","images_with_text_scrolling_caDH8U","testimonials_cJkEnn"]}