{"sections":{"main":{"type":"main-page","disabled":true,"settings":{"content_width":"80ch"}},"faq_PgKeMg":{"type":"faq","blocks":{"item_c3Wydr":{"type":"item","settings":{"title":"What are the shipping costs?","content":"<p><strong>Shipping is absolutely free on all orders.<\/strong><\/p>"}},"item_z3V7ND":{"type":"item","settings":{"title":"How long will it take to receive my order?","content":"<p><strong>Your sign is fully crafted in just 5 business days. Once shipped, you'll be able to enjoy your sign in just 3-5 business days.<\/strong><\/p>"}},"item_VBgbDB":{"type":"item","settings":{"title":"How much is the dimmer remote?","content":"<p><strong>The cost for the dimmer is $29. We provide a free dimmer on all orders above $300. We highly recommend getting the dimmer, as it will help you adjust the brightness of the sign to fit your mood.<\/strong><\/p>"}},"item_qnRei8":{"type":"item","settings":{"title":"How long do LED neon signs last?","content":"<p><strong>LED neon lights tend to last a minimum of 50,000 hours. That is equivalent to 14 years if you turn on any LED neon sign for 10 hours per day. This lifespan is 3.5 times longer than traditional gas neon signs. Normally, if there is a problem it’s usually the transformer that fails, however these are replaceable items and we can supply replacements if necessary, and if within the warranty period.<\/strong><\/p>"}},"item_kjKJHp":{"type":"item","settings":{"title":"Where is Neon Ferry located?","content":"<p><strong>Our HQ is located in Houston, Texas.<\/strong><\/p>"}}},"block_order":["item_c3Wydr","item_z3V7ND","item_VBgbDB","item_qnRei8","item_kjKJHp"],"settings":{"full_width":true,"subheading":"","title":"FREQUENTLY ASKED QUESTIONS","content":"","team_avatar_width":160,"support_hours":"Our customer support is available Monday to Friday: 8am-8:30pm.","answer_time":"Average answer time: 24h","button_text":"Contact us","button_url":"shopify:\/\/pages\/contact-us","text_position":"center","background":"","background_gradient":"","text_color":"","heading_color":"","heading_gradient":"","button_background":"","button_text_color":"","accordion_background":"#ffffff","accordion_text_color":""}}},"order":["main","faq_PgKeMg"]}