{"sections":{"main":{"type":"main-page","custom_css":[],"settings":{"content_width":"80ch"}},"image_link_blocks_DAb7TT":{"type":"image-link-blocks","blocks":{"item_8Xt9WR":{"type":"item","settings":{"video":"shopify:\/\/files\/videos\/neon-f-vid-6.mp4","stretch_image":true,"link_text":"","link_url":"","background":"","text_color":"#ffffff","overlay_color":"#000000","overlay_opacity":0}},"item_JyLfAA":{"type":"item","settings":{"video":"shopify:\/\/files\/videos\/neon-f-vid-18.mp4","stretch_image":true,"link_text":"","link_url":"","background":"","text_color":"#ffffff","overlay_color":"#000000","overlay_opacity":0}},"item_iYxz4w":{"type":"item","settings":{"video":"shopify:\/\/files\/videos\/x-db433fccf9992bd150b8-Cynthia_is_marketing_Neon_Ferry_FB_AB_30s_1x1_01_1_4edd6d0c-299b-4190-aef1-ef2c6197d294.mp4","stretch_image":true,"link_text":"","link_url":"","background":"","text_color":"#ffffff","overlay_color":"#000000","overlay_opacity":0}},"item_azEa4R":{"type":"item","settings":{"video":"shopify:\/\/files\/videos\/x-e422d8f0bad0ccae5d59-Cynthia_is_marketing_Neon_Ferry_INSTA_MO_15s_9x16_01_8_FIX_FIX.mp4","stretch_image":true,"link_text":"","link_url":"","background":"","text_color":"#ffffff","overlay_color":"#000000","overlay_opacity":0}},"item_wbyMfe":{"type":"item","settings":{"video":"shopify:\/\/files\/videos\/x-f2a68c59e2df2b2df070-Cynthiaismarketing_NeonFerry_Instagram_KV_15s_9x16_01_1.mp4","stretch_image":true,"link_text":"","link_url":"","background":"","text_color":"#ffffff","overlay_color":"#000000","overlay_opacity":0}},"item_jFqUhT":{"type":"item","settings":{"video":"shopify:\/\/files\/videos\/x-b88e22d66c644e13729e-Cynthia_is_marketing_Neon_Ferry_FB_AB_30s_1x1_01.mp4","stretch_image":true,"link_text":"","link_url":"","background":"","text_color":"#ffffff","overlay_color":"#000000","overlay_opacity":0}}},"block_order":["item_8Xt9WR","item_JyLfAA","item_iYxz4w","item_azEa4R","item_wbyMfe","item_jFqUhT"],"custom_css":[".section-header {}"],"settings":{"full_width":true,"block_size":"large","subheading":"","title":"","content":"","link_url":"","link_text":"","background":"","background_gradient":"","text_color":"","heading_color":"","heading_gradient":""}},"17149932019de98f64":{"type":"apps","blocks":{"judge_me_reviews_all_reviews_page_W8CnQC":{"type":"shopify:\/\/apps\/judge-me-reviews\/blocks\/all_reviews_page\/61ccd3b1-a9f2-4160-9fe9-4fec8413e5d8","settings":{}}},"block_order":["judge_me_reviews_all_reviews_page_W8CnQC"],"settings":{"full_width":true,"remove_vertical_spacing":false,"remove_horizontal_spacing":false,"background":"","background_gradient":"","text_color":""}}},"order":["main","image_link_blocks_DAb7TT","17149932019de98f64"]}