{"sections":{"main":{"type":"main-page","disabled":true,"settings":{"content_width":"80ch"}},"contact":{"type":"contact","blocks":{"text_rYeWV4":{"type":"text","settings":{"title":"Phone","use_long_text":false,"required":true}},"text_a4TFV8":{"type":"text","settings":{"title":"Subject","use_long_text":false,"required":true}}},"block_order":["text_rYeWV4","text_a4TFV8"],"custom_css":[],"settings":{"full_width":true,"subheading":"","title":"Contact us","content":"<p>Do you have any questions? Need help with your order?  <br\/>Please don't hesitate to contact our customer service team <br\/>via the form below or email at <a href=\"mailto:info@neonferry.com\" title=\"mailto:info@neonferry.com\"><strong>info@neonferry.com<\/strong><\/a><\/p><p><strong>Neon Ferry<\/strong><br\/>80 SW 8th St Ste 3303<br\/> Miami Florida 33130<br\/>United States<\/p>","text_position":"center","contact_form_size":"large","background":"#ffffff","background_gradient":"","text_color":"","heading_color":"","heading_gradient":"","contact_background":"#ffffff","contact_text_color":"","button_background":"","button_text_color":""}}},"order":["main","contact"]}