{"sections":{"17148872985ba43281":{"type":"apps","blocks":{"neon_sign_customiser_neon_customiser_iHA7dF":{"type":"shopify:\/\/apps\/neon-sign-customiser\/blocks\/neon-customiser\/29c3b558-f454-440f-b53e-26c5e867a515","settings":{"customiser_id":"74","scroll_order":true,"height":100,"height_reduction":0,"height_reduction_mobile":0,"price_box_options":"bottom","rtl":false}}},"block_order":["neon_sign_customiser_neon_customiser_iHA7dF"],"disabled":true,"custom_css":[".hhAaQL {background: #e316e8 !important;}"],"settings":{"full_width":true,"remove_vertical_spacing":true,"remove_horizontal_spacing":true,"background":"","background_gradient":"","text_color":""}},"main":{"type":"main-product","blocks":{"vendor":{"type":"vendor","settings":{}},"title":{"type":"title","settings":{"heading_tag":"h2"}},"badges":{"type":"badges","settings":{}},"price":{"type":"price","settings":{"show_taxes_notice":false}},"rating":{"type":"rating","settings":{"show_empty":false}},"payment_terms":{"type":"payment_terms","settings":{}},"separator":{"type":"separator","settings":{}},"variant_picker":{"type":"variant_picker","settings":{"hide_sold_out_variants":true,"stack_blocks":true,"selector_style":"block","swatch_selector_style":"none","variant_image_options":"","size_chart_page":""}},"quantity_selector":{"type":"quantity_selector","settings":{}},"buy_buttons":{"type":"buy_buttons","settings":{"show_payment_button":true,"show_gift_card_recipient":true,"atc_button_background":"","atc_button_text_color":"","payment_button_background":"","payment_button_text_color":""}},"description":{"type":"description","settings":{"collapse_content":false}}},"block_order":["vendor","title","badges","price","rating","payment_terms","separator","variant_picker","quantity_selector","buy_buttons","description"],"disabled":true,"settings":{"full_width":true,"atc_message":"Your sign is estimated to arrive between","show_fixed_add_to_cart":true,"desktop_media_width":55,"desktop_media_layout":"carousel_thumbnails_left","mobile_media_size":"expanded","mobile_carousel_control":"floating_dots","enable_video_autoplay":false,"enable_video_looping":true,"enable_image_zoom":true,"max_image_zoom_level":3,"background":"","background_gradient":"","text_color":"","input_background":"rgba(0,0,0,0)","input_text_color":""}},"multi_column_iBmCjX":{"type":"multi-column","blocks":{"item_cGVfNd":{"type":"item","settings":{"video":"shopify:\/\/files\/videos\/Customisation Inquiry.mp4","column_size":"3","title":"1. Easy to hang","heading_tag":"h4","content":"<p>We provide a free screw kit in each box. Hang it easily, by yourself or with the help of a friend.<\/p>","link_url":"","link_text":"","link_style":"link"}},"item_rJHBm7":{"type":"item","settings":{"video":"shopify:\/\/files\/videos\/WhatsApp Video 2024-05-19 at 01.16.06_4ee5dcf2_adf16a23-280b-45ab-8d3a-822e62f48365.mp4","column_size":"3","title":"2. No tools needed","heading_tag":"h4","content":"<p>You can add the 3M Command Stripes (+$10) for one-minute installation.<\/p>","link_url":"","link_text":"","link_style":"link"}},"item_7AcVM9":{"type":"item","settings":{"video":"shopify:\/\/files\/videos\/WhatsApp Video 2024-05-19 at 01.16.24_26c879cd_e5aded7e-7241-4cdf-a31d-c437f30b8013.mp4","column_size":"3","title":"3. Plug it in","heading_tag":"h4","content":"<p>Plug your dimmer switch in between the piece and power supply. Then plug the power supply in and watch your wall come to life!<\/p>","link_url":"","link_text":"","link_style":"link"}}},"block_order":["item_cGVfNd","item_rJHBm7","item_7AcVM9"],"custom_css":[".multi-column__item {background: #3200b2; border-radius: 15px;}",".v-stack {padding: 0px 20px 20px; color: white;}"],"settings":{"full_width":true,"stack_on_mobile":false,"gap":"small","text_alignment":"start","subheading":"","title":"SIMPLE INSTALLATION","content":"","background":"","background_gradient":"","text_color":""}},"specification_table_h33fwT":{"type":"specification-table","blocks":{"row_3abUbj":{"type":"row","settings":{"heading":"Durable & extra resistant","value":"<p><em>made from the finest material to ensure long lastingness<\/em><\/p>"}},"row_cBc8Cz":{"type":"row","settings":{"heading":"Easy to install","value":"<p><em>simply hang your sign in its desired location, and plug it in!<\/em><\/p>"}},"row_bqDgmF":{"type":"row","settings":{"heading":"Environmentally friendly","value":"<p><em>made from recyclable materials & more energy efficient<\/em><\/p>"}},"row_63EdXQ":{"type":"row","settings":{"heading":"Dimmable brightness","value":"<p><em>comes with a remote to help you control the brightness<\/em><\/p>"}},"row_X9iwCP":{"type":"row","settings":{"heading":"Guarantee included","value":"<p><em>we offer a 12 month guarantee on all our products<\/em><\/p>"}},"row_xxkqwh":{"type":"row","settings":{"heading":"Fully insured","value":"<p><em>shipments are insured for transport & replaced free of charge<\/em><\/p>"}}},"block_order":["row_3abUbj","row_cBc8Cz","row_bqDgmF","row_63EdXQ","row_X9iwCP","row_xxkqwh"],"settings":{"full_width":true,"subheading":"","title":"Why Neon Ferry?","content":"<p>Illuminate your space with Neon Ferry's Neon Sign Products. Crafted for brilliance and durability, our custom-designed signs add personality to any room or event. Choose from a variety of colors, shapes, and sizes to make a bold statement that shines bright.<\/p>","button_text":"SHOP NOW","button_url":"shopify:\/\/collections\/all","text_position":"start","max_rows":3,"view_all_text":"View all","view_less_text":"View less","background":"rgba(0,0,0,0)","background_gradient":"","text_color":"","heading_color":"","heading_gradient":"","button_background":"#3200b2","button_text_color":"#ffffff","chart_background":"#3200b2","chart_text_color":"#ffffff","chart_true_false_color":"#ffffff"}},"image_link_blocks_GgFx3N":{"type":"image-link-blocks","blocks":{"item_CQMt4K":{"type":"item","settings":{"video":"shopify:\/\/files\/videos\/x-e422d8f0bad0ccae5d59-Cynthia_is_marketing_Neon_Ferry_INSTA_MO_15s_9x16_01_8_FIX_FIX.mp4","stretch_image":true,"link_text":"","link_url":"","background":"","text_color":"#ffffff","overlay_color":"#000000","overlay_opacity":0}},"item_BJFd3j":{"type":"item","settings":{"video":"shopify:\/\/files\/videos\/x-db433fccf9992bd150b8-Cynthia_is_marketing_Neon_Ferry_FB_AB_30s_1x1_01_1.mp4","stretch_image":true,"link_text":"","link_url":"","background":"","text_color":"#ffffff","overlay_color":"#000000","overlay_opacity":0}},"item_E3VzKd":{"type":"item","settings":{"video":"shopify:\/\/files\/videos\/neon-f-vid-6.mp4","stretch_image":true,"link_text":"","link_url":"","background":"","text_color":"#ffffff","overlay_color":"#000000","overlay_opacity":0}},"item_H7TPCq":{"type":"item","settings":{"video":"shopify:\/\/files\/videos\/neon-f-vid-18.mp4","stretch_image":true,"link_text":"","link_url":"","background":"","text_color":"#ffffff","overlay_color":"#000000","overlay_opacity":0}},"item_QeaDEg":{"type":"item","settings":{"video":"shopify:\/\/files\/videos\/x-f2a68c59e2df2b2df070-Cynthiaismarketing_NeonFerry_Instagram_KV_15s_9x16_01_1.mp4","stretch_image":true,"link_text":"","link_url":"","background":"","text_color":"#ffffff","overlay_color":"#000000","overlay_opacity":0}},"item_HLEiUr":{"type":"item","settings":{"video":"shopify:\/\/files\/videos\/x-b88e22d66c644e13729e-Cynthia_is_marketing_Neon_Ferry_FB_AB_30s_1x1_01.mp4","stretch_image":true,"link_text":"","link_url":"","background":"","text_color":"#ffffff","overlay_color":"#000000","overlay_opacity":0}}},"block_order":["item_CQMt4K","item_BJFd3j","item_E3VzKd","item_H7TPCq","item_QeaDEg","item_HLEiUr"],"settings":{"full_width":false,"block_size":"medium","subheading":"","title":"Glowing Reviews of Our Neon Signs","content":"","link_url":"","link_text":"","background":"","background_gradient":"","text_color":"","heading_color":"","heading_gradient":""}},"related-products":{"type":"related-products","disabled":true,"settings":{"recommendations_count":6,"products":[],"full_width":true,"stack_products":true,"show_progress_bar":false,"products_per_row_mobile":"1","products_per_row_desktop":3,"subheading":"","title":"You may also like","content":"","background":"","background_gradient":"","text_color":"","heading_color":"","heading_gradient":"","product_card_background":"","product_card_text_color":""}},"custom_table_jif34F":{"type":"custom-table","blocks":{"row_jVUARX":{"type":"row","settings":{"heading":"Cruelty free","true_first-box":"true","true_second-box":"false"}},"row_EtVjXR":{"type":"row","settings":{"heading":"Own factory\/ manufacturer","true_first-box":"true","true_second-box":"false"}},"row_RTp6jB":{"type":"row","settings":{"heading":"2 year warranty","true_first-box":"true","true_second-box":"false"}},"row_Acfxxf":{"type":"row","settings":{"heading":"Lower cost","true_first-box":"true","true_second-box":"false"}},"row_YAzbAw":{"type":"row","settings":{"heading":"Fast shipping 7-10 days","true_first-box":"true","true_second-box":"false"}}},"block_order":["row_jVUARX","row_EtVjXR","row_RTp6jB","row_Acfxxf","row_YAzbAw"],"settings":{"full_width":true,"subheading":"","title":"What Makes Neon Ferry Special","content":"<p>Find out why you should choose Neon Ferry instead of other Neon Sign Shop.<\/p>","button_text":"","button_url":"","text_position":"start","shop_logo":"shopify:\/\/shop_images\/site-logo--yellow_8b40d36b-8407-4df8-96a3-2b3696e5c247.png","other":"Others","background":"","background_gradient":"","text_color":"","heading_color":"","heading_gradient":"","button_background":"","button_text_color":"","chart_background":"#f5f5f5","chart_text_color":""}},"1715158861665b3d48":{"type":"apps","blocks":{"judge_me_reviews_all_reviews_page_KWxQXp":{"type":"shopify:\/\/apps\/judge-me-reviews\/blocks\/all_reviews_page\/61ccd3b1-a9f2-4160-9fe9-4fec8413e5d8","settings":{}}},"block_order":["judge_me_reviews_all_reviews_page_KWxQXp"],"settings":{"full_width":true,"remove_vertical_spacing":false,"remove_horizontal_spacing":false,"background":"","background_gradient":"","text_color":""}},"custom_liquid_n4Lgh4":{"type":"custom-liquid","settings":{"full_width":true,"remove_vertical_spacing":true,"remove_horizontal_spacing":true,"liquid":"<style>\nheader img.header__logo-image {\n    visibility: visible;\n}\nheader span.pplr_preview_wrapper,\nheader .pplr_loader {\n    display: none !important;\n}\n<\/style>","background":"","background_gradient":"","text_color":""}}},"order":["17148872985ba43281","main","multi_column_iBmCjX","specification_table_h33fwT","image_link_blocks_GgFx3N","related-products","custom_table_jif34F","1715158861665b3d48","custom_liquid_n4Lgh4"]}