{"sections":{"rich_text_U8mmz6":{"type":"rich-text","blocks":{"heading_zfWdDe":{"type":"heading","settings":{"text":"CUSTOMIZE YOUR BUSINESS SIGN IN 7 STEPS!","heading_tag":"h2","text_color":"","gradient":""}},"richtext_h4JfMW":{"type":"richtext","settings":{"content":"<p>Create an Irresistible Ambiance! <\/p>"}}},"block_order":["heading_zfWdDe","richtext_h4JfMW"],"settings":{"full_width":true,"content_width":"large","text_position":"center","background":"","background_gradient":"","text_color":""}},"main":{"type":"main-product","blocks":{"judge_me_reviews_preview_badge_bWKHJ7":{"type":"shopify:\/\/apps\/judge-me-reviews\/blocks\/preview_badge\/61ccd3b1-a9f2-4160-9fe9-4fec8413e5d8","settings":{}},"image_field_qA8zCi":{"type":"image_field","settings":{"title":"Upload your logo \/ image","field_required":true,"show_at_checkout":true}},"custom_field_6gtU9z":{"type":"custom_field","settings":{"title":"Shape of your Sign","field_type":"select","field_options":"Circle\nSquare\nRectangle\nOther","field_placeholder":"","field_required":true,"show_at_checkout":true}},"custom_field_G49LGQ":{"type":"custom_field","settings":{"title":"Acrylic Sheet Type","field_type":"select","field_options":"Transparent (Clear)\nFrosted (Foggy)\nNot Sure (Request help)\nOther Colour (Mention on the additional requests)","field_placeholder":"","field_required":true,"show_at_checkout":true}},"custom_field_iGXJQN":{"type":"custom_field","settings":{"title":"Colour of the Logo and Letters","field_type":"select","field_options":"Same Colour as my Logo\nGold\nRose Gold\nRose Pink\nBlack\nSilver\nWhite\nNot Sure (Request help)\nOther (Mention on the additional requests)","field_placeholder":"","field_required":true,"show_at_checkout":true}},"zepto_product_personalizer_product_personalizer_page_GhqwHf":{"type":"shopify:\/\/apps\/zepto-product-personalizer\/blocks\/product_personalizer_page\/7411210d-7b32-4c09-9455-e129e3be4729","settings":{"product":"{{product}}"}},"variant_picker":{"type":"variant_picker","settings":{"hide_sold_out_variants":true,"stack_blocks":true,"selector_style":"dropdown","swatch_selector_style":"none","variant_image_options":"","size_chart_page":""}},"custom_field_aniDUQ":{"type":"custom_field","settings":{"title":"Additional Requests","field_type":"textarea","field_options":"","field_placeholder":"","field_required":false,"show_at_checkout":true}},"custom_field_dgYAEn":{"type":"custom_field","settings":{"title":"Emal","field_type":"email","field_options":"","field_placeholder":"Type your email","field_required":true,"show_at_checkout":true}},"price":{"type":"price","settings":{"show_taxes_notice":false}},"quantity_selector":{"type":"quantity_selector","settings":{}},"payment_terms":{"type":"payment_terms","settings":{}},"buy_buttons":{"type":"buy_buttons","settings":{"show_payment_button":true,"show_gift_card_recipient":true,"atc_button_background":"","atc_button_text_color":"","payment_button_background":"","payment_button_text_color":""}},"liquid_wbmgjn":{"type":"liquid","settings":{"liquid":"<div class=\"footer__payment-icons h-stack wrap gap-2\">\n              {%- for type in shop.enabled_payment_types -%}\n                {{- type | payment_type_svg_tag -}}\n              {%- endfor -%}\n            <\/div>"}},"offer_nXj4jX":{"type":"offer","settings":{"text_alignment":"center","icon_position":"stacked","icon":"picto-coupon","custom_icon":"shopify:\/\/shop_images\/safely.png","icon_width":60,"title":"2-Year Guarantee","content":"","background":"#f5f5f5","text_color":"#1a1a1a"}},"offer_wVAtQX":{"type":"offer","settings":{"text_alignment":"center","icon_position":"stacked","icon":"picto-coupon","custom_icon":"shopify:\/\/shop_images\/blue__1.png","icon_width":60,"title":"Energy Efficient","content":"","background":"#f5f5f5","text_color":"#1a1a1a"}},"offer_aeXyrx":{"type":"offer","settings":{"text_alignment":"center","icon_position":"stacked","icon":"picto-coupon","custom_icon":"shopify:\/\/shop_images\/shipping_db36458c-7fa0-4ec3-b715-5b7292dd505a.png","icon_width":60,"title":"Free Shipping","content":"","background":"#f5f5f5","text_color":"#1a1a1a"}},"text_8qitYK":{"type":"text","settings":{"text":"<h6>FROM OUR STUDIO TO YOUR WALLS<\/h6>"}},"description":{"type":"description","settings":{"collapse_content":true}},"collapsible_text_KibjiX":{"type":"collapsible_text","settings":{"title":"Specification","content":"{{ product.metafields.custom.specification | metafield_tag }}","page":""}},"collapsible_text_c6C7Gz":{"type":"collapsible_text","settings":{"title":"What's in the box","content":"<p>Your new neon sign<\/p><p>A New Power Supply: Plug types available for EU, UK, US, AU.<\/p><p>Free dimmer included (orders above $300)<\/p><p>How it works manual<\/p><p>Advertising screws<\/p>","page":""}},"collapsible_text_bE87gF":{"type":"collapsible_text","settings":{"title":"Shipping","content":"<p>All orders are sent within 48-72 hours (for design) excluding weekends and holidays. Delays are likely to occur but we do everything possible to ensure that your order is shipped as quickly as possible. The quality of our products is very important to us we take our time to make the product before delivering it to you.<br\/><br\/><strong>Delivery<\/strong><br\/>Standard Shipping may take 7-10 business days to arrive. You will be provided a tracking number when your order is processed. Please note that delivery times shown are estimates and may vary due to external factors beyond the control of Neonferry. Give us 3-4 days after purchase to send you the tracking number.<br\/><br\/>Rush Orders - For an extra $100 we will create your Neon Sign within 24 hours and ship it to you right away.<\/p>","page":""}}},"block_order":["judge_me_reviews_preview_badge_bWKHJ7","image_field_qA8zCi","custom_field_6gtU9z","custom_field_G49LGQ","custom_field_iGXJQN","zepto_product_personalizer_product_personalizer_page_GhqwHf","variant_picker","custom_field_aniDUQ","custom_field_dgYAEn","price","quantity_selector","payment_terms","buy_buttons","liquid_wbmgjn","offer_nXj4jX","offer_wVAtQX","offer_aeXyrx","text_8qitYK","description","collapsible_text_KibjiX","collapsible_text_c6C7Gz","collapsible_text_bE87gF"],"custom_css":[".product {padding-top: 15px;}"],"settings":{"full_width":true,"atc_message":"Your sign is estimated to arrive between","show_fixed_add_to_cart":true,"desktop_media_width":55,"desktop_media_layout":"carousel_thumbnails_left","mobile_media_size":"expanded","mobile_carousel_control":"floating_dots","enable_video_autoplay":true,"enable_video_looping":true,"enable_image_zoom":true,"max_image_zoom_level":3,"background":"","background_gradient":"","text_color":"","input_background":"rgba(0,0,0,0)","input_text_color":""}},"image_link_blocks_pTPiHa":{"type":"image-link-blocks","blocks":{"item_CLD3eg":{"type":"item","settings":{"video":"shopify:\/\/files\/videos\/neon-f-vid-6.mp4","stretch_image":true,"link_text":"","link_url":"","background":"","text_color":"#ffffff","overlay_color":"#000000","overlay_opacity":0}},"item_4CDpeJ":{"type":"item","settings":{"video":"shopify:\/\/files\/videos\/neon-f-vid-18.mp4","stretch_image":true,"link_text":"","link_url":"","background":"","text_color":"#ffffff","overlay_color":"#000000","overlay_opacity":0}},"item_xWXxpf":{"type":"item","settings":{"video":"shopify:\/\/files\/videos\/x-f2a68c59e2df2b2df070-Cynthiaismarketing_NeonFerry_Instagram_KV_15s_9x16_01_1.mp4","stretch_image":true,"link_text":"","link_url":"","background":"","text_color":"#ffffff","overlay_color":"#000000","overlay_opacity":0}},"item_MfYDFw":{"type":"item","settings":{"video":"shopify:\/\/files\/videos\/x-db433fccf9992bd150b8-Cynthia_is_marketing_Neon_Ferry_FB_AB_30s_1x1_01_1_4edd6d0c-299b-4190-aef1-ef2c6197d294.mp4","stretch_image":true,"link_text":"","link_url":"","background":"","text_color":"#ffffff","overlay_color":"#000000","overlay_opacity":0}},"item_aqCPDA":{"type":"item","settings":{"video":"shopify:\/\/files\/videos\/x-e422d8f0bad0ccae5d59-Cynthia_is_marketing_Neon_Ferry_INSTA_MO_15s_9x16_01_8_FIX_FIX.mp4","stretch_image":true,"link_text":"","link_url":"","background":"","text_color":"#ffffff","overlay_color":"#000000","overlay_opacity":0}},"item_mdWWaB":{"type":"item","settings":{"video":"shopify:\/\/files\/videos\/x-b88e22d66c644e13729e-Cynthia_is_marketing_Neon_Ferry_FB_AB_30s_1x1_01.mp4","stretch_image":true,"link_text":"","link_url":"","background":"","text_color":"#ffffff","overlay_color":"#000000","overlay_opacity":0}}},"block_order":["item_CLD3eg","item_4CDpeJ","item_xWXxpf","item_MfYDFw","item_aqCPDA","item_mdWWaB"],"custom_css":["{margin-top: 60px;}"],"settings":{"full_width":true,"block_size":"medium","subheading":"","title":"Glowing Reviews of Our Neon Signs","content":"","link_url":"","link_text":"","background":"","background_gradient":"","text_color":"","heading_color":"","heading_gradient":""}},"rich_text_3HWd6M":{"type":"rich-text","blocks":{"heading_QqXU6e":{"type":"heading","settings":{"text":"Bring Your Imagination To Life","heading_tag":"h1","text_color":"","gradient":""}},"richtext_tmjHnG":{"type":"richtext","settings":{"content":"<p>Create your own neon sign online using our custom neon sign maker! We have created an easy tool to help you create your own custom neon sign and to give you a visual mockup so you can see what it's going to look like before you order.<\/p>"}}},"block_order":["heading_QqXU6e","richtext_tmjHnG"],"custom_css":[],"settings":{"full_width":true,"content_width":"medium","text_position":"center","background":"","background_gradient":"","text_color":""}},"media_with_text_aRD7nd":{"type":"media-with-text","blocks":{"image_qGQzNW":{"type":"image","settings":{"image":"shopify:\/\/shop_images\/IMG_2164.webp","media_width":50,"media_position":"start","text_position":"place-self-center-start text-start","icon":"none","icon_width":48,"subheading":"","title":"WHAT'S IN THE BOX","content":"<ul><li>LED neon piece<\/li><li>Extension cable<\/li><li>Installation screw kit<\/li><li>Dimmer switch<\/li><li>Power supply<\/li><\/ul>","link_text":"","link_url":"","background":"#3200b2","background_gradient":"","text_color":"#ffffff","text_gradient":"","button_background":"","button_text_color":""}}},"block_order":["image_qGQzNW"],"settings":{"full_width":false,"spacing":"small"}},"multi_column_XKDBAX":{"type":"multi-column","blocks":{"item_dfRWU4":{"type":"item","settings":{"video":"shopify:\/\/files\/videos\/Customisation Inquiry.mp4","column_size":"3","title":"1. Easy to hang","heading_tag":"h4","content":"<p>We provide a free screw kit in each box. Hang it easily, by yourself or with the help of a friend.<\/p>","link_url":"","link_text":"","link_style":"link"}},"item_8edkLz":{"type":"item","settings":{"video":"shopify:\/\/files\/videos\/WhatsApp Video 2024-05-19 at 01.16.06_4ee5dcf2_adf16a23-280b-45ab-8d3a-822e62f48365.mp4","column_size":"3","title":"2. No tools needed","heading_tag":"h4","content":"<p>You can add the 3M Command Stripes (+$10) for one-minute installation.<\/p>","link_url":"","link_text":"","link_style":"link"}},"item_YbLQ4J":{"type":"item","settings":{"video":"shopify:\/\/files\/videos\/WhatsApp Video 2024-05-19 at 01.16.24_26c879cd_e5aded7e-7241-4cdf-a31d-c437f30b8013.mp4","column_size":"3","title":"3. Plug it in","heading_tag":"h4","content":"<p>Plug your dimmer switch in between the piece and power supply. Then plug the power supply in and watch your wall come to life!<\/p>","link_url":"","link_text":"","link_style":"link"}}},"block_order":["item_dfRWU4","item_8edkLz","item_YbLQ4J"],"custom_css":[".multi-column__item {background: #3200b2; border-radius: 15px;}",".v-stack.gap-4 {padding: 0px 20px 20px; color: white;}"],"settings":{"full_width":true,"stack_on_mobile":false,"gap":"medium","text_alignment":"start","subheading":"","title":"SIMPLEINSTALLATION","content":"","background":"#f5f5f5","background_gradient":"","text_color":""}},"custom_table_ak4bwW":{"type":"custom-table","blocks":{"row_4nMPmG":{"type":"row","settings":{"heading":"Cruelty free","true_first-box":"true","true_second-box":"false"}},"row_3bMtWC":{"type":"row","settings":{"heading":"Own factory\/ manufacturer","true_first-box":"true","true_second-box":"false"}},"row_ErGqBW":{"type":"row","settings":{"heading":"2 year warranty","true_first-box":"true","true_second-box":"false"}},"row_bVT4RA":{"type":"row","settings":{"heading":"Lower cost","true_first-box":"true","true_second-box":"false"}},"row_NVndf7":{"type":"row","settings":{"heading":"Fast shipping 7-10 days","true_first-box":"true","true_second-box":"false"}}},"block_order":["row_4nMPmG","row_3bMtWC","row_ErGqBW","row_bVT4RA","row_NVndf7"],"settings":{"full_width":true,"subheading":"","title":"What Makes Neon Ferry Special","content":"<p>Find out why you should choose Neon Ferry instead of other Neon Sign Shop.<\/p>","button_text":"About us","button_url":"shopify:\/\/pages\/our-story","text_position":"start","shop_logo":"shopify:\/\/shop_images\/site-logo--yellow_8b40d36b-8407-4df8-96a3-2b3696e5c247.png","other":"Others","background":"","background_gradient":"","text_color":"","heading_color":"","heading_gradient":"","button_background":"","button_text_color":"","chart_background":"#f5f5f5","chart_text_color":""}},"before_after_image_m6CFGA":{"type":"before-after-image","settings":{"full_width":true,"subheading":"","title":"","content":"","before_image":"shopify:\/\/shop_images\/pexels-polina-zimmerman-3747299.jpg","after_image":"shopify:\/\/shop_images\/hhkkktt.jpg","expand_image":true,"text_position":"center","before_after_text_position":"top","before_text":"Before","after_text":"After","drag_initial_position":50,"background":"","background_gradient":"","text_color":"","before_text_color":"#ffffff","after_text_color":"#ffffff","drag_cursor_background":"#ffffff","drag_cursor_color":"#000000"}},"related-products":{"type":"related-products","settings":{"recommendations_count":8,"products":[],"full_width":true,"stack_products":false,"show_progress_bar":true,"products_per_row_mobile":"1","products_per_row_desktop":4,"subheading":"","title":"You may also like","content":"","background":"","background_gradient":"","text_color":"","heading_color":"","heading_gradient":"","product_card_background":"","product_card_text_color":""}},"media_with_text_Hek9zL":{"type":"media-with-text","blocks":{"image_CmLiUW":{"type":"image","settings":{"image":"shopify:\/\/shop_images\/GIRS_NEON.jpg","media_width":50,"media_position":"start","text_position":"place-self-center text-center","icon":"none","icon_width":48,"subheading":"","title":"DESIGN YOUR OWN","content":"<p>Can't find what you're looking for?<br\/>Create your dream LED neon sign in 5 minutes.<\/p>","link_text":"DESIGN NOW","link_url":"shopify:\/\/products\/custom-neon-sign","background":"#3200b2","background_gradient":"","text_color":"#ffffff","text_gradient":"","button_background":"","button_text_color":""}}},"block_order":["image_CmLiUW"],"settings":{"full_width":false,"spacing":"small"}},"faq_e49KyJ":{"type":"faq","blocks":{"item_pGD7mW":{"type":"item","settings":{"title":"What are the shipping costs?","content":"<p>Shipping is absolutely free on all orders.<\/p>"}},"item_k8Hn8b":{"type":"item","settings":{"title":"How long will it take to receive my order?","content":"<p>Your sign is fully crafted in just 5 business days. Once shipped, you'll be able to enjoy your sign in just 3-5 business days.<\/p>"}},"item_Hf8rEz":{"type":"item","settings":{"title":"How much is the dimmer remote?","content":"<p>The cost for the dimmer is $29. We provide a free dimmer on all orders above $300. We highly recommend getting the dimmer, as it will help you adjust the brightness of the sign to fit your mood.<\/p>"}},"item_LmgQN6":{"type":"item","settings":{"title":"How long do LED neon signs last?","content":"<p>LED neon lights tend to last a minimum of 50,000 hours. That is equivalent to 14 years if you turn on any LED neon sign for 10 hours per day. This lifespan is 3.5 times longer than traditional gas neon signs. Normally, if there is a problem, it’s usually the transformer that fails, however these are replaceable items and we can supply replacements if necessary, and if within the warranty period.<\/p>"}},"item_jyEU3m":{"type":"item","settings":{"title":"Where is Neon Ferry located?","content":"<p>Our HQ is located in Houston, Texas.<\/p>"}}},"block_order":["item_pGD7mW","item_k8Hn8b","item_Hf8rEz","item_LmgQN6","item_jyEU3m"],"settings":{"full_width":true,"subheading":"","title":"FREQUENTLY ASKED QUESTIONS","content":"","team_avatar_width":160,"support_hours":"","answer_time":"","button_text":"","button_url":"","text_position":"center","background":"","background_gradient":"","text_color":"","heading_color":"","heading_gradient":"","button_background":"","button_text_color":"","accordion_background":"#3200b2","accordion_text_color":"#ffffff"}},"1714995218ca891577":{"type":"apps","blocks":{"judge_me_reviews_all_reviews_page_E4Hb49":{"type":"shopify:\/\/apps\/judge-me-reviews\/blocks\/all_reviews_page\/61ccd3b1-a9f2-4160-9fe9-4fec8413e5d8","settings":{}}},"block_order":["judge_me_reviews_all_reviews_page_E4Hb49"],"custom_css":[".jdgm--leex-script-loaded {box-shadow: none;}"],"settings":{"full_width":true,"remove_vertical_spacing":true,"remove_horizontal_spacing":false,"background":"","background_gradient":"","text_color":""}}},"order":["rich_text_U8mmz6","main","image_link_blocks_pTPiHa","rich_text_3HWd6M","media_with_text_aRD7nd","multi_column_XKDBAX","custom_table_ak4bwW","before_after_image_m6CFGA","related-products","media_with_text_Hek9zL","faq_e49KyJ","1714995218ca891577"]}