{"current":{"header_height_desktop":70,"enable_search":false,"product_grid_badge_placement":"top-left","collection_grid_show_title":true,"sale_type":"amount","enable_cart_notes":true,"cart_icon":"shopping_basket","announcement_background":"#23a5fd","header_border_color":"#ffffff","page_accent_background":"#ffffff","page_button_background":"#23a5fd","page_link_color":"#212529","page_input_background":"#FFFFFF","page_error_color":"#23a5fd","page_sale_color":"#23a5fd","drawer_background":"#ffffff","drawer_accent_background":"#ffffff","drawer_border_color":"#f7f7f7","drawer_text_color":"#212529","drawer_button_background":"#23a5fd","drawer_button_text_color":"#ffffff","drawer_link_color":"#23a5fd","drawer_input_background":"#f7f7f7","drawer_error_color":"#ff0000","drawer_sale_color":"#23a5fd","footer_background":"#e8f6f9","footer_accent_background":"#d5f0f5","footer_border_color":"#d5f0f5","footer_text_color":"#212529","footer_button_background":"#212529","footer_button_text_color":"#23a5fd","footer_link_color":"#212529","footer_input_background":"#d5f0f5","footer_error_color":"#212529","footer_sale_color":"#23a5fd","overlay_background":"#d5f0f5","overlay_opacity":51,"favicon":"shopify:\/\/shop_images\/LIVING_OASIS_LOGO_2_1.jpg","review_app":"","heading_font":"poppins_n7","heading_font_size":24,"heading_font_size_big":50,"text_font":"poppins_n4","text_font_size":14,"accent_font":"poppins_n6","dbtfy_addtocart_animation_type":"shakeX","dbtfy_breadcrumbs_show_on_desktop":false,"dbtfy_breadcrumbs_show_on_mobile":false,"dbtfy_breadcrumbs_show_social_media_on_desktop":false,"dbtfy_gift_wrap_product":"","dbtfy_gift_wrap_show_price":false,"dbtfy_infinite_scroll_type":"click","dbtfy_infinite_scroll_button_style":"btn--primary","dbtfy_quick_compare_button_position_x":"left","dbtfy_quick_compare_show_title":false,"dbtfy_quick_compare_show_price":true,"dbtfy_quick_compare_show_vendor":false,"dbtfy_quick_compare_show_collections":true,"dbtfy_quick_compare_show_tags":false,"dbtfy_quick_compare_show_description":false,"dbtfy_sticky_addtocart_show_star_rating":true,"dbtfy_sticky_addtocart_enable_animation":true,"dbtfy_sticky_addtocart_simplify_on_mobile":true,"dbtfy_sticky_addtocart_position":"bottom","dbtfy_trust_badge_show_on_cart":true,"dbtfy_trust_badge_position_in_cart":"below-checkout-button","dbtfy_wish_list_show_bubble":false,"dbtfy_wish_list_enable_bubble_animation":false,"dbtfy_wish_list_show_count":false,"sticky_announcement_bar":true,"custom_style":"","dbtfy_breadcrumbs":false,"dbtfy_cart_bubble":true,"dbtfy_cart_reminder":false,"dbtfy_customizable_products":false,"dbtfy_inventory_quantity":false,"dbtfy_product_bullet_points":false,"dbtfy_back_in_stock":false,"dbtfy_instagram_feed":false,"dbtfy_newsletter_popup":false,"dbtfy_order_feedback":false,"dbtfy_social_discount":false,"dbtfy_wish_list":false,"dbtfy_back_to_top":false,"dbtfy_cart_notification":false,"dbtfy_collection_filters":false,"dbtfy_custom_currencies":false,"dbtfy_delivery_date":false,"dbtfy_menu_bar":false,"dbtfy_pricing_table":false,"dbtfy_product_swatches":false,"dbtfy_product_tabs":false,"dbtfy_quick_compare":false,"dbtfy_quick_view":true,"dbtfy_recently_viewed":false,"dbtfy_size_chart":false,"dbtfy_synced_variant_image":false,"dbtfy_cart_goal":true,"dbtfy_cart_upsell":true,"dbtfy_quantity_breaks":false,"dbtfy_upsell_popup":false,"dbtfy_cart_discount":false,"dbtfy_delivery_time":false,"dbtfy_skip_cart":false,"dbtfy_trust_badge":false,"dbtfy_remove_debutify_branding":true,"dbtfy_automatic_geolocation":false,"dbtfy_collection_addtocart":false,"dbtfy_color_swatches":false,"dbtfy_faq_page":false,"dbtfy_mega_menu":true,"dbtfy_order_tracking":false,"dbtfy_page_transition":true,"dbtfy_cookie_box":false,"checkout_logo_image":"shopify:\/\/shop_images\/LIVING_OASIS_LOGO_2.jpg","checkout_logo_position":"center","checkout_logo_size":"large","checkout_accent_color":"#212529","checkout_button_color":"#23a5fd","content_for_index":[],"blocks":{"12657775114333427046":{"type":"shopify:\/\/apps\/essential-countdown\/blocks\/app_embed\/722378e8-5a70-4eae-aa89-9e44e8e9f6de","disabled":false,"settings":{}},"15557474716127144420":{"type":"shopify:\/\/apps\/kaching-bundle-quantity-breaks\/blocks\/app-embed-block\/6c637362-a106-4a32-94ac-94dcfd68cdb8","disabled":false,"settings":{}},"pagefly-page-builder":{"type":"shopify:\/\/apps\/pagefly-page-builder\/blocks\/app-embed\/83e179f7-59a0-4589-8c66-c0dddf959200","disabled":false,"settings":{}},"6478312753674380289":{"type":"shopify:\/\/apps\/gempages-builder\/blocks\/embed-gp-script-head\/20b379d4-1b20-474c-a6ca-665c331919f3","disabled":false,"settings":{}}}}}