{"type":"custom.addons","name":"Addons group","sections":{"age-check":{"type":"dbtfy-age-check","disabled":true,"settings":{"type":"birth-date","valid_age":18,"logo_width":80}},"announcement-bar":{"type":"dbtfy-announcement-bar","blocks":{"message_EaxQG6":{"type":"message","settings":{"title":"","text":"<p>🚨<strong> Free Shipping Australia Wide | 50% OFF TODAY ONLY <\/strong>🚨<\/p>"}}},"block_order":["message_EaxQG6"],"settings":{"enable_sticky_bar":false,"enable_small_text_on_mobile":false,"show_social_medias":false,"show_email_address":false,"show_phone_number":false,"left_message":"","right_message":"","rotation_speed":5}},"cart-goal":{"type":"dbtfy-cart-goal","settings":{"text":"You're {amount} away from FREE shipping!","goal_amount":"70","reached_text":"You are eligible for FREE shipping!","icon":"local_shipping"}},"cart-notification":{"type":"dbtfy-cart-notification","settings":{"button_style":"btn--primary"}},"cart-reminder":{"type":"dbtfy-cart-reminder","settings":{"show_on_desktop":true,"show_on_mobile":true,"display_time":7,"interval_time":10,"position":"left","button_style":"btn--primary"}},"cart-upsell":{"type":"dbtfy-cart-upsell","settings":{"button_style":"btn--primary"}},"color-swatches":{"type":"dbtfy-color-swatches","settings":{}},"customizable-products":{"type":"dbtfy-customizable-products","settings":{}},"delivery-time":{"type":"dbtfy-delivery-time","settings":{}},"mega-menu":{"type":"dbtfy-mega-menu","settings":{}},"newsletter-popup":{"type":"dbtfy-newsletter-popup","settings":{"show_floating_bar_on_desktop":true,"show_floating_bar_on_mobile":true,"floating_bar_position":"right","floating_bar_icon":"arrow_drop_up","width":"md","image_position":"center-center","image_as_background":false,"icon":"mail","enable_time_trigger":false,"time_trigger_timeout":15,"enable_exit_intent":true,"enable_scroll_depth_trigger":false,"scroll_depth_percentage":15,"customer_tag":"newsletter","discount_name":"","discount_amount":"","discount_type":"%"}},"product-bullet-points":{"type":"dbtfy-product-bullet-points","settings":{"show_one_per_line":false,"text_alignment":"justify-content-start text-start"}},"product-swatches":{"type":"dbtfy-product-swatches","settings":{"show_in_product_grid":true}},"product-tabs":{"type":"dbtfy-product-tabs","settings":{"show_as_separate_section":false,"display_type":"vertical","heading_color":"headings","text_color":"text","background_color":"accent"}},"quantity-breaks":{"type":"dbtfy-quantity-breaks","settings":{"single_break_text":"Buy _COUNT_: _PRICE_ _SAVED_AMOUNT_","single_break_price_type":"total_price","text":"Add _COUNT_ more item to unlock _DISCOUNT_AMOUNT_ off","highest_discount_text":"Highest discount applied!"}},"size-chart":{"type":"dbtfy-size-chart","settings":{"icon":"straighten","button_label":"Size chart","popup_size":"lg"}},"social-discount":{"type":"dbtfy-social-discount","settings":{"icon":"share","width":"md","discount_name":"","discount_amount":"","discount_type":"%"}},"upsell-popup":{"type":"dbtfy-upsell-popup","settings":{"width":"md","description_tab_heading":"See product details","decline_offer_text":"No thanks","go_to_checkout_text":"Go to checkout →","text_alignment":"text-center","progress_bar_width":75}}},"order":["age-check","announcement-bar","cart-goal","cart-notification","cart-reminder","cart-upsell","color-swatches","customizable-products","delivery-time","mega-menu","newsletter-popup","product-bullet-points","product-swatches","product-tabs","quantity-breaks","size-chart","social-discount","upsell-popup"]}