{"type":"footer","name":"Footer group","sections":{"footer":{"type":"footer","blocks":{"77caeadf-1f8d-4479-9624-8676a5312f04":{"type":"link_list","settings":{"heading":"","column_width":1,"title":"Quick Links","subheading":"","menu":"footer"}},"1d2e0af9-78da-4426-8a1c-51e6ac486e73":{"type":"text","settings":{"heading":"","column_width":2,"title":"About Us","subheading":"","text":"<p>Welcome to Living Oasis —your go-to place for reliable, high quality, affordable and easy-to-use home goods in Australia. <\/p>","logo_url":"","logo_width":150,"show_email":false,"show_phone":false,"show_social_media":false}}},"block_order":["77caeadf-1f8d-4479-9624-8676a5312f04","1d2e0af9-78da-4426-8a1c-51e6ac486e73"],"settings":{"show_social_media":false,"social_media_position_desktop":"right","social_media_title":"","show_payment_icons":true,"custom_credential":""}}},"order":["footer"]}