{"type":"header","name":"Header group","sections":{"header":{"type":"header","settings":{"menu":"main-menu","type":"center","enable_logo_link":true,"logo_default":"shopify:\/\/shop_images\/LIVING_OASIS_LOGO_2_2.jpg","logo_mobile":"shopify:\/\/shop_images\/LIVING_OASIS_LOGO_2_2.jpg","logo_width_desktop":350,"logo_width_mobile":106}},"drawer-menu":{"type":"drawer-menu","settings":{"toggle_submenu_on_links":true,"show_email":true,"show_phone":true,"show_social_medias":true,"show_menu_icon":false,"heading":"Menu","primary_menu":"main-menu","secondary_menu":"footer"}},"menu-bar":{"type":"dbtfy-menu-bar","settings":{}}},"order":["header","drawer-menu","menu-bar"]}